ISO-10303-21;
HEADER;
FILE_DESCRIPTION (( 'STEP AP203' ),
    '1' );
FILE_NAME ('Part_2_ARM_2_Default_sldprt.STEP',
    '2026-08-12T06:34:38',
    ( '' ),
    ( '' ),
    'SwSTEP 2.0',
    'SolidWorks 2025',
    '' );
FILE_SCHEMA (( 'CONFIG_CONTROL_DESIGN' ));
ENDSEC;

DATA;
#1 = CARTESIAN_POINT ( 'NONE',  ( -87.71376669570965134, 15.66895805025824551, 12.42226674930539687 ) ) ;
#2 = ORIENTED_EDGE ( 'NONE', *, *, #737, .T. ) ;
#3 = CARTESIAN_POINT ( 'NONE',  ( 84.94809151948621206, 4.999730543704337116, -7.500000000000000000 ) ) ;
#4 = ADVANCED_FACE ( 'NONE', ( #1239 ), #1467, .F. ) ;
#5 = ORIENTED_EDGE ( 'NONE', *, *, #1601, .F. ) ;
#6 = CARTESIAN_POINT ( 'NONE',  ( 114.2717850429519331, 5.000000000000000000, -18.34525935130896102 ) ) ;
#7 = APPROVAL_DATE_TIME ( #2256, #1743 ) ;
#8 = EDGE_LOOP ( 'NONE', ( #2540, #325, #167, #2935 ) ) ;
#9 = CARTESIAN_POINT ( 'NONE',  ( -70.69655117981081105, 8.225652062191098679, 10.00000000000000000 ) ) ;
#10 = DIRECTION ( 'NONE',  ( -0.000000000000000000, -1.000000000000000000, 0.000000000000000000 ) ) ;
#11 = EDGE_CURVE ( 'NONE', #2795, #505, #2437, .T. ) ;
#12 = CARTESIAN_POINT ( 'NONE',  ( -85.00000000000000000, 0.000000000000000000, -17.50000000000000000 ) ) ;
#13 = ORIENTED_EDGE ( 'NONE', *, *, #1485, .T. ) ;
#14 = VECTOR ( 'NONE', #187, 1000.000000000000000 ) ;
#15 = DIRECTION ( 'NONE',  ( -0.000000000000000000, 0.000000000000000000, 1.000000000000000000 ) ) ;
#16 = ORIENTED_EDGE ( 'NONE', *, *, #1732, .F. ) ;
#17 = CARTESIAN_POINT ( 'NONE',  ( 86.22116487098573145, 5.000000000000000000, -7.791204200782360978 ) ) ;
#18 = ORIENTED_EDGE ( 'NONE', *, *, #2059, .T. ) ;
#19 = CARTESIAN_POINT ( 'NONE',  ( 86.64615076076552214, -5.000000000000000000, 7.692492552301403386 ) ) ;
#20 = AXIS2_PLACEMENT_3D ( 'NONE', #531, #2839, #1524 ) ;
#21 = EDGE_CURVE ( 'NONE', #3133, #2947, #1552, .T. ) ;
#22 = ORIENTED_EDGE ( 'NONE', *, *, #1619, .T. ) ;
#23 = DIRECTION ( 'NONE',  ( 0.000000000000000000, 0.000000000000000000, -1.000000000000000000 ) ) ;
#24 = DIRECTION ( 'NONE',  ( 0.5446390350150198678, -0.8386705679454287132, 0.000000000000000000 ) ) ;
#25 = CIRCLE ( 'NONE', #3241, 15.50000000000000000 ) ;
#26 = TOROIDAL_SURFACE ( 'NONE', #1972, 15.50000000000000711, 1.000000000000000000 ) ;
#27 = AXIS2_PLACEMENT_3D ( 'NONE', #602, #1412, #2413 ) ;
#28 = CARTESIAN_POINT ( 'NONE',  ( -68.90967611852357777, 2.999999999999999556, 7.500000000000000888 ) ) ;
#29 = ORIENTED_EDGE ( 'NONE', *, *, #621, .T. ) ;
#30 = CC_DESIGN_APPROVAL ( #1635, ( #3148 ) ) ;
#31 = EDGE_CURVE ( 'NONE', #1991, #746, #2241, .T. ) ;
#32 = CARTESIAN_POINT ( 'NONE',  ( -81.87175605536334899, 19.75383734424388038, -5.000000000000108358 ) ) ;
#33 = AXIS2_PLACEMENT_3D ( 'NONE', #1869, #3120, #1850 ) ;
#34 = ORIENTED_EDGE ( 'NONE', *, *, #1139, .F. ) ;
#35 = DIRECTION ( 'NONE',  ( -0.000000000000000000, 0.000000000000000000, 1.000000000000000000 ) ) ;
#36 = VERTEX_POINT ( 'NONE', #943 ) ;
#37 = CIRCLE ( 'NONE', #3196, 16.50000000000000000 ) ;
#38 = DIRECTION ( 'NONE',  ( 1.000000000000000000, 0.000000000000000000, 0.000000000000000000 ) ) ;
#39 = CIRCLE ( 'NONE', #1030, 1.999999999999988010 ) ;
#40 = ORIENTED_EDGE ( 'NONE', *, *, #102, .T. ) ;
#41 = CARTESIAN_POINT ( 'NONE',  ( 86.64615076076553635, -5.000000000000000000, -7.692492552301389175 ) ) ;
#42 = DIRECTION ( 'NONE',  ( -0.000000000000000000, 0.000000000000000000, 1.000000000000000000 ) ) ;
#43 = DIRECTION ( 'NONE',  ( 0.000000000000000000, -0.000000000000000000, -1.000000000000000000 ) ) ;
#44 = ORIENTED_EDGE ( 'NONE', *, *, #21, .F. ) ;
#45 = EDGE_CURVE ( 'NONE', #1259, #384, #2493, .T. ) ;
#46 = CARTESIAN_POINT ( 'NONE',  ( -81.27008950380860597, 15.04452617035184225, 12.50000000000000000 ) ) ;
#47 = ORIENTED_EDGE ( 'NONE', *, *, #2794, .F. ) ;
#48 = LINE ( 'NONE', #1804, #3115 ) ;
#49 = EDGE_CURVE ( 'NONE', #574, #1398, #3266, .T. ) ;
#50 = ORIENTED_EDGE ( 'NONE', *, *, #2339, .T. ) ;
#51 = DIRECTION ( 'NONE',  ( -0.000000000000000000, 0.000000000000000000, 1.000000000000000000 ) ) ;
#52 = ORIENTED_EDGE ( 'NONE', *, *, #1544, .F. ) ;
#53 = CARTESIAN_POINT ( 'NONE',  ( 88.20169773409799063, -5.000000000000000000, 7.140440775905704029 ) ) ;
#54 = CARTESIAN_POINT ( 'NONE',  ( 92.48186696508804516, 0.5212165745736817568, 0.5147233411117762003 ) ) ;
#55 = CARTESIAN_POINT ( 'NONE',  ( 86.53480935887021985, 5.000000000000000000, -7.738005436009487426 ) ) ;
#56 = VERTEX_POINT ( 'NONE', #725 ) ;
#57 = B_SPLINE_CURVE_WITH_KNOTS ( 'NONE', 3,
 ( #2490, #3011, #1211, #2219 ),
 .UNSPECIFIED., .F., .F.,
 ( 4, 4 ),
 ( 0.000000000000000000, 0.0002754113282231137640 ),
 .UNSPECIFIED. ) ;
#58 = CARTESIAN_POINT ( 'NONE',  ( -79.87450157486659919, -15.68372614827086586, 7.500000000000000888 ) ) ;
#59 = VECTOR ( 'NONE', #866, 1000.000000000000000 ) ;
#60 = EDGE_CURVE ( 'NONE', #1764, #729, #2232, .T. ) ;
#61 = CARTESIAN_POINT ( 'NONE',  ( 90.31246819652605495, 5.294117647058822484, 5.045170085417467476 ) ) ;
#62 = ORIENTED_EDGE ( 'NONE', *, *, #2632, .F. ) ;
#63 = CARTESIAN_POINT ( 'NONE',  ( 84.94809151948621206, 4.999730543704338892, 7.500000000000000000 ) ) ;
#64 = EDGE_CURVE ( 'NONE', #1364, #483, #2228, .T. ) ;
#65 = ORIENTED_EDGE ( 'NONE', *, *, #590, .T. ) ;
#66 = CARTESIAN_POINT ( 'NONE',  ( -96.17312186763123805, -15.81047024906478349, 7.500000000000000888 ) ) ;
#67 = EDGE_CURVE ( 'NONE', #2063, #1042, #1077, .T. ) ;
#68 = VERTEX_POINT ( 'NONE', #446 ) ;
#69 = DIRECTION ( 'NONE',  ( 1.000000000000000000, 0.000000000000000000, 0.000000000000000000 ) ) ;
#70 = CARTESIAN_POINT ( 'NONE',  ( 92.49999999126058015, -0.0003620654552515808556, 1.342346769779183546 ) ) ;
#71 = VECTOR ( 'NONE', #879, 1000.000000000000000 ) ;
#72 = AXIS2_PLACEMENT_3D ( 'NONE', #195, #1196, #3215 ) ;
#73 = CARTESIAN_POINT ( 'NONE',  ( 86.75956279800942639, 5.327657780810728383, -6.900878100271290450 ) ) ;
#74 = ORIENTED_EDGE ( 'NONE', *, *, #1310, .T. ) ;
#75 = AXIS2_PLACEMENT_3D ( 'NONE', #3132, #872, #2879 ) ;
#76 = CARTESIAN_POINT ( 'NONE',  ( 104.9108722611873219, -5.000000000000000000, 0.6711734656912400343 ) ) ;
#77 = DIRECTION ( 'NONE',  ( 1.000000000000000000, 0.000000000000000000, 0.000000000000000000 ) ) ;
#78 = AXIS2_PLACEMENT_3D ( 'NONE', #1444, #2448, #1627 ) ;
#79 = ORIENTED_EDGE ( 'NONE', *, *, #11, .F. ) ;
#80 = AXIS2_PLACEMENT_3D ( 'NONE', #1382, #2385, #137 ) ;
#81 = LINE ( 'NONE', #1076, #1648 ) ;
#82 = CC_DESIGN_APPROVAL ( #1453, ( #2076 ) ) ;
#83 = VERTEX_POINT ( 'NONE', #980 ) ;
#84 = CARTESIAN_POINT ( 'NONE',  ( -69.56537076352196891, 5.447085729384806285, 7.500000000000000888 ) ) ;
#85 = ORIENTED_EDGE ( 'NONE', *, *, #454, .F. ) ;
#86 = CARTESIAN_POINT ( 'NONE',  ( 87.75286778355622630, -5.370394767921373713, -6.471732438954786559 ) ) ;
#87 = CARTESIAN_POINT ( 'NONE',  ( 92.48516958785265274, 0.4796825434884701145, 0.9856549982170850210 ) ) ;
#88 = AXIS2_PLACEMENT_3D ( 'NONE', #2425, #1735, #684 ) ;
#89 = CARTESIAN_POINT ( 'NONE',  ( 87.93900537519152749, 5.379293173214451329, -6.378489750300993855 ) ) ;
#90 = EDGE_LOOP ( 'NONE', ( #1576, #2887, #2732, #2577 ) ) ;
#91 = PRODUCT_RELATED_PRODUCT_CATEGORY ( 'detail', '', ( #2993 ) ) ;
#92 = CARTESIAN_POINT ( 'NONE',  ( 89.26256137844103478, 4.999999999999591438, 5.974000049536935641 ) ) ;
#93 = ORIENTED_EDGE ( 'NONE', *, *, #2689, .T. ) ;
#94 = DIRECTION ( 'NONE',  ( 0.000000000000000000, 0.000000000000000000, 1.000000000000000000 ) ) ;
#95 = VERTEX_POINT ( 'NONE', #2013 ) ;
#96 = DIRECTION ( 'NONE',  ( 0.1106001253229222103, 0.6984036170285894407, -0.7071067811865031638 ) ) ;
#97 = CARTESIAN_POINT ( 'NONE',  ( 112.5000000000000000, 5.000000000000000000, -15.00000000000000000 ) ) ;
#98 = CARTESIAN_POINT ( 'NONE',  ( -80.00000000000000000, 0.000000000000000000, -17.50000000000000000 ) ) ;
#99 = CARTESIAN_POINT ( 'NONE',  ( 90.71231986758085952, 4.999999999999995559, -4.923322791638161888 ) ) ;
#100 = ORIENTED_EDGE ( 'NONE', *, *, #555, .T. ) ;
#101 = LINE ( 'NONE', #1357, #1157 ) ;
#102 = EDGE_CURVE ( 'NONE', #1195, #1925, #1769, .T. ) ;
#103 = CARTESIAN_POINT ( 'NONE',  ( 88.27945977710842840, 5.000000000000000000, 7.085648271599295889 ) ) ;
#104 = VECTOR ( 'NONE', #1422, 999.9999999999998863 ) ;
#105 = CARTESIAN_POINT ( 'NONE',  ( 92.49211301019248310, -0.3467336150757638902, 1.179966852820882650 ) ) ;
#106 = DIRECTION ( 'NONE',  ( -0.000000000000000000, -1.000000000000000000, -0.000000000000000000 ) ) ;
#107 = EDGE_LOOP ( 'NONE', ( #2113, #1833, #2060, #247, #1286 ) ) ;
#108 = CARTESIAN_POINT ( 'NONE',  ( -75.54072982169603279, -16.89176809748923347, 7.500000000000000888 ) ) ;
#109 = ORIENTED_EDGE ( 'NONE', *, *, #1388, .F. ) ;
#110 = CARTESIAN_POINT ( 'NONE',  ( 86.32290628115657682, -4.821816978202035919, -7.500000000000000000 ) ) ;
#111 = CARTESIAN_POINT ( 'NONE',  ( -94.28516069448170356, -13.47903236469386457, 11.50000000000000000 ) ) ;
#112 = CARTESIAN_POINT ( 'NONE',  ( -68.90967611852357777, 2.999999999999999556, 11.50000000000000000 ) ) ;
#113 = ADVANCED_FACE ( 'NONE', ( #1704 ), #3018, .T. ) ;
#114 = DIRECTION ( 'NONE',  ( -0.000000000000000000, -0.000000000000000000, -1.000000000000000000 ) ) ;
#115 = ADVANCED_FACE ( 'NONE', ( #2684 ), #2707, .F. ) ;
#116 = ORIENTED_EDGE ( 'NONE', *, *, #1244, .T. ) ;
#117 = LINE ( 'NONE', #3154, #3008 ) ;
#118 = VECTOR ( 'NONE', #1697, 1000.000000000000114 ) ;
#119 = CARTESIAN_POINT ( 'NONE',  ( 86.85170829734205711, 5.000000000000000000, 7.184358388608266921 ) ) ;
#120 = EDGE_CURVE ( 'NONE', #2619, #2899, #1600, .T. ) ;
#121 = VECTOR ( 'NONE', #359, 1000.000000000000000 ) ;
#122 = VECTOR ( 'NONE', #2666, 1000.000000000000000 ) ;
#123 = CARTESIAN_POINT ( 'NONE',  ( -82.26278654844297478, 17.28460767621308136, 7.500000000000000888 ) ) ;
#124 = AXIS2_PLACEMENT_3D ( 'NONE', #3109, #2080, #299 ) ;
#125 = EDGE_LOOP ( 'NONE', ( #3122, #2740, #508, #1781 ) ) ;
#126 = CYLINDRICAL_SURFACE ( 'NONE', #3172, 3.000000000000016431 ) ;
#127 = ADVANCED_FACE ( 'NONE', ( #1725 ), #862, .T. ) ;
#128 = ORIENTED_EDGE ( 'NONE', *, *, #2346, .F. ) ;
#129 = CARTESIAN_POINT ( 'NONE',  ( -87.15383464432285621, -17.36695126741936690, 7.500000000000000000 ) ) ;
#130 = DIRECTION ( 'NONE',  ( -0.000000000000000000, -1.000000000000000000, -0.000000000000000000 ) ) ;
#131 = CARTESIAN_POINT ( 'NONE',  ( -79.92795239962761400, 15.70109337401561334, 11.50000000000000000 ) ) ;
#132 = ORIENTED_EDGE ( 'NONE', *, *, #1837, .T. ) ;
#133 = ORIENTED_EDGE ( 'NONE', *, *, #1658, .F. ) ;
#134 = CARTESIAN_POINT ( 'NONE',  ( -68.50002392889005876, 0.02810076154515775068, 10.00000000000000000 ) ) ;
#135 = AXIS2_PLACEMENT_3D ( 'NONE', #1857, #1366, #1130 ) ;
#136 = DIRECTION ( 'NONE',  ( -0.000000000000000000, -0.000000000000000000, -1.000000000000000000 ) ) ;
#137 = DIRECTION ( 'NONE',  ( 1.000000000000000000, 0.000000000000000000, 0.000000000000000000 ) ) ;
#138 = DIRECTION ( 'NONE',  ( 0.000000000000000000, 0.000000000000000000, 1.000000000000000000 ) ) ;
#139 = DIRECTION ( 'NONE',  ( 1.000000000000000000, 0.000000000000000000, 0.000000000000000000 ) ) ;
#140 = EDGE_LOOP ( 'NONE', ( #2751, #444, #2953, #2132 ) ) ;
#141 = LINE ( 'NONE', #1641, #1966 ) ;
#142 = EDGE_CURVE ( 'NONE', #1679, #1745, #1025, .T. ) ;
#143 = EDGE_LOOP ( 'NONE', ( #29, #2501, #1251, #470 ) ) ;
#144 = DIRECTION ( 'NONE',  ( -1.000000000000000000, 0.000000000000000000, 0.000000000000000000 ) ) ;
#145 = DIRECTION ( 'NONE',  ( 1.000000000000000000, 0.000000000000000000, 0.000000000000000000 ) ) ;
#146 = DIRECTION ( 'NONE',  ( -0.000000000000000000, -0.000000000000000000, -1.000000000000000000 ) ) ;
#147 = DIRECTION ( 'NONE',  ( 1.000000000000000000, 0.000000000000000000, 0.000000000000000000 ) ) ;
#148 = CARTESIAN_POINT ( 'NONE',  ( 104.9108722611873219, 5.000000000000000000, -0.6711734656911141350 ) ) ;
#149 = ORIENTED_EDGE ( 'NONE', *, *, #313, .F. ) ;
#150 = ORIENTED_EDGE ( 'NONE', *, *, #2299, .F. ) ;
#151 = CARTESIAN_POINT ( 'NONE',  ( -85.30625172931598854, 18.35970584165824704, 12.50000000000000000 ) ) ;
#152 = CARTESIAN_POINT ( 'NONE',  ( 112.4999999999999716, -5.000000000000000000, 11.21450368300968670 ) ) ;
#153 = CARTESIAN_POINT ( 'NONE',  ( 86.00526615650277051, 5.207007036429059710, 7.197057925133650613 ) ) ;
#154 = ADVANCED_FACE ( 'NONE', ( #1529 ), #1546, .T. ) ;
#155 = DIRECTION ( 'NONE',  ( -0.000000000000000000, -0.000000000000000000, -1.000000000000000000 ) ) ;
#156 = VERTEX_POINT ( 'NONE', #1322 ) ;
#157 = DIRECTION ( 'NONE',  ( 0.000000000000000000, 0.000000000000000000, 1.000000000000000000 ) ) ;
#158 = VECTOR ( 'NONE', #489, 1000.000000000000000 ) ;
#159 = CIRCLE ( 'NONE', #2007, 1.000000000000001554 ) ;
#160 = ORIENTED_EDGE ( 'NONE', *, *, #1807, .T. ) ;
#161 = CARTESIAN_POINT ( 'NONE',  ( -81.11427296000124443, 15.10092700737623694, 12.49999999999999822 ) ) ;
#162 = DIRECTION ( 'NONE',  ( 1.000000000000000000, 0.000000000000000000, 0.000000000000000000 ) ) ;
#163 = CARTESIAN_POINT ( 'NONE',  ( -94.28516069448170356, -13.47903236469386457, 12.50000000000000000 ) ) ;
#164 = ADVANCED_FACE ( 'NONE', ( #2508 ), #2291, .F. ) ;
#165 = CARTESIAN_POINT ( 'NONE',  ( -100.2609498195043614, 2.711717279985235596, 12.50000000000000000 ) ) ;
#166 = EDGE_LOOP ( 'NONE', ( #1994, #974, #2550, #1808 ) ) ;
#167 = ORIENTED_EDGE ( 'NONE', *, *, #290, .F. ) ;
#168 = DIRECTION ( 'NONE',  ( 0.8386705679454287132, 0.5446390350150198678, -0.000000000000000000 ) ) ;
#169 = CARTESIAN_POINT ( 'NONE',  ( 86.04452019711024491, -5.136954488553406861, -7.310191746953391245 ) ) ;
#170 = AXIS2_PLACEMENT_3D ( 'NONE', #2813, #275, #768 ) ;
#171 = CARTESIAN_POINT ( 'NONE',  ( 92.48515665463604307, -0.4798747940550081581, 0.3571581916130424639 ) ) ;
#172 = AXIS2_PLACEMENT_3D ( 'NONE', #2955, #2417, #2921 ) ;
#173 = EDGE_LOOP ( 'NONE', ( #1472, #3141, #2582, #274, #184, #3144 ) ) ;
#174 = CARTESIAN_POINT ( 'NONE',  ( 86.29829109634820838, -5.318027365858641886, -7.027985582126376585 ) ) ;
#175 = AXIS2_PLACEMENT_3D ( 'NONE', #2861, #2079, #354 ) ;
#176 = CARTESIAN_POINT ( 'NONE',  ( -98.36527826152267551, 9.675708604131774138, 7.500000000000000888 ) ) ;
#177 = VECTOR ( 'NONE', #391, 1000.000000000000000 ) ;
#178 = EDGE_LOOP ( 'NONE', ( #2368, #319, #2423, #2464 ) ) ;
#179 = DIRECTION ( 'NONE',  ( -0.000000000000000000, -0.000000000000000000, 1.000000000000000000 ) ) ;
#180 = CARTESIAN_POINT ( 'NONE',  ( -70.71572669991549276, 8.170788189791320377, 11.83148804205153404 ) ) ;
#181 = DIRECTION ( 'NONE',  ( -1.000000000000000000, 0.000000000000000000, 0.000000000000000000 ) ) ;
#182 = CARTESIAN_POINT ( 'NONE',  ( 85.00000000000000000, 3.122849337825751327E-14, 5.000000000000219380 ) ) ;
#183 = DIRECTION ( 'NONE',  ( 0.000000000000000000, 0.000000000000000000, -1.000000000000000000 ) ) ;
#184 = ORIENTED_EDGE ( 'NONE', *, *, #1976, .T. ) ;
#185 = DIRECTION ( 'NONE',  ( 1.000000000000000000, 0.000000000000000000, 0.000000000000000000 ) ) ;
#186 = DIRECTION ( 'NONE',  ( 0.6293203910498461617, 0.7771459614569637964, 0.000000000000000000 ) ) ;
#187 = DIRECTION ( 'NONE',  ( 0.000000000000000000, 0.000000000000000000, 1.000000000000000000 ) ) ;
#188 = ADVANCED_FACE ( 'NONE', ( #803 ), #1264, .T. ) ;
#189 = CARTESIAN_POINT ( 'NONE',  ( 86.12946923707755786, -5.028283074723606916, -7.546833753299893921 ) ) ;
#190 = EDGE_LOOP ( 'NONE', ( #1532, #2460, #477, #2629, #2189, #2573 ) ) ;
#191 = ADVANCED_FACE ( 'NONE', ( #2045 ), #2599, .T. ) ;
#192 = AXIS2_PLACEMENT_3D ( 'NONE', #2789, #2833, #301 ) ;
#193 = CARTESIAN_POINT ( 'NONE',  ( -79.77330014237766420, -15.45205274091500947, 12.10367703706569564 ) ) ;
#194 = ORIENTED_EDGE ( 'NONE', *, *, #1464, .T. ) ;
#195 = CARTESIAN_POINT ( 'NONE',  ( -75.04995088630195710, -12.99596265175510723, 7.500000000000000888 ) ) ;
#196 = ORIENTED_EDGE ( 'NONE', *, *, #2367, .T. ) ;
#197 = CARTESIAN_POINT ( 'NONE',  ( -85.00000000000000000, 0.000000000000000000, 7.500000000000000000 ) ) ;
#198 = CARTESIAN_POINT ( 'NONE',  ( 114.2717850429519046, 5.000000000000000000, 18.34525935130909957 ) ) ;
#199 = EDGE_CURVE ( 'NONE', #2143, #1863, #973, .T. ) ;
#200 = ORIENTED_EDGE ( 'NONE', *, *, #2738, .T. ) ;
#201 = DIRECTION ( 'NONE',  ( 0.000000000000000000, 0.000000000000000000, -1.000000000000000000 ) ) ;
#202 = DIRECTION ( 'NONE',  ( 0.3583679495452863906, 0.9335804264972070721, -1.226112183241818487E-14 ) ) ;
#203 = ADVANCED_FACE ( 'NONE', ( #2559, #309 ), #3045, .F. ) ;
#204 = DIRECTION ( 'NONE',  ( 0.000000000000000000, 0.000000000000000000, 1.000000000000000000 ) ) ;
#205 = EDGE_CURVE ( 'NONE', #771, #1896, #2936, .T. ) ;
#206 = CARTESIAN_POINT ( 'NONE',  ( -79.35478664864281484, -14.64285724049952542, 12.48730321279972699 ) ) ;
#207 = ORIENTED_EDGE ( 'NONE', *, *, #2512, .F. ) ;
#208 = CARTESIAN_POINT ( 'NONE',  ( 85.00000000000000000, 3.122849337825751327E-14, 7.500000000000000000 ) ) ;
#209 = VERTEX_POINT ( 'NONE', #567 ) ;
#210 = DIRECTION ( 'NONE',  ( -0.000000000000000000, -0.000000000000000000, -1.000000000000000000 ) ) ;
#211 = DIRECTION ( 'NONE',  ( 1.000000000000000000, 1.156482317317870344E-15, 0.000000000000000000 ) ) ;
#212 = VECTOR ( 'NONE', #881, 999.9999999999998863 ) ;
#213 = APPROVAL_STATUS ( 'not_yet_approved' ) ;
#214 = AXIS2_PLACEMENT_3D ( 'NONE', #406, #1163, #1409 ) ;
#215 = VERTEX_POINT ( 'NONE', #1049 ) ;
#216 = CARTESIAN_POINT ( 'NONE',  ( 86.73138387460357990, 5.326741202941969178, 6.908645687347807929 ) ) ;
#217 = EDGE_CURVE ( 'NONE', #215, #2570, #2245, .T. ) ;
#218 = CARTESIAN_POINT ( 'NONE',  ( -81.87175605536334899, 19.75383734424388038, 5.000000000000219380 ) ) ;
#219 = CARTESIAN_POINT ( 'NONE',  ( -65.90967611852357777, 2.999999999999999556, 7.500000000000000888 ) ) ;
#220 = EDGE_CURVE ( 'NONE', #830, #1559, #757, .T. ) ;
#221 = CARTESIAN_POINT ( 'NONE',  ( 91.02079728939611414, -5.000000000000000000, 5.414213562373327626 ) ) ;
#222 = ADVANCED_FACE ( 'NONE', ( #2544 ), #1389, .T. ) ;
#223 = CARTESIAN_POINT ( 'NONE',  ( 85.97379191754151861, -5.317897017293774731, 7.113723254020303699 ) ) ;
#224 = EDGE_CURVE ( 'NONE', #2636, #2880, #772, .T. ) ;
#225 = VERTEX_POINT ( 'NONE', #1876 ) ;
#226 = DIRECTION ( 'NONE',  ( -0.000000000000000000, -0.000000000000000000, -1.000000000000000000 ) ) ;
#227 = TOROIDAL_SURFACE ( 'NONE', #170, 2.000000000000001776, 1.000000000000000000 ) ;
#228 = ORIENTED_EDGE ( 'NONE', *, *, #1807, .F. ) ;
#229 = DIRECTION ( 'NONE',  ( -0.000000000000000000, -0.000000000000000000, -1.000000000000000000 ) ) ;
#230 = FACE_OUTER_BOUND ( 'NONE', #1255, .T. ) ;
#231 = MECHANICAL_CONTEXT ( 'NONE', #3242, 'mechanical' ) ;
#232 = VECTOR ( 'NONE', #1287, 1000.000000000000114 ) ;
#233 = CIRCLE ( 'NONE', #442, 3.000000000000016431 ) ;
#234 = CIRCLE ( 'NONE', #380, 7.499999999999992895 ) ;
#235 = ORIENTED_EDGE ( 'NONE', *, *, #199, .T. ) ;
#236 = AXIS2_PLACEMENT_3D ( 'NONE', #1550, #43, #312 ) ;
#237 = CARTESIAN_POINT ( 'NONE',  ( 88.06041551899262743, -5.385144633856389973, 6.310969890042547270 ) ) ;
#238 = MANIFOLD_SOLID_BREP ( 'Fillet3', #2714 ) ;
#239 = CARTESIAN_POINT ( 'NONE',  ( -102.5000000000001279, 0.000000000000000000, 7.500000000000000000 ) ) ;
#240 = ADVANCED_FACE ( 'NONE', ( #600 ), #2915, .T. ) ;
#241 = DIRECTION ( 'NONE',  ( 0.3583679495452939956, 0.9335804264972041855, -3.353850478354004418E-15 ) ) ;
#242 = VECTOR ( 'NONE', #1752, 1000.000000000000000 ) ;
#243 = CARTESIAN_POINT ( 'NONE',  ( 86.66572315637034762, 5.000000000000000000, 7.702542085610273759 ) ) ;
#244 = ORIENTED_EDGE ( 'NONE', *, *, #863, .F. ) ;
#245 = CARTESIAN_POINT ( 'NONE',  ( 0.7782335887233796656, 14.84958148141508083, 7.500000000000000888 ) ) ;
#246 = VECTOR ( 'NONE', #472, 1000.000000000000000 ) ;
#247 = ORIENTED_EDGE ( 'NONE', *, *, #2010, .T. ) ;
#248 = CARTESIAN_POINT ( 'NONE',  ( 86.50606823137717072, -5.000000000000000000, 7.729555763903091403 ) ) ;
#249 = ADVANCED_FACE ( 'NONE', ( #1626 ), #1818, .T. ) ;
#250 = DIRECTION ( 'NONE',  ( 1.000000000000000000, 0.000000000000000000, 0.000000000000000000 ) ) ;
#251 = B_SPLINE_CURVE_WITH_KNOTS ( 'NONE', 3,
 ( #1645, #1699, #1911, #923, #634, #3147 ),
 .UNSPECIFIED., .F., .F.,
 ( 4, 2, 4 ),
 ( 2.453269466693398698E-18, 0.0004012808083570725297, 0.0008025616167141426741 ),
 .UNSPECIFIED. ) ;
#252 = ORIENTED_EDGE ( 'NONE', *, *, #695, .F. ) ;
#253 = DIRECTION ( 'NONE',  ( 0.000000000000000000, -0.000000000000000000, 1.000000000000000000 ) ) ;
#254 = CARTESIAN_POINT ( 'NONE',  ( 85.97379191754154704, -5.317897017293767625, -7.113723254020295705 ) ) ;
#255 = CARTESIAN_POINT ( 'NONE',  ( 91.02079728939618519, 5.000000000000000000, -5.414213562373198840 ) ) ;
#256 = VERTEX_POINT ( 'NONE', #654 ) ;
#257 = CARTESIAN_POINT ( 'NONE',  ( 86.13555850057896635, -5.317961944283934095, 7.071023222443397316 ) ) ;
#258 = ORIENTED_EDGE ( 'NONE', *, *, #713, .F. ) ;
#259 = CARTESIAN_POINT ( 'NONE',  ( 87.92901370588333521, 5.000000000000000000, -7.248565779458848723 ) ) ;
#260 = EDGE_CURVE ( 'NONE', #2570, #1778, #1892, .T. ) ;
#261 = ORIENTED_EDGE ( 'NONE', *, *, #3253, .T. ) ;
#262 = CARTESIAN_POINT ( 'NONE',  ( 110.7282149570480669, 5.000000000000000000, -11.65474064869103010 ) ) ;
#263 = APPROVAL_STATUS ( 'not_yet_approved' ) ;
#264 = EDGE_LOOP ( 'NONE', ( #1998, #306, #79, #2712 ) ) ;
#265 = EDGE_CURVE ( 'NONE', #533, #2947, #3105, .T. ) ;
#266 = B_SPLINE_CURVE_WITH_KNOTS ( 'NONE', 3,
 ( #2786, #3006, #524, #1531, #743, #714, #2469, #221 ),
 .UNSPECIFIED., .F., .F.,
 ( 4, 2, 2, 4 ),
 ( 0.000000000000000000, 0.0004323526942010903263, 0.0006485290413016525386, 0.0008647053884022148050 ),
 .UNSPECIFIED. ) ;
#267 = DIRECTION ( 'NONE',  ( -0.000000000000000000, 0.000000000000000000, 1.000000000000000000 ) ) ;
#268 = CARTESIAN_POINT ( 'NONE',  ( -91.85550479632084375, -14.69462409272971115, 12.21125264017294931 ) ) ;
#269 = DIRECTION ( 'NONE',  ( -0.000000000000000000, -1.000000000000000000, -0.000000000000000000 ) ) ;
#270 = ORIENTED_EDGE ( 'NONE', *, *, #1678, .T. ) ;
#271 = AXIS2_PLACEMENT_3D ( 'NONE', #2449, #2225, #1985 ) ;
#272 = CARTESIAN_POINT ( 'NONE',  ( 86.17655336610664563, -5.000000000000000888, 7.674344916523073934 ) ) ;
#273 = ORIENTED_EDGE ( 'NONE', *, *, #2895, .F. ) ;
#274 = ORIENTED_EDGE ( 'NONE', *, *, #630, .F. ) ;
#275 = DIRECTION ( 'NONE',  ( 0.000000000000000000, 0.000000000000000000, 1.000000000000000000 ) ) ;
#276 = AXIS2_PLACEMENT_3D ( 'NONE', #1247, #1714, #1941 ) ;
#277 = ORIENTED_EDGE ( 'NONE', *, *, #3139, .T. ) ;
#278 = AXIS2_PLACEMENT_3D ( 'NONE', #2881, #1258, #792 ) ;
#279 = CARTESIAN_POINT ( 'NONE',  ( 86.64615076076552214, -5.000000000000000000, 7.692492552301403386 ) ) ;
#280 = CARTESIAN_POINT ( 'NONE',  ( 86.48416552009702229, -5.000000000000000000, -7.735350810758375495 ) ) ;
#281 = AXIS2_PLACEMENT_3D ( 'NONE', #148, #1700, #924 ) ;
#282 = AXIS2_PLACEMENT_3D ( 'NONE', #2562, #1295, #788 ) ;
#283 = CARTESIAN_POINT ( 'NONE',  ( 104.9108722611873219, 5.000000000000000000, -0.6711734656911141350 ) ) ;
#284 = VERTEX_POINT ( 'NONE', #1591 ) ;
#285 = EDGE_CURVE ( 'NONE', #1687, #1061, #550, .T. ) ;
#286 = CARTESIAN_POINT ( 'NONE',  ( 104.9108722611873219, 5.000000000000000000, -0.6711734656911141350 ) ) ;
#287 = CONICAL_SURFACE ( 'NONE', #1117, 20.00000000000000355, 0.7853981633974447263 ) ;
#288 = ORIENTED_EDGE ( 'NONE', *, *, #782, .F. ) ;
#289 = DIRECTION ( 'NONE',  ( 0.000000000000000000, 0.000000000000000000, 1.000000000000000000 ) ) ;
#290 = EDGE_CURVE ( 'NONE', #2838, #1512, #1637, .T. ) ;
#291 = VERTEX_POINT ( 'NONE', #3128 ) ;
#292 = CARTESIAN_POINT ( 'NONE',  ( 90.54309692563342082, -5.501869801018306028, -4.689974722555653841 ) ) ;
#293 = AXIS2_PLACEMENT_3D ( 'NONE', #1073, #2564, #1285 ) ;
#294 = VERTEX_POINT ( 'NONE', #2343 ) ;
#295 = CARTESIAN_POINT ( 'NONE',  ( 87.45209740330977866, -5.000000000000000000, 7.479254177161650752 ) ) ;
#296 = DIRECTION ( 'NONE',  ( -0.000000000000000000, -0.000000000000000000, -1.000000000000000000 ) ) ;
#297 = ADVANCED_FACE ( 'NONE', ( #2119 ), #2411, .T. ) ;
#298 = DIRECTION ( 'NONE',  ( -0.000000000000000000, 0.000000000000000000, 1.000000000000000000 ) ) ;
#299 = DIRECTION ( 'NONE',  ( 1.000000000000000000, 0.000000000000000000, 0.000000000000000000 ) ) ;
#300 = VERTEX_POINT ( 'NONE', #2154 ) ;
#301 = DIRECTION ( 'NONE',  ( 1.000000000000000000, 0.000000000000000000, 0.000000000000000000 ) ) ;
#302 = CARTESIAN_POINT ( 'NONE',  ( 86.53485122832803711, 5.000000000000000000, 7.737998322065241297 ) ) ;
#303 = EDGE_LOOP ( 'NONE', ( #2254, #715, #3058, #659, #547 ) ) ;
#304 = DIRECTION ( 'NONE',  ( 0.000000000000000000, 0.000000000000000000, 1.000000000000000000 ) ) ;
#305 = EDGE_CURVE ( 'NONE', #1903, #1386, #1243, .T. ) ;
#306 = ORIENTED_EDGE ( 'NONE', *, *, #1041, .F. ) ;
#307 = DIRECTION ( 'NONE',  ( 0.000000000000000000, 0.000000000000000000, 1.000000000000000000 ) ) ;
#308 = ORIENTED_EDGE ( 'NONE', *, *, #2627, .F. ) ;
#309 = FACE_OUTER_BOUND ( 'NONE', #918, .T. ) ;
#310 = CARTESIAN_POINT ( 'NONE',  ( 92.49466847709062733, 0.2905813158657582496, 0.1056780089608185674 ) ) ;
#311 = DIRECTION ( 'NONE',  ( 0.000000000000000000, 0.000000000000000000, -1.000000000000000000 ) ) ;
#312 = DIRECTION ( 'NONE',  ( 1.000000000000000000, 0.000000000000000000, 0.000000000000000000 ) ) ;
#313 = EDGE_CURVE ( 'NONE', #842, #1925, #398, .T. ) ;
#314 = VERTEX_POINT ( 'NONE', #2860 ) ;
#315 = CIRCLE ( 'NONE', #1003, 17.50000000000012790 ) ;
#316 = DIRECTION ( 'NONE',  ( -0.000000000000000000, -0.000000000000000000, -1.000000000000000000 ) ) ;
#317 = CARTESIAN_POINT ( 'NONE',  ( 85.99608634006827401, 5.000000000000000888, 7.402795945459819116 ) ) ;
#318 = ADVANCED_FACE ( 'NONE', ( #389 ), #2141, .F. ) ;
#319 = ORIENTED_EDGE ( 'NONE', *, *, #1041, .T. ) ;
#320 = LINE ( 'NONE', #1790, #2968 ) ;
#321 = ORIENTED_EDGE ( 'NONE', *, *, #3265, .F. ) ;
#322 = LINE ( 'NONE', #1318, #430 ) ;
#323 = DATE_AND_TIME ( #1291, #386 ) ;
#324 = CC_DESIGN_DATE_AND_TIME_ASSIGNMENT ( #1983, #2986, ( #2076 ) ) ;
#325 = ORIENTED_EDGE ( 'NONE', *, *, #1222, .F. ) ;
#326 = DIRECTION ( 'NONE',  ( 1.000000000000000000, 0.000000000000000000, 0.000000000000000000 ) ) ;
#327 = DIRECTION ( 'NONE',  ( 1.000000000000000000, 0.000000000000000000, 0.000000000000000000 ) ) ;
#328 = AXIS2_PLACEMENT_3D ( 'NONE', #1439, #934, #953 ) ;
#329 = CARTESIAN_POINT ( 'NONE',  ( -94.28516069448170356, -13.47903236469386457, 11.50000000000000000 ) ) ;
#330 = CIRCLE ( 'NONE', #72, 3.000000000000002665 ) ;
#331 = CARTESIAN_POINT ( 'NONE',  ( 104.9108722611873219, -5.000000000000000000, -0.6711734656911141350 ) ) ;
#332 = ORIENTED_EDGE ( 'NONE', *, *, #142, .F. ) ;
#333 = VECTOR ( 'NONE', #2647, 1000.000000000000000 ) ;
#334 = CARTESIAN_POINT ( 'NONE',  ( -94.28516069448170356, -13.47903236469386457, 7.500000000000000888 ) ) ;
#335 = CARTESIAN_POINT ( 'NONE',  ( 92.49999620534840972, 0.07878529140466510039, -1.342276763311775811 ) ) ;
#336 = ORIENTED_EDGE ( 'NONE', *, *, #2389, .T. ) ;
#337 = CARTESIAN_POINT ( 'NONE',  ( -105.0000000000000142, 0.000000000000000000, 7.500000000000000000 ) ) ;
#338 = EDGE_LOOP ( 'NONE', ( #16, #1108, #1128 ) ) ;
#339 = CARTESIAN_POINT ( 'NONE',  ( 90.06813501496067431, -4.999999999998584244, 5.406733550680040246 ) ) ;
#340 = CARTESIAN_POINT ( 'NONE',  ( -85.00000000000000000, 0.000000000000000000, -7.500000000000000000 ) ) ;
#341 = EDGE_CURVE ( 'NONE', #2160, #515, #37, .T. ) ;
#342 = AXIS2_PLACEMENT_3D ( 'NONE', #2665, #1644, #2875 ) ;
#343 = DIRECTION ( 'NONE',  ( 1.000000000000000000, 0.000000000000000000, 0.000000000000000000 ) ) ;
#344 = CARTESIAN_POINT ( 'NONE',  ( 91.04740250652685063, 5.000000000000000000, -5.395347612263088344 ) ) ;
#345 = EDGE_LOOP ( 'NONE', ( #277, #1466 ) ) ;
#346 = DIRECTION ( 'NONE',  ( -0.000000000000000000, -0.000000000000000000, 1.000000000000000000 ) ) ;
#347 = CARTESIAN_POINT ( 'NONE',  ( 92.49209218411564848, -0.3471558660258026729, 0.1629186501144630483 ) ) ;
#348 = EDGE_CURVE ( 'NONE', #1497, #1289, #3135, .T. ) ;
#349 = ORIENTED_EDGE ( 'NONE', *, *, #1379, .T. ) ;
#350 = DIRECTION ( 'NONE',  ( 0.000000000000000000, 0.000000000000000000, 1.000000000000000000 ) ) ;
#351 = EDGE_LOOP ( 'NONE', ( #2234, #2095, #2204, #3030 ) ) ;
#352 = PLANE ( 'NONE',  #2053 ) ;
#353 = CARTESIAN_POINT ( 'NONE',  ( 112.4999999999999716, 5.000000000000000000, 11.21450368300968670 ) ) ;
#354 = DIRECTION ( 'NONE',  ( 1.000000000000000000, 0.000000000000000000, 0.000000000000000000 ) ) ;
#355 = EDGE_CURVE ( 'NONE', #215, #1459, #2477, .T. ) ;
#356 = CARTESIAN_POINT ( 'NONE',  ( 89.51245293259428593, 5.000000000000000000, -6.412824001468435675 ) ) ;
#357 = ORIENTED_EDGE ( 'NONE', *, *, #1369, .T. ) ;
#358 = CARTESIAN_POINT ( 'NONE',  ( -98.16107934159995807, 8.361989098029701140, 12.49999999999999822 ) ) ;
#359 = DIRECTION ( 'NONE',  ( -0.000000000000000000, -0.000000000000000000, -1.000000000000000000 ) ) ;
#360 = CONICAL_SURFACE ( 'NONE', #1522, 17.50000000000012790, 0.7853981633974670418 ) ;
#361 = CARTESIAN_POINT ( 'NONE',  ( -85.25391577307304658, 19.35833537641282476, 11.50000000000000000 ) ) ;
#362 = DIRECTION ( 'NONE',  ( 0.7771459614569664609, -0.6293203910498429421, 0.000000000000000000 ) ) ;
#363 = VERTEX_POINT ( 'NONE', #3184 ) ;
#364 = DIRECTION ( 'NONE',  ( -0.000000000000000000, -1.000000000000000000, -0.000000000000000000 ) ) ;
#365 = VERTEX_POINT ( 'NONE', #1200 ) ;
#366 = CARTESIAN_POINT ( 'NONE',  ( -85.00000000000000000, 0.000000000000000000, 7.500000000000000000 ) ) ;
#367 = CARTESIAN_POINT ( 'NONE',  ( -72.81503544680904838, -11.06023879450261660, 11.83148804205154647 ) ) ;
#368 = FACE_OUTER_BOUND ( 'NONE', #178, .T. ) ;
#369 = CARTESIAN_POINT ( 'NONE',  ( 90.89117999826555661, -5.006346676636760584, -5.347118750895790917 ) ) ;
#370 = CARTESIAN_POINT ( 'NONE',  ( -101.4066501463505148, 1.752663965298881354, 11.66876012631442983 ) ) ;
#371 = ORIENTED_EDGE ( 'NONE', *, *, #2545, .T. ) ;
#372 = ORIENTED_EDGE ( 'NONE', *, *, #2972, .F. ) ;
#373 = CARTESIAN_POINT ( 'NONE',  ( 114.2717850429519331, -5.000000000000000000, -18.34525935130896102 ) ) ;
#374 = CARTESIAN_POINT ( 'NONE',  ( 91.02079728939611414, -5.000000000000000000, -5.414213562373204169 ) ) ;
#375 = AXIS2_PLACEMENT_3D ( 'NONE', #2301, #2557, #38 ) ;
#376 = CARTESIAN_POINT ( 'NONE',  ( 91.02079728939618519, 5.000000000000000000, -5.414213562373198840 ) ) ;
#377 = AXIS2_PLACEMENT_3D ( 'NONE', #411, #1377, #1415 ) ;
#378 = CONICAL_SURFACE ( 'NONE', #1273, 17.50000000000012790, 0.7853981633974670418 ) ;
#379 = EDGE_CURVE ( 'NONE', #1497, #1257, #1722, .T. ) ;
#380 = AXIS2_PLACEMENT_3D ( 'NONE', #903, #655, #868 ) ;
#381 = DIRECTION ( 'NONE',  ( -1.000000000000000000, 0.000000000000000000, 0.000000000000000000 ) ) ;
#382 = AXIS2_PLACEMENT_3D ( 'NONE', #2561, #311, #2320 ) ;
#383 = CARTESIAN_POINT ( 'NONE',  ( 104.9108722611873219, 5.000000000000000000, -13.10018083171021352 ) ) ;
#384 = VERTEX_POINT ( 'NONE', #2206 ) ;
#385 = LINE ( 'NONE', #2391, #71 ) ;
#386 = LOCAL_TIME ( 12, 4, 38.00000000000000000, #2285 ) ;
#387 = ORIENTED_EDGE ( 'NONE', *, *, #2938, .T. ) ;
#388 = DIRECTION ( 'NONE',  ( 0.000000000000000000, 0.000000000000000000, -1.000000000000000000 ) ) ;
#389 = FACE_OUTER_BOUND ( 'NONE', #1278, .T. ) ;
#390 = CARTESIAN_POINT ( 'NONE',  ( -105.0000000000000142, 0.000000000000000000, 5.000000000000219380 ) ) ;
#391 = DIRECTION ( 'NONE',  ( -0.000000000000000000, -0.000000000000000000, -1.000000000000000000 ) ) ;
#392 = AXIS2_PLACEMENT_3D ( 'NONE', #2727, #740, #2247 ) ;
#393 = CARTESIAN_POINT ( 'NONE',  ( -92.11904398022247165, 35.36118792585130421, 7.500000000000000888 ) ) ;
#394 = EDGE_LOOP ( 'NONE', ( #1048, #387, #1031, #2421 ) ) ;
#395 = VERTEX_POINT ( 'NONE', #1683 ) ;
#396 = ADVANCED_FACE ( 'NONE', ( #976 ), #1982, .T. ) ;
#397 = CYLINDRICAL_SURFACE ( 'NONE', #2019, 1.000000000000002887 ) ;
#398 = CIRCLE ( 'NONE', #342, 17.50000000000012790 ) ;
#399 = DIRECTION ( 'NONE',  ( 0.000000000000000000, 0.000000000000000000, 1.000000000000000000 ) ) ;
#400 = CARTESIAN_POINT ( 'NONE',  ( 92.49866611057994703, -0.1564910701666265835, 0.02384575228452870052 ) ) ;
#401 = CARTESIAN_POINT ( 'NONE',  ( -85.00000000000000000, 0.000000000000000000, 12.50000000000000000 ) ) ;
#402 = ADVANCED_FACE ( 'NONE', ( #230 ), #3220, .F. ) ;
#403 = ORIENTED_EDGE ( 'NONE', *, *, #60, .T. ) ;
#404 = CARTESIAN_POINT ( 'NONE',  ( 92.50000000000000000, 3.122502256758252770E-14, 6.255846535241360584E-14 ) ) ;
#405 = EDGE_LOOP ( 'NONE', ( #579, #1296, #288, #1435 ) ) ;
#406 = CARTESIAN_POINT ( 'NONE',  ( -85.00000000000000000, 0.000000000000000000, 12.50000000000000000 ) ) ;
#407 = CARTESIAN_POINT ( 'NONE',  ( 87.45797817683835262, -5.000000000000000000, 7.477698223092387408 ) ) ;
#408 = DIRECTION ( 'NONE',  ( -0.2588190451025138561, 0.9659258262890701996, 0.000000000000000000 ) ) ;
#409 = ORIENTED_EDGE ( 'NONE', *, *, #707, .T. ) ;
#410 = ORIENTED_EDGE ( 'NONE', *, *, #341, .F. ) ;
#411 = CARTESIAN_POINT ( 'NONE',  ( 86.64615076076553635, -6.000000000000000000, -7.692492552301389175 ) ) ;
#412 = CARTESIAN_POINT ( 'NONE',  ( 89.28742013017955514, -5.000000000000000000, -6.546021537309724359 ) ) ;
#413 = CARTESIAN_POINT ( 'NONE',  ( 90.31246819652605495, 5.294117647058822484, 5.045170085417467476 ) ) ;
#414 = CARTESIAN_POINT ( 'NONE',  ( 92.50000000000000000, 3.122502256758252770E-14, 6.255846535241360584E-14 ) ) ;
#415 = EDGE_CURVE ( 'NONE', #3161, #2008, #597, .T. ) ;
#416 = ORIENTED_EDGE ( 'NONE', *, *, #770, .T. ) ;
#417 = CARTESIAN_POINT ( 'NONE',  ( -85.00000000000000000, 0.000000000000000000, 12.50000000000000000 ) ) ;
#418 = AXIS2_PLACEMENT_3D ( 'NONE', #712, #1500, #2180 ) ;
#419 = ORIENTED_EDGE ( 'NONE', *, *, #2794, .T. ) ;
#420 = CARTESIAN_POINT ( 'NONE',  ( 86.01948140832077172, 5.161867357236044285, -7.238885906138123438 ) ) ;
#421 = CARTESIAN_POINT ( 'NONE',  ( -70.89647789011605994, 7.577481661497886378, 12.36994125422456747 ) ) ;
#422 = DIRECTION ( 'NONE',  ( 0.000000000000000000, 0.000000000000000000, -1.000000000000000000 ) ) ;
#423 = EDGE_CURVE ( 'NONE', #703, #1334, #1867, .T. ) ;
#424 = CARTESIAN_POINT ( 'NONE',  ( -84.04128292067126438, 18.29341163553488414, 12.50000000000000000 ) ) ;
#425 = CARTESIAN_POINT ( 'NONE',  ( -100.8639264106565037, 2.159526526606099672, 12.36993840020067026 ) ) ;
#426 = ORIENTED_EDGE ( 'NONE', *, *, #2836, .F. ) ;
#427 = CARTESIAN_POINT ( 'NONE',  ( 86.45906356030951656, -5.318092103414608474, 6.985385771114842157 ) ) ;
#428 = DIRECTION ( 'NONE',  ( 0.000000000000000000, 0.000000000000000000, 1.000000000000000000 ) ) ;
#429 = CARTESIAN_POINT ( 'NONE',  ( 90.40932931650388582, 5.196920785623778904, -5.096030744213114083 ) ) ;
#430 = VECTOR ( 'NONE', #1046, 1000.000000000000000 ) ;
#431 = DIRECTION ( 'NONE',  ( 1.000000000000000000, 0.000000000000000000, 0.000000000000000000 ) ) ;
#432 = EDGE_LOOP ( 'NONE', ( #1583, #570, #1027, #3262 ) ) ;
#433 = VECTOR ( 'NONE', #1150, 1000.000000000000000 ) ;
#434 = DIRECTION ( 'NONE',  ( 0.000000000000000000, 0.000000000000000000, 1.000000000000000000 ) ) ;
#435 = EDGE_CURVE ( 'NONE', #1896, #3225, #1161, .T. ) ;
#436 = CIRCLE ( 'NONE', #1230, 1.000000000000002665 ) ;
#437 = CIRCLE ( 'NONE', #2280, 5.000000000000004441 ) ;
#438 = ORIENTED_EDGE ( 'NONE', *, *, #2307, .T. ) ;
#439 = CYLINDRICAL_SURFACE ( 'NONE', #1057, 7.499999999999992895 ) ;
#440 = CARTESIAN_POINT ( 'NONE',  ( -71.05972482015535263, 6.776335876431387462, 12.50000000000000000 ) ) ;
#441 = CARTESIAN_POINT ( 'NONE',  ( 92.50000000000000000, 0.07930742474669269515, 6.819716368228548320E-14 ) ) ;
#442 = AXIS2_PLACEMENT_3D ( 'NONE', #334, #2534, #1328 ) ;
#443 = CARTESIAN_POINT ( 'NONE',  ( -101.2010803197335207, 1.899821513519582394, 12.10367703706567077 ) ) ;
#444 = ORIENTED_EDGE ( 'NONE', *, *, #966, .T. ) ;
#445 = ADVANCED_FACE ( 'NONE', ( #2966 ), #2188, .T. ) ;
#446 = CARTESIAN_POINT ( 'NONE',  ( 92.49999999126058015, 0.0003620654553072538782, -1.342346769779096505 ) ) ;
#447 = FACE_OUTER_BOUND ( 'NONE', #2865, .T. ) ;
#448 = CARTESIAN_POINT ( 'NONE',  ( 86.00710600451802179, -5.216896766980357647, -7.202370992339068856 ) ) ;
#449 = AXIS2_PLACEMENT_3D ( 'NONE', #1384, #2387, #2148 ) ;
#450 = CIRCLE ( 'NONE', #2549, 1.000000000000000888 ) ;
#451 = CARTESIAN_POINT ( 'NONE',  ( -79.17461036825541498, -14.36366372616551068, 12.50000000000000000 ) ) ;
#452 = VERTEX_POINT ( 'NONE', #1216 ) ;
#453 = DIRECTION ( 'NONE',  ( 1.000000000000000000, 0.000000000000000000, 0.000000000000000000 ) ) ;
#454 = EDGE_CURVE ( 'NONE', #1991, #1364, #689, .T. ) ;
#455 = EDGE_LOOP ( 'NONE', ( #2683, #1650, #2835, #1517 ) ) ;
#456 = DIRECTION ( 'NONE',  ( 1.000000000000000000, 0.000000000000000000, 0.000000000000000000 ) ) ;
#457 = CARTESIAN_POINT ( 'NONE',  ( -70.69655117981081105, 8.225652062191098679, 11.50000000000000000 ) ) ;
#458 =( NAMED_UNIT ( * ) SI_UNIT ( $, .STERADIAN. ) SOLID_ANGLE_UNIT ( ) );
#459 = DIRECTION ( 'NONE',  ( 0.000000000000000000, 1.000000000000000000, -0.000000000000000000 ) ) ;
#460 = ORIENTED_EDGE ( 'NONE', *, *, #1118, .T. ) ;
#461 = DIRECTION ( 'NONE',  ( 0.000000000000000000, 1.000000000000000000, 0.000000000000000000 ) ) ;
#462 = CARTESIAN_POINT ( 'NONE',  ( 86.16016659657081789, -5.000000000000000000, -7.820830035206843611 ) ) ;
#463 = CARTESIAN_POINT ( 'NONE',  ( -79.92795239962761400, 15.70109337401561334, 10.00000000000000000 ) ) ;
#464 = EDGE_CURVE ( 'NONE', #832, #1764, #841, .T. ) ;
#465 = DIRECTION ( 'NONE',  ( -0.9986295347545744994, 0.05233595624293261445, 0.000000000000000000 ) ) ;
#466 = EDGE_CURVE ( 'NONE', #1903, #505, #2656, .T. ) ;
#467 = CARTESIAN_POINT ( 'NONE',  ( 86.64615076076553635, -5.000000000000000000, 7.692492552301408715 ) ) ;
#468 = ORIENTED_EDGE ( 'NONE', *, *, #486, .T. ) ;
#469 = LINE ( 'NONE', #245, #1062 ) ;
#470 = ORIENTED_EDGE ( 'NONE', *, *, #2128, .F. ) ;
#471 = CARTESIAN_POINT ( 'NONE',  ( 86.64615076076552214, -5.000000000000000000, 7.692492552301403386 ) ) ;
#472 = DIRECTION ( 'NONE',  ( -0.000000000000000000, -1.000000000000000000, -0.000000000000000000 ) ) ;
#473 = COORDINATED_UNIVERSAL_TIME_OFFSET ( 5, 30, .AHEAD. ) ;
#474 = AXIS2_PLACEMENT_3D ( 'NONE', #2768, #229, #1496 ) ;
#475 = DIRECTION ( 'NONE',  ( -0.000000000000000000, -0.000000000000000000, -1.000000000000000000 ) ) ;
#476 = AXIS2_PLACEMENT_3D ( 'NONE', #182, #940, #2003 ) ;
#477 = ORIENTED_EDGE ( 'NONE', *, *, #2049, .T. ) ;
#478 = CARTESIAN_POINT ( 'NONE',  ( -85.00000000000000000, 0.000000000000000000, 5.000000000000219380 ) ) ;
#479 = DIRECTION ( 'NONE',  ( 0.8386705679454287132, 0.5446390350150198678, 0.000000000000000000 ) ) ;
#480 = CARTESIAN_POINT ( 'NONE',  ( 104.9108722611873219, 5.000000000000000000, -0.6711734656911141350 ) ) ;
#481 = ORIENTED_EDGE ( 'NONE', *, *, #3217, .T. ) ;
#482 = CARTESIAN_POINT ( 'NONE',  ( 86.00710352421113214, -5.216905002264097035, 7.202363702032700488 ) ) ;
#483 = VERTEX_POINT ( 'NONE', #1360 ) ;
#484 = DIRECTION ( 'NONE',  ( 1.000000000000000000, 0.000000000000000000, 0.000000000000000000 ) ) ;
#485 = AXIS2_PLACEMENT_3D ( 'NONE', #732, #987, #2203 ) ;
#486 = EDGE_CURVE ( 'NONE', #1270, #2502, #2925, .T. ) ;
#487 = CIRCLE ( 'NONE', #2328, 20.00000000000000355 ) ;
#488 = ORIENTED_EDGE ( 'NONE', *, *, #1341, .F. ) ;
#489 = DIRECTION ( 'NONE',  ( -0.1870872004560166224, 0.6819078965854180607, 0.7071067811865341390 ) ) ;
#490 =( NAMED_UNIT ( * ) PLANE_ANGLE_UNIT ( ) SI_UNIT ( $, .RADIAN. ) );
#491 =( GEOMETRIC_REPRESENTATION_CONTEXT ( 3 ) GLOBAL_UNCERTAINTY_ASSIGNED_CONTEXT ( ( #3177 ) ) GLOBAL_UNIT_ASSIGNED_CONTEXT ( ( #3260, #490, #458 ) ) REPRESENTATION_CONTEXT ( 'NONE', 'WORKASPACE' ) );
#492 = VECTOR ( 'NONE', #1370, 1000.000000000000000 ) ;
#493 = FACE_OUTER_BOUND ( 'NONE', #351, .T. ) ;
#494 = ORIENTED_EDGE ( 'NONE', *, *, #1851, .F. ) ;
#495 = CIRCLE ( 'NONE', #1593, 3.000000000000002665 ) ;
#496 = CARTESIAN_POINT ( 'NONE',  ( 87.80013290794254033, 5.372743283500585498, 6.448198972044965949 ) ) ;
#497 = LINE ( 'NONE', #1783, #1011 ) ;
#498 = APPROVAL_PERSON_ORGANIZATION ( #2781, #1635, #1236 ) ;
#499 = LINE ( 'NONE', #3033, #1859 ) ;
#500 = ADVANCED_FACE ( 'NONE', ( #3173 ), #1677, .T. ) ;
#501 = CARTESIAN_POINT ( 'NONE',  ( 86.53491565637260408, -5.000000000000000000, 7.272073109226004028 ) ) ;
#502 = ORIENTED_EDGE ( 'NONE', *, *, #1922, .F. ) ;
#503 = AXIS2_PLACEMENT_3D ( 'NONE', #2318, #1827, #2799 ) ;
#504 = ADVANCED_FACE ( 'NONE', ( #2674 ), #2884, .T. ) ;
#505 = VERTEX_POINT ( 'NONE', #361 ) ;
#506 = CARTESIAN_POINT ( 'NONE',  ( -66.66759328465475676, 6.223542864692347187, 7.500000000000000888 ) ) ;
#507 = DIRECTION ( 'NONE',  ( 0.000000000000000000, -0.000000000000000000, -1.000000000000000000 ) ) ;
#508 = ORIENTED_EDGE ( 'NONE', *, *, #541, .F. ) ;
#509 = CARTESIAN_POINT ( 'NONE',  ( 85.00000000000000000, 3.122849337825751327E-14, -5.000000000000108358 ) ) ;
#510 = DIRECTION ( 'NONE',  ( -0.000000000000000000, -0.000000000000000000, -1.000000000000000000 ) ) ;
#511 = DIRECTION ( 'NONE',  ( 0.000000000000000000, 0.000000000000000000, -1.000000000000000000 ) ) ;
#512 = VERTEX_POINT ( 'NONE', #414 ) ;
#513 = CARTESIAN_POINT ( 'NONE',  ( 86.06609098481142439, -5.025538730615723537, -7.371392949166304831 ) ) ;
#514 = LINE ( 'NONE', #1518, #2371 ) ;
#515 = VERTEX_POINT ( 'NONE', #1924 ) ;
#516 = ORIENTED_EDGE ( 'NONE', *, *, #2389, .F. ) ;
#517 = CARTESIAN_POINT ( 'NONE',  ( 104.9108722611873219, -5.000000000000000000, -13.10018083171021352 ) ) ;
#518 = CIRCLE ( 'NONE', #1629, 3.000000000000002665 ) ;
#519 = ORIENTED_EDGE ( 'NONE', *, *, #423, .T. ) ;
#520 = CARTESIAN_POINT ( 'NONE',  ( 104.9108722611873219, 5.000000000000000000, 0.6711734656912400343 ) ) ;
#521 = FACE_OUTER_BOUND ( 'NONE', #865, .T. ) ;
#522 = ADVANCED_FACE ( 'NONE', ( #3118 ), #1140, .F. ) ;
#523 = ADVANCED_FACE ( 'NONE', ( #2404 ), #3156, .T. ) ;
#524 = CARTESIAN_POINT ( 'NONE',  ( 90.52099435628336721, -5.124011381707335389, 5.154488802005498194 ) ) ;
#525 = ORIENTED_EDGE ( 'NONE', *, *, #3253, .F. ) ;
#526 = DIRECTION ( 'NONE',  ( 1.000000000000000000, 0.000000000000000000, 0.000000000000000000 ) ) ;
#527 = ORIENTED_EDGE ( 'NONE', *, *, #798, .T. ) ;
#528 = LINE ( 'NONE', #2327, #232 ) ;
#529 = EDGE_CURVE ( 'NONE', #225, #2809, #2441, .T. ) ;
#530 = EDGE_LOOP ( 'NONE', ( #3091, #2066, #2566, #2124 ) ) ;
#531 = CARTESIAN_POINT ( 'NONE',  ( -85.00000000000000000, 0.000000000000000000, 12.50000000000000000 ) ) ;
#532 = AXIS2_PLACEMENT_3D ( 'NONE', #2571, #307, #3057 ) ;
#533 = VERTEX_POINT ( 'NONE', #123 ) ;
#534 = TOROIDAL_SURFACE ( 'NONE', #2070, 1.999999999999992228, 1.000000000000000000 ) ;
#535 = CARTESIAN_POINT ( 'NONE',  ( 90.34041907564211726, -4.999999999999999112, 5.886249616144433539 ) ) ;
#536 = CARTESIAN_POINT ( 'NONE',  ( -68.90967611852357777, 2.999999999999999556, 11.50000000000000000 ) ) ;
#537 = TOROIDAL_SURFACE ( 'NONE', #75, 2.000000000000000888, 1.000000000000000000 ) ;
#538 = DIRECTION ( 'NONE',  ( 0.000000000000000000, 0.000000000000000000, 1.000000000000000000 ) ) ;
#539 = CIRCLE ( 'NONE', #2808, 1.000000000000001110 ) ;
#540 = AXIS2_PLACEMENT_3D ( 'NONE', #2547, #298, #2305 ) ;
#541 = EDGE_CURVE ( 'NONE', #1696, #314, #607, .T. ) ;
#542 = CARTESIAN_POINT ( 'NONE',  ( 89.98917199096921138, 4.999999999999195310, -5.455273718658453674 ) ) ;
#543 = ORIENTED_EDGE ( 'NONE', *, *, #951, .F. ) ;
#544 = DIRECTION ( 'NONE',  ( 1.000000000000000000, 0.000000000000000000, 0.000000000000000000 ) ) ;
#545 = CARTESIAN_POINT ( 'NONE',  ( 90.71232166758454696, 5.000000000000000000, 4.923321440630592960 ) ) ;
#546 = CIRCLE ( 'NONE', #1433, 447.5000000000001137 ) ;
#547 = ORIENTED_EDGE ( 'NONE', *, *, #1974, .T. ) ;
#548 = CARTESIAN_POINT ( 'NONE',  ( -14.69207447075442019, 22.62381072326984111, 7.500000000000000888 ) ) ;
#549 = ORIENTED_EDGE ( 'NONE', *, *, #2104, .T. ) ;
#550 = CIRCLE ( 'NONE', #2655, 19.99999999999999645 ) ;
#551 = CARTESIAN_POINT ( 'NONE',  ( 87.18484798196512031, -5.341626146424539812, -6.770661447449859871 ) ) ;
#552 = ADVANCED_FACE ( 'NONE', ( #2926 ), #2853, .T. ) ;
#553 = ORIENTED_EDGE ( 'NONE', *, *, #1922, .T. ) ;
#554 = DIRECTION ( 'NONE',  ( 1.000000000000000000, 0.000000000000000000, 0.000000000000000000 ) ) ;
#555 = EDGE_CURVE ( 'NONE', #512, #2279, #809, .T. ) ;
#556 = CARTESIAN_POINT ( 'NONE',  ( -85.00000000000000000, 0.000000000000000000, 5.000000000000219380 ) ) ;
#557 = CARTESIAN_POINT ( 'NONE',  ( 84.92213727922931810, 7.499595815556637568, -5.000000000000108358 ) ) ;
#558 = ORIENTED_EDGE ( 'NONE', *, *, #2334, .F. ) ;
#559 = PLANE ( 'NONE',  #2293 ) ;
#560 = CARTESIAN_POINT ( 'NONE',  ( 89.82894884862196250, 5.470959101451491335, 5.218707899877826684 ) ) ;
#561 = ORIENTED_EDGE ( 'NONE', *, *, #944, .T. ) ;
#562 = LINE ( 'NONE', #548, #2910 ) ;
#563 = CARTESIAN_POINT ( 'NONE',  ( 92.49467618199204821, 0.2903779918517223058, -1.236834218366481553 ) ) ;
#564 = ORIENTED_EDGE ( 'NONE', *, *, #1180, .F. ) ;
#565 = CARTESIAN_POINT ( 'NONE',  ( 92.49467212443165920, -0.2904686004360730323, -1.236744908656432163 ) ) ;
#566 = ORIENTED_EDGE ( 'NONE', *, *, #2096, .F. ) ;
#567 = CARTESIAN_POINT ( 'NONE',  ( 92.50000000000000000, 5.000000000000000000, 6.255846535241360584E-14 ) ) ;
#568 = DIRECTION ( 'NONE',  ( -0.000000000000000000, -1.000000000000000000, -0.000000000000000000 ) ) ;
#569 = CARTESIAN_POINT ( 'NONE',  ( -68.50002392889005876, 0.02810076154515775762, 11.66876121442357750 ) ) ;
#570 = ORIENTED_EDGE ( 'NONE', *, *, #619, .T. ) ;
#571 = AXIS2_PLACEMENT_3D ( 'NONE', #2755, #459, #1185 ) ;
#572 = DIRECTION ( 'NONE',  ( 1.000000000000000000, 0.000000000000000000, 0.000000000000000000 ) ) ;
#573 = CARTESIAN_POINT ( 'NONE',  ( 86.43161835914303026, 4.999999999999384492, 7.318584967026712462 ) ) ;
#574 = VERTEX_POINT ( 'NONE', #997 ) ;
#575 = CARTESIAN_POINT ( 'NONE',  ( -92.11904398022247165, 35.36118792585130421, 11.50000000000000000 ) ) ;
#576 = EDGE_CURVE ( 'NONE', #731, #1009, #1394, .T. ) ;
#577 = ORIENTED_EDGE ( 'NONE', *, *, #798, .F. ) ;
#578 = CARTESIAN_POINT ( 'NONE',  ( 87.87507930664071409, -5.376086366742164557, -6.428199609258759217 ) ) ;
#579 = ORIENTED_EDGE ( 'NONE', *, *, #2193, .T. ) ;
#580 = CARTESIAN_POINT ( 'NONE',  ( 89.39769688500580003, -4.999999999998542499, 5.876837445016530381 ) ) ;
#581 = CYLINDRICAL_SURFACE ( 'NONE', #1378, 2.999999999999988898 ) ;
#582 = AXIS2_PLACEMENT_3D ( 'NONE', #2134, #350, #1926 ) ;
#583 = CARTESIAN_POINT ( 'NONE',  ( -101.5000000000000000, 0.000000000000000000, 12.50000000000000000 ) ) ;
#584 = AXIS2_PLACEMENT_3D ( 'NONE', #711, #3032, #741 ) ;
#585 = CARTESIAN_POINT ( 'NONE',  ( 114.2717850429519046, -5.000000000000000000, 18.34525935130909957 ) ) ;
#586 = EDGE_LOOP ( 'NONE', ( #1664, #658, #5, #40, #2451 ) ) ;
#587 = CARTESIAN_POINT ( 'NONE',  ( 85.97668634844458779, -5.317898179020206229, 7.112959229102984615 ) ) ;
#588 = CIRCLE ( 'NONE', #701, 12.42900736601909983 ) ;
#589 = AXIS2_PLACEMENT_3D ( 'NONE', #1486, #269, #2530 ) ;
#590 = EDGE_CURVE ( 'NONE', #2283, #2089, #3134, .T. ) ;
#591 = DIRECTION ( 'NONE',  ( 1.000000000000000000, 0.000000000000000000, 0.000000000000000000 ) ) ;
#592 = B_SPLINE_CURVE_WITH_KNOTS ( 'NONE', 3,
 ( #17, #1822, #2824, #259, #3073, #1882, #1536, #2067 ),
 .UNSPECIFIED., .F., .F.,
 ( 4, 2, 2, 4 ),
 ( 0.000000000000000000, 0.001342298078778555526, 0.002684596157557111052, 0.005369192315114221237 ),
 .UNSPECIFIED. ) ;
#593 = VERTEX_POINT ( 'NONE', #2216 ) ;
#594 = DIRECTION ( 'NONE',  ( 0.000000000000000000, -1.000000000000000000, 0.000000000000000000 ) ) ;
#595 = APPROVAL_DATE_TIME ( #323, #1453 ) ;
#596 = EDGE_CURVE ( 'NONE', #746, #2841, #39, .T. ) ;
#597 = CIRCLE ( 'NONE', #3080, 2.000000000000001776 ) ;
#598 = ORIENTED_EDGE ( 'NONE', *, *, #2646, .T. ) ;
#599 = DIRECTION ( 'NONE',  ( 0.000000000000000000, 0.000000000000000000, 1.000000000000000000 ) ) ;
#600 = FACE_OUTER_BOUND ( 'NONE', #530, .T. ) ;
#601 = AXIS2_PLACEMENT_3D ( 'NONE', #814, #1312, #1819 ) ;
#602 = CARTESIAN_POINT ( 'NONE',  ( 0.000000000000000000, 0.000000000000000000, 7.500000000000000888 ) ) ;
#603 = CARTESIAN_POINT ( 'NONE',  ( 89.11205869404341229, 5.000000000000000000, -6.648993332124244482 ) ) ;
#604 = ORIENTED_EDGE ( 'NONE', *, *, #1192, .T. ) ;
#605 = DIRECTION ( 'NONE',  ( 1.000000000000000000, 0.000000000000000000, 0.000000000000000000 ) ) ;
#606 = DIRECTION ( 'NONE',  ( -0.000000000000000000, -0.000000000000000000, 1.000000000000000000 ) ) ;
#607 = B_SPLINE_CURVE_WITH_KNOTS ( 'NONE', 3,
 ( #647, #2130, #1158, #3140, #2349, #2869, #1885, #1617, #894, #2111 ),
 .UNSPECIFIED., .F., .F.,
 ( 4, 2, 2, 2, 4 ),
 ( 0.000000000000000000, 0.0004980977809551746316, 0.0009961955619103492632, 0.001494293342865524003, 0.001992391123820698526 ),
 .UNSPECIFIED. ) ;
#608 = CARTESIAN_POINT ( 'NONE',  ( 86.11281044183157007, 4.874592590212251331, 7.500000000000000000 ) ) ;
#609 = B_SPLINE_CURVE_WITH_KNOTS ( 'NONE', 3,
 ( #2844, #1669, #2896, #2105 ),
 .UNSPECIFIED., .F., .F.,
 ( 4, 4 ),
 ( 8.673617379884035472E-19, 0.0004989617212936296644 ),
 .UNSPECIFIED. ) ;
#610 = ORIENTED_EDGE ( 'NONE', *, *, #379, .F. ) ;
#611 = DIRECTION ( 'NONE',  ( -0.000000000000000000, 0.000000000000000000, 1.000000000000000000 ) ) ;
#612 = ORIENTED_EDGE ( 'NONE', *, *, #1658, .T. ) ;
#613 = DIRECTION ( 'NONE',  ( 0.000000000000000000, 0.000000000000000000, 1.000000000000000000 ) ) ;
#614 = CARTESIAN_POINT ( 'NONE',  ( -74.24753967128009435, -11.16398660332894899, 12.50000000000000000 ) ) ;
#615 = FACE_OUTER_BOUND ( 'NONE', #2591, .T. ) ;
#616 = FACE_OUTER_BOUND ( 'NONE', #3254, .T. ) ;
#617 = LINE ( 'NONE', #1427, #433 ) ;
#618 = ORIENTED_EDGE ( 'NONE', *, *, #285, .T. ) ;
#619 = EDGE_CURVE ( 'NONE', #2636, #3021, #2443, .T. ) ;
#620 = DIRECTION ( 'NONE',  ( 1.000000000000000000, 0.000000000000000000, 0.000000000000000000 ) ) ;
#621 = EDGE_CURVE ( 'NONE', #1257, #2825, #2779, .T. ) ;
#622 = DIRECTION ( 'NONE',  ( 1.000000000000000000, 1.445602896647338088E-14, 0.000000000000000000 ) ) ;
#623 = AXIS2_PLACEMENT_3D ( 'NONE', #3145, #613, #1109 ) ;
#624 = CIRCLE ( 'NONE', #2468, 16.50000000000000000 ) ;
#625 = AXIS2_PLACEMENT_3D ( 'NONE', #1628, #2626, #905 ) ;
#626 = CARTESIAN_POINT ( 'NONE',  ( -75.04995088630195710, -12.99596265175510723, 12.50000000000000000 ) ) ;
#627 = CARTESIAN_POINT ( 'NONE',  ( 92.48187244251292327, 0.5211379526710923082, -0.8285591281575934719 ) ) ;
#628 = ORIENTED_EDGE ( 'NONE', *, *, #1797, .F. ) ;
#629 = DIRECTION ( 'NONE',  ( -1.000000000000000000, 0.000000000000000000, 0.000000000000000000 ) ) ;
#630 = EDGE_CURVE ( 'NONE', #1965, #2726, #2035, .T. ) ;
#631 = ORIENTED_EDGE ( 'NONE', *, *, #590, .F. ) ;
#632 = FACE_OUTER_BOUND ( 'NONE', #1000, .T. ) ;
#633 = DIRECTION ( 'NONE',  ( -0.000000000000000000, -1.000000000000000000, -0.000000000000000000 ) ) ;
#634 = CARTESIAN_POINT ( 'NONE',  ( 86.17260246328393691, 5.000000000000157208, -7.663730426598033496 ) ) ;
#635 = CARTESIAN_POINT ( 'NONE',  ( 90.70285663844578039, -5.049630003160809011, -5.249280992383458688 ) ) ;
#636 = ORIENTED_EDGE ( 'NONE', *, *, #2689, .F. ) ;
#637 = CIRCLE ( 'NONE', #375, 1000.000000000000000 ) ;
#638 = ORIENTED_EDGE ( 'NONE', *, *, #840, .T. ) ;
#639 = CARTESIAN_POINT ( 'NONE',  ( -74.24753967128009435, -11.16398660332894899, 12.50000000000000000 ) ) ;
#640 = CARTESIAN_POINT ( 'NONE',  ( -99.78070122198900549, 7.030604099015818953, 11.50000000000000000 ) ) ;
#641 = CIRCLE ( 'NONE', #2578, 3.000000000000016431 ) ;
#642 = EDGE_CURVE ( 'NONE', #2326, #2415, #450, .T. ) ;
#643 = DIRECTION ( 'NONE',  ( 1.000000000000000000, 0.000000000000000000, 0.000000000000000000 ) ) ;
#644 = AXIS2_PLACEMENT_3D ( 'NONE', #1968, #1431, #945 ) ;
#645 = VECTOR ( 'NONE', #1604, 1000.000000000000227 ) ;
#646 = AXIS2_PLACEMENT_3D ( 'NONE', #112, #2843, #1095 ) ;
#647 = CARTESIAN_POINT ( 'NONE',  ( -98.33224383509326572, -9.721176591422358015, 11.50000000000000000 ) ) ;
#648 = CIRCLE ( 'NONE', #80, 2.000000000000015543 ) ;
#649 = DIRECTION ( 'NONE',  ( 1.000000000000000000, 0.000000000000000000, -0.000000000000000000 ) ) ;
#650 = ORIENTED_EDGE ( 'NONE', *, *, #2360, .T. ) ;
#651 = LINE ( 'NONE', #1144, #3113 ) ;
#652 = ORIENTED_EDGE ( 'NONE', *, *, #464, .T. ) ;
#653 = LINE ( 'NONE', #1365, #104 ) ;
#654 = CARTESIAN_POINT ( 'NONE',  ( -66.66759328465475676, 6.223542864692347187, 7.500000000000000888 ) ) ;
#655 = DIRECTION ( 'NONE',  ( 0.000000000000000000, 0.000000000000000000, -1.000000000000000000 ) ) ;
#656 = CARTESIAN_POINT ( 'NONE',  ( 86.64615076076553635, -5.000000000000000000, -7.692492552301375852 ) ) ;
#657 = CARTESIAN_POINT ( 'NONE',  ( 86.11281044183157007, 4.874592590212251331, 7.500000000000000000 ) ) ;
#658 = ORIENTED_EDGE ( 'NONE', *, *, #2069, .T. ) ;
#659 = ORIENTED_EDGE ( 'NONE', *, *, #1470, .T. ) ;
#660 = CARTESIAN_POINT ( 'NONE',  ( 90.18528647419326205, 5.419544992595295874, -5.000000000000104805 ) ) ;
#661 = AXIS2_PLACEMENT_3D ( 'NONE', #1034, #1813, #554 ) ;
#662 = CARTESIAN_POINT ( 'NONE',  ( 90.68282909815262371, -4.999999999999999112, -5.653606264695673289 ) ) ;
#663 = CARTESIAN_POINT ( 'NONE',  ( 86.12714961882925024, 5.026117432218061509, 7.540497975623585702 ) ) ;
#664 = CARTESIAN_POINT ( 'NONE',  ( 92.50000000000001421, -0.07930742474663021735, 6.819991653936403443E-14 ) ) ;
#665 = ORIENTED_EDGE ( 'NONE', *, *, #435, .T. ) ;
#666 = CARTESIAN_POINT ( 'NONE',  ( 85.97668634844458779, -5.317898179020206229, 7.112959229102984615 ) ) ;
#667 = CARTESIAN_POINT ( 'NONE',  ( 86.11281044183161271, -4.879403565739712789, -7.499999999999981348 ) ) ;
#668 = VERTEX_POINT ( 'NONE', #1975 ) ;
#669 = CARTESIAN_POINT ( 'NONE',  ( -80.96022774343782658, 15.16448932228952984, 12.48730452859747864 ) ) ;
#670 = CARTESIAN_POINT ( 'NONE',  ( -70.81649808102417865, 7.858631790490265168, 12.21125592503880242 ) ) ;
#671 = CARTESIAN_POINT ( 'NONE',  ( 86.11281044183161271, 5.000000000000000000, -7.500000000000000000 ) ) ;
#672 = EDGE_LOOP ( 'NONE', ( #564, #631, #926, #933, #1841 ) ) ;
#673 = ORIENTED_EDGE ( 'NONE', *, *, #2049, .F. ) ;
#674 = CARTESIAN_POINT ( 'NONE',  ( 104.9108722611873219, -5.000000000000000000, 0.6711734656912400343 ) ) ;
#675 = CARTESIAN_POINT ( 'NONE',  ( -85.00000000000000000, 0.000000000000000000, 7.500000000000000888 ) ) ;
#676 = DIRECTION ( 'NONE',  ( 0.000000000000000000, -0.000000000000000000, -1.000000000000000000 ) ) ;
#677 = CARTESIAN_POINT ( 'NONE',  ( -87.13689645504975090, 15.35199249414863765, 12.50000000000000000 ) ) ;
#678 = AXIS2_PLACEMENT_3D ( 'NONE', #692, #982, #1598 ) ;
#679 = ORIENTED_EDGE ( 'NONE', *, *, #978, .F. ) ;
#680 = DIRECTION ( 'NONE',  ( -0.000000000000000000, -1.000000000000000000, 0.000000000000000000 ) ) ;
#681 = ADVANCED_FACE ( 'NONE', ( #1729 ), #2688, .F. ) ;
#682 = ORIENTED_EDGE ( 'NONE', *, *, #2889, .T. ) ;
#683 = CARTESIAN_POINT ( 'NONE',  ( -79.97763054997516008, 15.67093004455695926, 11.83148804205152338 ) ) ;
#684 = DIRECTION ( 'NONE',  ( 1.000000000000000000, 0.000000000000000000, 0.000000000000000000 ) ) ;
#685 = CARTESIAN_POINT ( 'NONE',  ( 85.00000000000000000, 3.122849337825751327E-14, 7.500000000000000000 ) ) ;
#686 = CARTESIAN_POINT ( 'NONE',  ( -88.40305123091302164, 16.14525448296748067, 7.500000000000000888 ) ) ;
#687 = DIRECTION ( 'NONE',  ( 0.000000000000000000, 0.000000000000000000, 1.000000000000000000 ) ) ;
#688 = ORIENTED_EDGE ( 'NONE', *, *, #1961, .T. ) ;
#689 = B_SPLINE_CURVE_WITH_KNOTS ( 'NONE', 3,
 ( #440, #2681, #2447, #1443, #421, #670, #1719, #180, #2723, #457 ),
 .UNSPECIFIED., .F., .F.,
 ( 4, 2, 2, 2, 4 ),
 ( -6.578102695105527491E-06, 0.0004905520520395254686, 0.0009876822067741563172, 0.001484812361508785214, 0.001981942516243413895 ),
 .UNSPECIFIED. ) ;
#690 = CARTESIAN_POINT ( 'NONE',  ( 87.45083674731345980, 5.356361127499869035, 6.618793799276303957 ) ) ;
#691 = CARTESIAN_POINT ( 'NONE',  ( 90.31246819652605495, 5.294117647058822484, -5.045170085417344907 ) ) ;
#692 = CARTESIAN_POINT ( 'NONE',  ( -85.00000000000000000, 0.000000000000000000, -5.000000000000108358 ) ) ;
#693 = FACE_OUTER_BOUND ( 'NONE', #2439, .T. ) ;
#694 = ORIENTED_EDGE ( 'NONE', *, *, #2346, .T. ) ;
#695 = EDGE_CURVE ( 'NONE', #2458, #3087, #1594, .T. ) ;
#696 = CARTESIAN_POINT ( 'NONE',  ( -79.87450157486659919, -15.68372614827086231, 11.50000000000000000 ) ) ;
#697 = CIRCLE ( 'NONE', #2532, 16.50000000000000000 ) ;
#698 = ORIENTED_EDGE ( 'NONE', *, *, #2299, .T. ) ;
#699 = CIRCLE ( 'NONE', #3067, 15.50000000000000000 ) ;
#700 = DIRECTION ( 'NONE',  ( 1.000000000000000000, 0.000000000000000000, 0.000000000000000000 ) ) ;
#701 = AXIS2_PLACEMENT_3D ( 'NONE', #2260, #10, #1006 ) ;
#702 = VECTOR ( 'NONE', #2773, 1000.000000000000000 ) ;
#703 = VERTEX_POINT ( 'NONE', #2580 ) ;
#704 = CARTESIAN_POINT ( 'NONE',  ( -101.4066501463505148, 1.752663965298880910, 7.500000000000000888 ) ) ;
#705 = CARTESIAN_POINT ( 'NONE',  ( 90.18528647419327626, -5.419544992595213273, -5.000000000000111910 ) ) ;
#706 = CARTESIAN_POINT ( 'NONE',  ( 0.000000000000000000, 0.000000000000000000, 0.000000000000000000 ) ) ;
#707 = EDGE_CURVE ( 'NONE', #1696, #1376, #3137, .T. ) ;
#708 = AXIS2_PLACEMENT_3D ( 'NONE', #3194, #1636, #914 ) ;
#709 = ORIENTED_EDGE ( 'NONE', *, *, #1213, .F. ) ;
#710 = CARTESIAN_POINT ( 'NONE',  ( -85.00000000000000000, 0.000000000000000000, -7.500000000000000000 ) ) ;
#711 = CARTESIAN_POINT ( 'NONE',  ( 85.00000000000000000, 3.122849337825751327E-14, 7.500000000000000000 ) ) ;
#712 = CARTESIAN_POINT ( 'NONE',  ( -85.00000000000000000, 0.000000000000000000, 11.50000000000000000 ) ) ;
#713 = EDGE_CURVE ( 'NONE', #209, #294, #2867, .T. ) ;
#714 = CARTESIAN_POINT ( 'NONE',  ( 90.89118146182136115, -5.006346569776077615, 5.347119508882966166 ) ) ;
#715 = ORIENTED_EDGE ( 'NONE', *, *, #2512, .T. ) ;
#716 = CIRCLE ( 'NONE', #192, 3.000000000000002665 ) ;
#717 = CARTESIAN_POINT ( 'NONE',  ( -87.28596392670546322, 15.42437162536263173, 12.50000000000000000 ) ) ;
#718 = ORIENTED_EDGE ( 'NONE', *, *, #1907, .T. ) ;
#719 = CARTESIAN_POINT ( 'NONE',  ( 86.13749866772154462, -5.317962724258586071, -7.070510117686465534 ) ) ;
#720 = VERTEX_POINT ( 'NONE', #2516 ) ;
#721 = CARTESIAN_POINT ( 'NONE',  ( -91.73681620105990930, -15.06204858155547299, 11.50000000000000000 ) ) ;
#722 = DIRECTION ( 'NONE',  ( 1.000000000000000000, 0.000000000000000000, 0.000000000000000000 ) ) ;
#723 = PERSON_AND_ORGANIZATION ( #2596, #755 ) ;
#724 = ORIENTED_EDGE ( 'NONE', *, *, #1310, .F. ) ;
#725 = CARTESIAN_POINT ( 'NONE',  ( 85.97668634844461621, -5.317898179020191129, -7.112959229102966852 ) ) ;
#726 = DIRECTION ( 'NONE',  ( 1.000000000000000000, 0.000000000000000000, 0.000000000000000000 ) ) ;
#727 = EDGE_CURVE ( 'NONE', #3001, #952, #716, .T. ) ;
#728 = DIRECTION ( 'NONE',  ( -0.000000000000000000, -0.000000000000000000, 1.000000000000000000 ) ) ;
#729 = VERTEX_POINT ( 'NONE', #3022 ) ;
#730 = DIRECTION ( 'NONE',  ( 0.000000000000000000, 0.000000000000000000, -1.000000000000000000 ) ) ;
#731 = VERTEX_POINT ( 'NONE', #1040 ) ;
#732 = CARTESIAN_POINT ( 'NONE',  ( -60.64582562299417390, -16.25000000000006395, 7.500000000000000888 ) ) ;
#733 = ORIENTED_EDGE ( 'NONE', *, *, #3038, .T. ) ;
#734 = CARTESIAN_POINT ( 'NONE',  ( -79.92795239962761400, 15.70109337401561334, 11.50000000000000000 ) ) ;
#735 = EDGE_CURVE ( 'NONE', #2089, #215, #2600, .T. ) ;
#736 = VECTOR ( 'NONE', #3183, 1000.000000000000000 ) ;
#737 = EDGE_CURVE ( 'NONE', #3087, #1459, #2133, .T. ) ;
#738 = TOROIDAL_SURFACE ( 'NONE', #2572, 1.999999999999998224, 1.000000000000000000 ) ;
#739 = VERTEX_POINT ( 'NONE', #1802 ) ;
#740 = DIRECTION ( 'NONE',  ( -0.9986295347545744994, 0.05233595624293280180, 0.000000000000000000 ) ) ;
#741 = DIRECTION ( 'NONE',  ( 1.000000000000000000, 0.000000000000000000, 0.000000000000000000 ) ) ;
#742 = DIRECTION ( 'NONE',  ( -0.000000000000000000, -0.000000000000000000, -1.000000000000000000 ) ) ;
#743 = CARTESIAN_POINT ( 'NONE',  ( 90.76479755242935710, -5.031180338336075586, 5.281504218751142510 ) ) ;
#744 = ADVANCED_FACE ( 'NONE', ( #1834 ), #559, .T. ) ;
#745 = DIRECTION ( 'NONE',  ( 0.000000000000000000, 0.000000000000000000, 1.000000000000000000 ) ) ;
#746 = VERTEX_POINT ( 'NONE', #46 ) ;
#747 = CARTESIAN_POINT ( 'NONE',  ( 112.4999999999999716, 5.000000000000000000, 11.21450368300968670 ) ) ;
#748 = AXIS2_PLACEMENT_3D ( 'NONE', #3234, #2693, #2252 ) ;
#749 = AXIS2_PLACEMENT_3D ( 'NONE', #1899, #202, #2383 ) ;
#750 = ORIENTED_EDGE ( 'NONE', *, *, #3229, .F. ) ;
#751 = CARTESIAN_POINT ( 'NONE',  ( 84.92213727922931810, 7.499595815556527434, 5.000000000000219380 ) ) ;
#752 = APPROVAL_DATE_TIME ( #2267, #1635 ) ;
#753 = AXIS2_PLACEMENT_3D ( 'NONE', #1893, #1367, #1111 ) ;
#754 = AXIS2_PLACEMENT_3D ( 'NONE', #2667, #3130, #836 ) ;
#755 = ORGANIZATION ( 'UNSPECIFIED', 'UNSPECIFIED', '' ) ;
#756 = VERTEX_POINT ( 'NONE', #32 ) ;
#757 = LINE ( 'NONE', #3031, #3256 ) ;
#758 = DIRECTION ( 'NONE',  ( -0.000000000000000000, -1.000000000000000000, -0.000000000000000000 ) ) ;
#759 = CARTESIAN_POINT ( 'NONE',  ( -82.77631411202654022, 18.22711742941149993, 11.50000000000000000 ) ) ;
#760 = EDGE_LOOP ( 'NONE', ( #2091, #1730, #3089, #1505, #65, #1268, #2945, #2598, #2812, #2209, #2979, #3244 ) ) ;
#761 = AXIS2_PLACEMENT_3D ( 'NONE', #1252, #2259, #2433 ) ;
#762 = EDGE_CURVE ( 'NONE', #2502, #2838, #3029, .T. ) ;
#763 = CARTESIAN_POINT ( 'NONE',  ( -97.51263049033344998, -13.43899798818031321, 11.50000000000000000 ) ) ;
#764 = ORIENTED_EDGE ( 'NONE', *, *, #1525, .T. ) ;
#765 = DIRECTION ( 'NONE',  ( 1.000000000000000000, 0.000000000000000000, 0.000000000000000000 ) ) ;
#766 = EDGE_CURVE ( 'NONE', #819, #36, #870, .T. ) ;
#767 = ORIENTED_EDGE ( 'NONE', *, *, #2405, .F. ) ;
#768 = DIRECTION ( 'NONE',  ( 1.000000000000000000, 0.000000000000000000, 0.000000000000000000 ) ) ;
#769 = PERSON_AND_ORGANIZATION ( #2596, #755 ) ;
#770 = EDGE_CURVE ( 'NONE', #2995, #1855, #2276, .T. ) ;
#771 = VERTEX_POINT ( 'NONE', #2084 ) ;
#772 = LINE ( 'NONE', #1782, #2337 ) ;
#773 = DIRECTION ( 'NONE',  ( -0.000000000000000000, -0.000000000000000000, -1.000000000000000000 ) ) ;
#774 = CARTESIAN_POINT ( 'NONE',  ( -85.00000000000000000, 0.000000000000000000, 7.500000000000000000 ) ) ;
#775 = ORIENTED_EDGE ( 'NONE', *, *, #1873, .F. ) ;
#776 = EDGE_CURVE ( 'NONE', #952, #95, #1026, .T. ) ;
#777 = DIRECTION ( 'NONE',  ( -0.000000000000000000, -1.000000000000000000, 0.000000000000000000 ) ) ;
#778 = ORIENTED_EDGE ( 'NONE', *, *, #2551, .F. ) ;
#779 = CARTESIAN_POINT ( 'NONE',  ( 112.4999999999999716, -5.000000000000000000, 15.00000000000013500 ) ) ;
#780 = ORIENTED_EDGE ( 'NONE', *, *, #1379, .F. ) ;
#781 = LINE ( 'NONE', #1809, #2904 ) ;
#782 = EDGE_CURVE ( 'NONE', #1413, #958, #1716, .T. ) ;
#783 = CIRCLE ( 'NONE', #623, 15.50000000000000000 ) ;
#784 = ORIENTED_EDGE ( 'NONE', *, *, #555, .F. ) ;
#785 = CARTESIAN_POINT ( 'NONE',  ( 86.79658302704380901, -5.329036393630413038, -6.885530173728343861 ) ) ;
#786 = CARTESIAN_POINT ( 'NONE',  ( -66.01189863965637983, 3.776457135307591972, 11.50000000000000000 ) ) ;
#787 = DIRECTION ( 'NONE',  ( -0.000000000000000000, -0.000000000000000000, -1.000000000000000000 ) ) ;
#788 = DIRECTION ( 'NONE',  ( -0.2557799673236493265, 0.000000000000000000, -0.9667350248728516782 ) ) ;
#789 = EDGE_LOOP ( 'NONE', ( #1414, #228, #2777, #1632, #1723 ) ) ;
#790 = DIRECTION ( 'NONE',  ( 0.000000000000000000, 0.000000000000000000, 1.000000000000000000 ) ) ;
#791 = EDGE_LOOP ( 'NONE', ( #372, #200, #2480, #321, #371 ) ) ;
#792 = DIRECTION ( 'NONE',  ( 1.000000000000000000, 0.000000000000000000, 0.000000000000000000 ) ) ;
#793 = EDGE_CURVE ( 'NONE', #2322, #842, #233, .T. ) ;
#794 = EDGE_CURVE ( 'NONE', #729, #3166, #1831, .T. ) ;
#795 = B_SPLINE_CURVE_WITH_KNOTS ( 'NONE', 3,
 ( #691, #1450, #660, #2212 ),
 .UNSPECIFIED., .F., .F.,
 ( 4, 4 ),
 ( 0.000000000000000000, 0.0002754113282231139808 ),
 .UNSPECIFIED. ) ;
#796 = ORIENTED_EDGE ( 'NONE', *, *, #1192, .F. ) ;
#797 = CARTESIAN_POINT ( 'NONE',  ( 86.45906356030951656, -5.318092103414592486, -6.985385771114830611 ) ) ;
#798 = EDGE_CURVE ( 'NONE', #1334, #1925, #1707, .T. ) ;
#799 = CIRCLE ( 'NONE', #1755, 12.42900736601909983 ) ;
#800 = ORIENTED_EDGE ( 'NONE', *, *, #313, .T. ) ;
#801 = CIRCLE ( 'NONE', #1226, 1002.500000000000000 ) ;
#802 = ADVANCED_FACE ( 'NONE', ( #3068 ), #2552, .T. ) ;
#803 = FACE_OUTER_BOUND ( 'NONE', #823, .T. ) ;
#804 = DIRECTION ( 'NONE',  ( 1.000000000000000000, 0.000000000000000000, 0.000000000000000000 ) ) ;
#805 = AXIS2_PLACEMENT_3D ( 'NONE', #2309, #1786, #544 ) ;
#806 = LINE ( 'NONE', #1067, #702 ) ;
#807 = AXIS2_PLACEMENT_3D ( 'NONE', #1064, #1796, #2829 ) ;
#808 = CIRCLE ( 'NONE', #2810, 19.99999999999999645 ) ;
#809 = B_SPLINE_CURVE_WITH_KNOTS ( 'NONE', 3,
 ( #1659, #664, #400, #1418, #347, #171, #1177, #1848, #1343, #105, #1103, #3231, #2943, #2978 ),
 .UNSPECIFIED., .F., .F.,
 ( 4, 2, 2, 2, 2, 2, 4 ),
 ( 9.651955352069416985E-19, 0.0002343994192990822339, 0.0004687988385981634921, 0.0009375976771963260084, 0.001406396515794488362, 0.001640795935093569647, 0.001875195354392650933 ),
 .UNSPECIFIED. ) ;
#810 = CARTESIAN_POINT ( 'NONE',  ( 88.86129199644248899, 4.999999999999792166, -6.201172217994991520 ) ) ;
#811 = VERTEX_POINT ( 'NONE', #1008 ) ;
#812 = CC_DESIGN_DATE_AND_TIME_ASSIGNMENT ( #1996, #3000, ( #3148 ) ) ;
#813 = B_SPLINE_CURVE_WITH_KNOTS ( 'NONE', 3,
 ( #656, #1337, #1352, #3149 ),
 .UNSPECIFIED., .F., .F.,
 ( 4, 4 ),
 ( 8.673617379884035472E-19, 0.0004347081437546669288 ),
 .UNSPECIFIED. ) ;
#814 = CARTESIAN_POINT ( 'NONE',  ( -32.07720588235311254, 426.7308025708726973, 5.000000000000219380 ) ) ;
#815 = ORIENTED_EDGE ( 'NONE', *, *, #348, .F. ) ;
#816 = DIRECTION ( 'NONE',  ( 1.000000000000000000, 0.000000000000000000, 0.000000000000000000 ) ) ;
#817 = EDGE_LOOP ( 'NONE', ( #2214, #481, #2218, #332 ) ) ;
#818 = CARTESIAN_POINT ( 'NONE',  ( 92.49999999126058015, 0.0003620654553072538782, -1.342346769779096505 ) ) ;
#819 = VERTEX_POINT ( 'NONE', #2776 ) ;
#820 = DIRECTION ( 'NONE',  ( 1.000000000000000000, 0.000000000000000000, 0.000000000000000000 ) ) ;
#821 = CARTESIAN_POINT ( 'NONE',  ( -99.36067228656321504, 10.00105451829655046, 7.500000000000000888 ) ) ;
#822 = CARTESIAN_POINT ( 'NONE',  ( -88.29540628867815144, 17.18692227807366635, 7.500000000000000888 ) ) ;
#823 = EDGE_LOOP ( 'NONE', ( #1977, #553, #1888, #733 ) ) ;
#824 = APPLICATION_CONTEXT ( 'configuration controlled 3d designs of mechanical parts and assemblies' ) ;
#825 = EDGE_CURVE ( 'NONE', #1855, #1257, #514, .T. ) ;
#826 = DIRECTION ( 'NONE',  ( 0.000000000000000000, 0.000000000000000000, 1.000000000000000000 ) ) ;
#827 = CARTESIAN_POINT ( 'NONE',  ( -85.00000000000000000, 0.000000000000000000, 11.50000000000000000 ) ) ;
#828 = ORIENTED_EDGE ( 'NONE', *, *, #217, .F. ) ;
#829 = FACE_OUTER_BOUND ( 'NONE', #1986, .T. ) ;
#830 = VERTEX_POINT ( 'NONE', #2648 ) ;
#831 = DIRECTION ( 'NONE',  ( 1.000000000000000000, 0.000000000000000000, 0.000000000000000000 ) ) ;
#832 = VERTEX_POINT ( 'NONE', #657 ) ;
#833 = CARTESIAN_POINT ( 'NONE',  ( 104.9108722611873219, -5.000000000000000000, -0.6711734656911141350 ) ) ;
#834 = FACE_OUTER_BOUND ( 'NONE', #166, .T. ) ;
#835 = ADVANCED_FACE ( 'NONE', ( #1932 ), #3206, .T. ) ;
#836 = DIRECTION ( 'NONE',  ( 0.9335804264972070721, -0.3583679495452864461, 0.000000000000000000 ) ) ;
#837 = DIRECTION ( 'NONE',  ( 0.000000000000000000, 0.000000000000000000, -1.000000000000000000 ) ) ;
#838 = ORIENTED_EDGE ( 'NONE', *, *, #1619, .F. ) ;
#839 = VECTOR ( 'NONE', #1480, 1000.000000000000114 ) ;
#840 = EDGE_CURVE ( 'NONE', #731, #2619, #699, .T. ) ;
#841 = B_SPLINE_CURVE_WITH_KNOTS ( 'NONE', 3,
 ( #608, #2365, #2164, #2634 ),
 .UNSPECIFIED., .F., .F.,
 ( 4, 4 ),
 ( 0.0003869402024504725156, 0.0009858024721769822248 ),
 .UNSPECIFIED. ) ;
#842 = VERTEX_POINT ( 'NONE', #1167 ) ;
#843 = CARTESIAN_POINT ( 'NONE',  ( 92.50000000000000000, -0.07930742474664724539, 1.733654332167828445E-13 ) ) ;
#844 = ORIENTED_EDGE ( 'NONE', *, *, #993, .T. ) ;
#845 = CARTESIAN_POINT ( 'NONE',  ( 89.89831305920475302, -5.473954898910283973, 5.167269416514150393 ) ) ;
#846 = FACE_OUTER_BOUND ( 'NONE', #1642, .T. ) ;
#847 = VECTOR ( 'NONE', #1014, 1000.000000000000000 ) ;
#848 = DIRECTION ( 'NONE',  ( 0.000000000000000000, 0.000000000000000000, -1.000000000000000000 ) ) ;
#849 = TOROIDAL_SURFACE ( 'NONE', #3066, 2.000000000000000888, 1.000000000000000000 ) ;
#850 = CARTESIAN_POINT ( 'NONE',  ( 90.29323827595231933, 5.000000000000000000, -5.918778284706495363 ) ) ;
#851 = ORIENTED_EDGE ( 'NONE', *, *, #64, .F. ) ;
#852 = AXIS2_PLACEMENT_3D ( 'NONE', #2876, #422, #181 ) ;
#853 = AXIS2_PLACEMENT_3D ( 'NONE', #1267, #728, #983 ) ;
#854 = CARTESIAN_POINT ( 'NONE',  ( -98.28435250697341985, 9.298161042623766193, 12.21125592503878821 ) ) ;
#855 = CARTESIAN_POINT ( 'NONE',  ( 91.04740437524270646, 5.000000000000000000, 5.395346285692525612 ) ) ;
#856 = LOCAL_TIME ( 12, 4, 38.00000000000000000, #1250 ) ;
#857 = EDGE_CURVE ( 'NONE', #2908, #1836, #617, .T. ) ;
#858 = VECTOR ( 'NONE', #346, 1000.000000000000000 ) ;
#859 = DIRECTION ( 'NONE',  ( 1.000000000000000000, 0.000000000000000000, 0.000000000000000000 ) ) ;
#860 = EDGE_LOOP ( 'NONE', ( #986, #3110, #598, #488 ) ) ;
#861 = FACE_OUTER_BOUND ( 'NONE', #2998, .T. ) ;
#862 = TOROIDAL_SURFACE ( 'NONE', #3131, 1.999999999999992228, 1.000000000000000000 ) ;
#863 = EDGE_CURVE ( 'NONE', #2570, #1739, #2384, .T. ) ;
#864 = AXIS2_PLACEMENT_3D ( 'NONE', #2815, #1767, #820 ) ;
#865 = EDGE_LOOP ( 'NONE', ( #244, #2823, #3071, #1801 ) ) ;
#866 = DIRECTION ( 'NONE',  ( 0.1870872004560124036, -0.6819078965854031837, 0.7071067811865495711 ) ) ;
#867 = CARTESIAN_POINT ( 'NONE',  ( 86.45906356030951656, -5.318092103414608474, 6.985385771114841269 ) ) ;
#868 = DIRECTION ( 'NONE',  ( 1.000000000000000000, -3.552713678800504085E-15, 0.000000000000000000 ) ) ;
#869 = ADVANCED_FACE ( 'NONE', ( #2429 ), #378, .T. ) ;
#870 = CIRCLE ( 'NONE', #601, 450.0000000000000000 ) ;
#871 = LINE ( 'NONE', #1613, #492 ) ;
#872 = DIRECTION ( 'NONE',  ( 0.000000000000000000, 0.000000000000000000, 1.000000000000000000 ) ) ;
#873 = EDGE_LOOP ( 'NONE', ( #1826, #2497, #2492, #887 ) ) ;
#874 = CARTESIAN_POINT ( 'NONE',  ( 86.02071046155094791, -5.171726323006736514, 7.242358245589041843 ) ) ;
#875 = EDGE_CURVE ( 'NONE', #842, #2995, #2071, .T. ) ;
#876 = ADVANCED_FACE ( 'NONE', ( #3187 ), #1396, .T. ) ;
#877 = DIRECTION ( 'NONE',  ( 0.000000000000000000, 0.000000000000000000, 1.000000000000000000 ) ) ;
#878 = ORIENTED_EDGE ( 'NONE', *, *, #31, .T. ) ;
#879 = DIRECTION ( 'NONE',  ( -0.000000000000000000, -0.000000000000000000, -1.000000000000000000 ) ) ;
#880 = ORIENTED_EDGE ( 'NONE', *, *, #896, .T. ) ;
#881 = DIRECTION ( 'NONE',  ( 0.7771459614569664609, -0.6293203910498429421, 0.000000000000000000 ) ) ;
#882 = CARTESIAN_POINT ( 'NONE',  ( -73.00974078721827709, -11.05974398380262969, 12.10368025391363567 ) ) ;
#883 = CARTESIAN_POINT ( 'NONE',  ( -85.00000000000000000, 0.000000000000000000, 11.50000000000000000 ) ) ;
#884 = ADVANCED_FACE ( 'NONE', ( #2194 ), #1951, .F. ) ;
#885 = FACE_OUTER_BOUND ( 'NONE', #173, .T. ) ;
#886 = DIRECTION ( 'NONE',  ( 0.000000000000000000, 1.000000000000000000, 0.000000000000000000 ) ) ;
#887 = ORIENTED_EDGE ( 'NONE', *, *, #1788, .F. ) ;
#888 = ORIENTED_EDGE ( 'NONE', *, *, #978, .T. ) ;
#889 = DIRECTION ( 'NONE',  ( 0.000000000000000000, 0.000000000000000000, 1.000000000000000000 ) ) ;
#890 = LINE ( 'NONE', #2922, #1747 ) ;
#891 = B_SPLINE_CURVE_WITH_KNOTS ( 'NONE', 3,
 ( #3171, #2419, #189, #169, #448, #1901 ),
 .UNSPECIFIED., .F., .F.,
 ( 4, 2, 4 ),
 ( 2.742838647325547832E-18, 0.0004089281167236627165, 0.0008178562334473226140 ),
 .UNSPECIFIED. ) ;
#892 = DIRECTION ( 'NONE',  ( 1.000000000000000000, 0.000000000000000000, 0.000000000000000000 ) ) ;
#893 = AXIS2_PLACEMENT_3D ( 'NONE', #3179, #1927, #1400 ) ;
#894 = CARTESIAN_POINT ( 'NONE',  ( -97.02003129159156458, -9.932844078577526048, 12.49999999999999645 ) ) ;
#895 = FACE_OUTER_BOUND ( 'NONE', #3039, .T. ) ;
#896 = EDGE_CURVE ( 'NONE', #1344, #1223, #2379, .T. ) ;
#897 = ORIENTED_EDGE ( 'NONE', *, *, #305, .T. ) ;
#898 = DIRECTION ( 'NONE',  ( 0.000000000000000000, 0.000000000000000000, 1.000000000000000000 ) ) ;
#899 = DIRECTION ( 'NONE',  ( -0.9335804264972038524, 0.3583679495452947172, 0.000000000000000000 ) ) ;
#900 = ORIENTED_EDGE ( 'NONE', *, *, #1897, .F. ) ;
#901 = CYLINDRICAL_SURFACE ( 'NONE', #214, 16.50000000000000000 ) ;
#902 = CARTESIAN_POINT ( 'NONE',  ( 88.21320974136270365, -5.000000000000000000, 7.135306389178784237 ) ) ;
#903 = CARTESIAN_POINT ( 'NONE',  ( 85.00000000000000000, 3.122849337825751327E-14, 5.000000000000219380 ) ) ;
#904 = EDGE_CURVE ( 'NONE', #1940, #1413, #1895, .T. ) ;
#905 = DIRECTION ( 'NONE',  ( -1.000000000000000000, 0.000000000000000000, 0.000000000000000000 ) ) ;
#906 = DIRECTION ( 'NONE',  ( 1.000000000000000000, 0.000000000000000000, 0.000000000000000000 ) ) ;
#907 = ORIENTED_EDGE ( 'NONE', *, *, #541, .T. ) ;
#908 = AXIS2_PLACEMENT_3D ( 'NONE', #1889, #1127, #3123 ) ;
#909 = ORIENTED_EDGE ( 'NONE', *, *, #1347, .F. ) ;
#910 = FACE_OUTER_BOUND ( 'NONE', #338, .T. ) ;
#911 = CARTESIAN_POINT ( 'NONE',  ( 86.06609098481138176, -5.025538730615798144, 7.371392949166337694 ) ) ;
#912 = AXIS2_PLACEMENT_3D ( 'NONE', #2671, #1172, #1633 ) ;
#913 = EDGE_CURVE ( 'NONE', #2226, #2008, #2982, .T. ) ;
#914 = DIRECTION ( 'NONE',  ( 0.000000000000000000, 0.000000000000000000, -1.000000000000000000 ) ) ;
#915 = CIRCLE ( 'NONE', #1590, 7.499999999999992895 ) ;
#916 = CONICAL_SURFACE ( 'NONE', #3072, 450.0000000000000000, 0.7853981633974482790 ) ;
#917 = CARTESIAN_POINT ( 'NONE',  ( -67.30567178844465559, 4.741180954897512123, 11.50000000000000000 ) ) ;
#918 = EDGE_LOOP ( 'NONE', ( #2607, #998, #3188, #764, #2891 ) ) ;
#919 = CARTESIAN_POINT ( 'NONE',  ( 92.50000000000000000, 5.000000000000000000, 6.255846535241360584E-14 ) ) ;
#920 = ORIENTED_EDGE ( 'NONE', *, *, #2519, .T. ) ;
#921 = DIRECTION ( 'NONE',  ( -0.000000000000000000, 0.000000000000000000, 1.000000000000000000 ) ) ;
#922 = CARTESIAN_POINT ( 'NONE',  ( 85.00000000000000000, 3.122849337825751327E-14, 7.500000000000000000 ) ) ;
#923 = CARTESIAN_POINT ( 'NONE',  ( 86.12646985819328904, 5.026656909806872520, -7.538636173976886568 ) ) ;
#924 = DIRECTION ( 'NONE',  ( 0.000000000000000000, 0.000000000000000000, -1.000000000000000000 ) ) ;
#925 = ORIENTED_EDGE ( 'NONE', *, *, #466, .F. ) ;
#926 = ORIENTED_EDGE ( 'NONE', *, *, #1125, .F. ) ;
#927 = FACE_OUTER_BOUND ( 'NONE', #791, .T. ) ;
#928 = AXIS2_PLACEMENT_3D ( 'NONE', #509, #1513, #3059 ) ;
#929 = DIRECTION ( 'NONE',  ( 1.000000000000000000, 0.000000000000000000, 0.000000000000000000 ) ) ;
#930 = DIRECTION ( 'NONE',  ( -0.2588190451025219607, 0.9659258262890678681, 0.000000000000000000 ) ) ;
#931 = ADVANCED_FACE ( 'NONE', ( #2952 ), #537, .T. ) ;
#932 = CARTESIAN_POINT ( 'NONE',  ( -88.40305123091302164, 16.14525448296748422, 11.50000000000000000 ) ) ;
#933 = ORIENTED_EDGE ( 'NONE', *, *, #794, .F. ) ;
#934 = DIRECTION ( 'NONE',  ( -0.000000000000000000, -0.000000000000000000, -1.000000000000000000 ) ) ;
#935 = CARTESIAN_POINT ( 'NONE',  ( -82.88098602451239572, 16.22985835990235870, 7.500000000000000888 ) ) ;
#936 = ORIENTED_EDGE ( 'NONE', *, *, #1388, .T. ) ;
#937 = LINE ( 'NONE', #3162, #736 ) ;
#938 = CARTESIAN_POINT ( 'NONE',  ( 90.70996695728035775, -5.000000000000000000, 4.925088627777872041 ) ) ;
#939 = CARTESIAN_POINT ( 'NONE',  ( -102.5557548668867867, 5.382198414004471410, 12.50000000000000000 ) ) ;
#940 = DIRECTION ( 'NONE',  ( 0.000000000000000000, 0.000000000000000000, -1.000000000000000000 ) ) ;
#941 = DIRECTION ( 'NONE',  ( 0.000000000000000000, 0.000000000000000000, 1.000000000000000000 ) ) ;
#942 = ORIENTED_EDGE ( 'NONE', *, *, #2709, .T. ) ;
#943 = CARTESIAN_POINT ( 'NONE',  ( -87.46152530779752965, -19.84794430562198997, 5.000000000000219380 ) ) ;
#944 = EDGE_CURVE ( 'NONE', #958, #291, #1115, .T. ) ;
#945 = DIRECTION ( 'NONE',  ( -1.000000000000000000, 0.000000000000000000, 0.000000000000000000 ) ) ;
#946 = DIRECTION ( 'NONE',  ( -0.000000000000000000, 0.000000000000000000, 1.000000000000000000 ) ) ;
#947 = CARTESIAN_POINT ( 'NONE',  ( 90.76479361221748832, 5.031181293294859636, 5.281502171240229693 ) ) ;
#948 = CIRCLE ( 'NONE', #950, 3.000000000000002665 ) ;
#949 = CARTESIAN_POINT ( 'NONE',  ( 91.02079728939618519, 5.000000000000000000, 5.414213562373321409 ) ) ;
#950 = AXIS2_PLACEMENT_3D ( 'NONE', #2956, #742, #1754 ) ;
#951 = EDGE_CURVE ( 'NONE', #2651, #2650, #1280, .T. ) ;
#952 = VERTEX_POINT ( 'NONE', #1329 ) ;
#953 = DIRECTION ( 'NONE',  ( -1.000000000000000000, 0.000000000000000000, 0.000000000000000000 ) ) ;
#954 = ORIENTED_EDGE ( 'NONE', *, *, #2491, .F. ) ;
#955 = DIRECTION ( 'NONE',  ( 0.000000000000000000, 0.000000000000000000, 1.000000000000000000 ) ) ;
#956 = CARTESIAN_POINT ( 'NONE',  ( 104.9108722611873219, 5.000000000000000000, 0.6711734656912400343 ) ) ;
#957 = PERSON_AND_ORGANIZATION_ROLE ( 'classification_officer' ) ;
#958 = VERTEX_POINT ( 'NONE', #1078 ) ;
#959 = DIRECTION ( 'NONE',  ( 0.000000000000000000, 0.000000000000000000, 1.000000000000000000 ) ) ;
#960 = DIRECTION ( 'NONE',  ( -1.000000000000000000, 0.000000000000000000, 0.000000000000000000 ) ) ;
#961 = CARTESIAN_POINT ( 'NONE',  ( 90.11723868382185287, -5.483052822360632739, -5.000000000000108358 ) ) ;
#962 = DIRECTION ( 'NONE',  ( -0.000000000000000000, -1.000000000000000000, -0.000000000000000000 ) ) ;
#963 = EDGE_LOOP ( 'NONE', ( #2399, #2024, #1374, #2623, #1791, #2150, #44 ) ) ;
#964 = CIRCLE ( 'NONE', #582, 2.000000000000001776 ) ;
#965 = CARTESIAN_POINT ( 'NONE',  ( -66.90967611852357777, 2.999999999999999556, 11.50000000000000000 ) ) ;
#966 = EDGE_CURVE ( 'NONE', #294, #2302, #1385, .T. ) ;
#967 = VECTOR ( 'NONE', #2718, 1000.000000000000114 ) ;
#968 = ORIENTED_EDGE ( 'NONE', *, *, #3216, .F. ) ;
#969 = CIRCLE ( 'NONE', #1979, 16.50000000000000000 ) ;
#970 = LINE ( 'NONE', #3, #967 ) ;
#971 = TOROIDAL_SURFACE ( 'NONE', #1542, 15.50000000000000711, 1.000000000000000000 ) ;
#972 = AXIS2_PLACEMENT_3D ( 'NONE', #1395, #2918, #147 ) ;
#973 = B_SPLINE_CURVE_WITH_KNOTS ( 'NONE', 3,
 ( #279, #295, #53, #1563, #1063, #535, #2332, #2303 ),
 .UNSPECIFIED., .F., .F.,
 ( 4, 2, 2, 4 ),
 ( 0.000000000000000000, 0.002467835315617657264, 0.003701752973426504761, 0.004935670631235351824 ),
 .UNSPECIFIED. ) ;
#974 = ORIENTED_EDGE ( 'NONE', *, *, #2156, .F. ) ;
#975 = DIRECTION ( 'NONE',  ( -0.8386705679454287132, -0.5446390350150198678, -0.000000000000000000 ) ) ;
#976 = FACE_OUTER_BOUND ( 'NONE', #586, .T. ) ;
#977 = DIRECTION ( 'NONE',  ( 0.000000000000000000, 0.000000000000000000, 1.000000000000000000 ) ) ;
#978 = EDGE_CURVE ( 'NONE', #512, #68, #2743, .T. ) ;
#979 = ORIENTED_EDGE ( 'NONE', *, *, #1974, .F. ) ;
#980 = CARTESIAN_POINT ( 'NONE',  ( 90.31246819652605495, 5.294117647058822484, -5.045170085417344907 ) ) ;
#981 = CARTESIAN_POINT ( 'NONE',  ( 86.04936798260639819, -4.999999999999999112, -7.400459351332941083 ) ) ;
#982 = DIRECTION ( 'NONE',  ( -0.000000000000000000, -0.000000000000000000, 1.000000000000000000 ) ) ;
#983 = DIRECTION ( 'NONE',  ( 1.000000000000000000, 0.000000000000000000, 0.000000000000000000 ) ) ;
#984 = AXIS2_PLACEMENT_3D ( 'NONE', #626, #877, #591 ) ;
#985 = CARTESIAN_POINT ( 'NONE',  ( 86.16016659657078947, -5.000000000000000000, 7.820830035206858710 ) ) ;
#986 = ORIENTED_EDGE ( 'NONE', *, *, #3061, .T. ) ;
#987 = DIRECTION ( 'NONE',  ( 0.9659258262890679791, 0.2588190451025220162, -0.000000000000000000 ) ) ;
#988 = EDGE_CURVE ( 'NONE', #1925, #1881, #2700, .T. ) ;
#989 = ORIENTED_EDGE ( 'NONE', *, *, #3095, .F. ) ;
#990 = DIRECTION ( 'NONE',  ( -0.6293203910498469389, -0.7771459614569631302, 0.000000000000000000 ) ) ;
#991 = CALENDAR_DATE ( 2026, 12, 8 ) ;
#992 = ORIENTED_EDGE ( 'NONE', *, *, #576, .F. ) ;
#993 = EDGE_CURVE ( 'NONE', #1717, #95, #2098, .T. ) ;
#994 = DIRECTION ( 'NONE',  ( 1.000000000000000000, 0.000000000000000000, 0.000000000000000000 ) ) ;
#995 = CARTESIAN_POINT ( 'NONE',  ( -91.73681620105990930, -15.06204858155547299, 7.500000000000000888 ) ) ;
#996 = CARTESIAN_POINT ( 'NONE',  ( -87.46152530779752965, -19.84794430562198997, 7.500000000000000000 ) ) ;
#997 = CARTESIAN_POINT ( 'NONE',  ( 90.11723868382185287, -5.483052822360638068, 5.000000000000219380 ) ) ;
#998 = ORIENTED_EDGE ( 'NONE', *, *, #1170, .T. ) ;
#999 = FACE_OUTER_BOUND ( 'NONE', #1821, .T. ) ;
#1000 = EDGE_LOOP ( 'NONE', ( #50, #1210, #1852, #2871 ) ) ;
#1001 = DIRECTION ( 'NONE',  ( 1.000000000000000000, 1.776356839400251254E-15, 0.000000000000000000 ) ) ;
#1002 = DIRECTION ( 'NONE',  ( -0.9659258262890701996, -0.2588190451025138561, 0.000000000000000000 ) ) ;
#1003 = AXIS2_PLACEMENT_3D ( 'NONE', #675, #2686, #605 ) ;
#1004 = ORIENTED_EDGE ( 'NONE', *, *, #966, .F. ) ;
#1005 = CARTESIAN_POINT ( 'NONE',  ( 89.54914903693757822, -5.457459824526807779, 5.406317076789598275 ) ) ;
#1006 = DIRECTION ( 'NONE',  ( 0.000000000000000000, 0.000000000000000000, -1.000000000000000000 ) ) ;
#1007 = DIRECTION ( 'NONE',  ( -1.000000000000000000, 0.000000000000000000, 0.000000000000000000 ) ) ;
#1008 = CARTESIAN_POINT ( 'NONE',  ( 92.50000000000000000, -5.000000000000000000, 6.255846535241360584E-14 ) ) ;
#1009 = VERTEX_POINT ( 'NONE', #3101 ) ;
#1010 = DIRECTION ( 'NONE',  ( 0.000000000000000000, 0.000000000000000000, 1.000000000000000000 ) ) ;
#1011 = VECTOR ( 'NONE', #1753, 1000.000000000000000 ) ;
#1012 = AXIS2_PLACEMENT_3D ( 'NONE', #1187, #2142, #2175 ) ;
#1013 = ORIENTED_EDGE ( 'NONE', *, *, #1715, .T. ) ;
#1014 = DIRECTION ( 'NONE',  ( -0.000000000000000000, -0.000000000000000000, -1.000000000000000000 ) ) ;
#1015 = PERSON_AND_ORGANIZATION_ROLE ( 'design_supplier' ) ;
#1016 = CIRCLE ( 'NONE', #2535, 17.50000000000012790 ) ;
#1017 = AXIS2_PLACEMENT_3D ( 'NONE', #1516, #2261, #2016 ) ;
#1018 = ORIENTED_EDGE ( 'NONE', *, *, #1511, .T. ) ;
#1019 = DIRECTION ( 'NONE',  ( 0.000000000000000000, 0.000000000000000000, 1.000000000000000000 ) ) ;
#1020 = CARTESIAN_POINT ( 'NONE',  ( 104.9108722611873219, 5.000000000000000000, 0.6711734656912400343 ) ) ;
#1021 = ADVANCED_FACE ( 'NONE', ( #1618 ), #2870, .T. ) ;
#1022 = LINE ( 'NONE', #996, #1920 ) ;
#1023 = ORIENTED_EDGE ( 'NONE', *, *, #2082, .F. ) ;
#1024 = AXIS2_PLACEMENT_3D ( 'NONE', #2759, #1498, #2498 ) ;
#1025 = CIRCLE ( 'NONE', #2866, 16.50000000000000000 ) ;
#1026 = LINE ( 'NONE', #2038, #1375 ) ;
#1027 = ORIENTED_EDGE ( 'NONE', *, *, #1464, .F. ) ;
#1028 = DIRECTION ( 'NONE',  ( 1.000000000000000000, 0.000000000000000000, 0.000000000000000000 ) ) ;
#1029 = ADVANCED_FACE ( 'NONE', ( #1361 ), #287, .T. ) ;
#1030 = AXIS2_PLACEMENT_3D ( 'NONE', #1194, #745, #2438 ) ;
#1031 = ORIENTED_EDGE ( 'NONE', *, *, #1079, .T. ) ;
#1032 = CARTESIAN_POINT ( 'NONE',  ( 87.29957982211038825, -5.000000000003668177, -7.049821435229225663 ) ) ;
#1033 = VERTEX_POINT ( 'NONE', #3157 ) ;
#1034 = CARTESIAN_POINT ( 'NONE',  ( -85.00000000000000000, 0.000000000000000000, 11.50000000000000000 ) ) ;
#1035 = CARTESIAN_POINT ( 'NONE',  ( -92.29488923401055445, -13.67605904723729715, 12.50000000000000000 ) ) ;
#1036 = DIRECTION ( 'NONE',  ( 1.000000000000000000, 0.000000000000000000, 0.000000000000000000 ) ) ;
#1037 = FACE_OUTER_BOUND ( 'NONE', #1314, .T. ) ;
#1038 = ADVANCED_FACE ( 'NONE', ( #895 ), #2657, .T. ) ;
#1039 = ORIENTED_EDGE ( 'NONE', *, *, #1976, .F. ) ;
#1040 = CARTESIAN_POINT ( 'NONE',  ( -87.13689645504975090, 15.35199249414863765, 12.50000000000000000 ) ) ;
#1041 = EDGE_CURVE ( 'NONE', #505, #1836, #1403, .T. ) ;
#1042 = VERTEX_POINT ( 'NONE', #3086 ) ;
#1043 = DIRECTION ( 'NONE',  ( -0.000000000000000000, -0.000000000000000000, -1.000000000000000000 ) ) ;
#1044 = EDGE_CURVE ( 'NONE', #3189, #1364, #969, .T. ) ;
#1045 = ORIENTED_EDGE ( 'NONE', *, *, #3236, .T. ) ;
#1046 = DIRECTION ( 'NONE',  ( 0.000000000000000000, 0.000000000000000000, 1.000000000000000000 ) ) ;
#1047 = ADVANCED_FACE ( 'NONE', ( #1866 ), #2109, .T. ) ;
#1048 = ORIENTED_EDGE ( 'NONE', *, *, #1612, .F. ) ;
#1049 = CARTESIAN_POINT ( 'NONE',  ( 114.2717850429519046, 5.000000000000000000, 18.34525935130909957 ) ) ;
#1050 = CARTESIAN_POINT ( 'NONE',  ( 92.49866319451021468, 0.1566287198103657463, 1.318446961339670320 ) ) ;
#1051 = CIRCLE ( 'NONE', #1307, 3.000000000000002665 ) ;
#1052 = CARTESIAN_POINT ( 'NONE',  ( -68.99725073925607433, 0.4894694393740037230, 12.36994125422456925 ) ) ;
#1053 = ORIENTED_EDGE ( 'NONE', *, *, #642, .T. ) ;
#1054 = CARTESIAN_POINT ( 'NONE',  ( -85.00000000000000000, 0.000000000000000000, 12.50000000000000000 ) ) ;
#1055 = ORIENTED_EDGE ( 'NONE', *, *, #2987, .T. ) ;
#1056 = FACE_OUTER_BOUND ( 'NONE', #3012, .T. ) ;
#1057 = AXIS2_PLACEMENT_3D ( 'NONE', #1477, #1734, #2984 ) ;
#1058 = ORIENTED_EDGE ( 'NONE', *, *, #1738, .T. ) ;
#1059 = DIRECTION ( 'NONE',  ( 1.000000000000000000, 0.000000000000000000, 0.000000000000000000 ) ) ;
#1060 = CONICAL_SURFACE ( 'NONE', #1912, 5.000000000000129674, 0.7853981633974672638 ) ;
#1061 = VERTEX_POINT ( 'NONE', #1313 ) ;
#1062 = VECTOR ( 'NONE', #2766, 1000.000000000000114 ) ;
#1063 = CARTESIAN_POINT ( 'NONE',  ( 89.64295168415830517, -5.000000000000000000, 6.332318709508561128 ) ) ;
#1064 = CARTESIAN_POINT ( 'NONE',  ( -75.04995088630195710, -12.99596265175510723, 7.500000000000000888 ) ) ;
#1065 = CIRCLE ( 'NONE', #1970, 1.000000000000000888 ) ;
#1066 = ADVANCED_FACE ( 'NONE', ( #2822 ), #2363, .T. ) ;
#1067 = CARTESIAN_POINT ( 'NONE',  ( 86.98435942173480839, -7.232725467302893563, 7.500000000000000000 ) ) ;
#1068 = AXIS2_PLACEMENT_3D ( 'NONE', #2753, #507, #1479 ) ;
#1069 = AXIS2_PLACEMENT_3D ( 'NONE', #283, #962, #511 ) ;
#1070 = CARTESIAN_POINT ( 'NONE',  ( 86.06922914089351195, 5.000000000000000000, -7.819687251351536972 ) ) ;
#1071 = ORIENTED_EDGE ( 'NONE', *, *, #2217, .T. ) ;
#1072 = CC_DESIGN_APPROVAL ( #1743, ( #2539 ) ) ;
#1073 = CARTESIAN_POINT ( 'NONE',  ( -75.04995088630195710, -12.99596265175510723, 12.50000000000000000 ) ) ;
#1074 = CARTESIAN_POINT ( 'NONE',  ( 91.02079728939618519, 5.000000000000000000, 7.835586732845687408 ) ) ;
#1075 = ORIENTED_EDGE ( 'NONE', *, *, #1878, .T. ) ;
#1076 = CARTESIAN_POINT ( 'NONE',  ( -103.4893352933840021, 5.740566363549769235, 7.500000000000000888 ) ) ;
#1077 = CIRCLE ( 'NONE', #1024, 16.50000000000000000 ) ;
#1078 = CARTESIAN_POINT ( 'NONE',  ( -97.51263049033346419, -13.43899798818030256, 12.50000000000000000 ) ) ;
#1079 = EDGE_CURVE ( 'NONE', #2226, #2063, #3138, .T. ) ;
#1080 = VERTEX_POINT ( 'NONE', #2581 ) ;
#1081 = VECTOR ( 'NONE', #1868, 1000.000000000000000 ) ;
#1082 = DIRECTION ( 'NONE',  ( 0.000000000000000000, 1.000000000000000000, 0.000000000000000000 ) ) ;
#1083 = VERTEX_POINT ( 'NONE', #3114 ) ;
#1084 = CARTESIAN_POINT ( 'NONE',  ( 87.12092259353764234, -5.342350087273926462, -6.758954285736339607 ) ) ;
#1085 = FACE_OUTER_BOUND ( 'NONE', #264, .T. ) ;
#1086 = EDGE_CURVE ( 'NONE', #1326, #2283, #2601, .T. ) ;
#1087 = CARTESIAN_POINT ( 'NONE',  ( -98.14195088138329481, -14.21614394963727968, 11.50000000000000000 ) ) ;
#1088 = VERTEX_POINT ( 'NONE', #2127 ) ;
#1089 = CARTESIAN_POINT ( 'NONE',  ( 88.07186125660486198, 5.000000000000206057, 6.648120940243475552 ) ) ;
#1090 = CARTESIAN_POINT ( 'NONE',  ( 92.49211301019246889, 0.3467336150758556501, -1.179966852820818035 ) ) ;
#1091 = EDGE_LOOP ( 'NONE', ( #2663, #150, #1523, #2342, #2, #2804, #1839, #1766 ) ) ;
#1092 = CARTESIAN_POINT ( 'NONE',  ( -66.90967611852357777, 2.999999999999999556, 12.50000000000000000 ) ) ;
#1093 = EDGE_LOOP ( 'NONE', ( #1748, #426, #815, #2246 ) ) ;
#1094 = CARTESIAN_POINT ( 'NONE',  ( -74.08439816750103546, -11.13492288908227756, 12.49999999999999289 ) ) ;
#1095 = DIRECTION ( 'NONE',  ( 1.000000000000000000, 0.000000000000000000, 0.000000000000000000 ) ) ;
#1096 = CARTESIAN_POINT ( 'NONE',  ( -103.4893352933840021, 5.740566363549769235, 7.500000000000000888 ) ) ;
#1097 = CARTESIAN_POINT ( 'NONE',  ( 90.18704283599949179, 5.486458601173416660, -4.953586213069543831 ) ) ;
#1098 = ORIENTED_EDGE ( 'NONE', *, *, #1956, .T. ) ;
#1099 = CARTESIAN_POINT ( 'NONE',  ( -98.17392810556977167, 8.528136640556461145, 12.48730452859747864 ) ) ;
#1100 = CIRCLE ( 'NONE', #2470, 1000.000000000000000 ) ;
#1101 = AXIS2_PLACEMENT_3D ( 'NONE', #2445, #1249, #1508 ) ;
#1102 = CC_DESIGN_PERSON_AND_ORGANIZATION_ASSIGNMENT ( #2769, #2029, ( #3148 ) ) ;
#1103 = CARTESIAN_POINT ( 'NONE',  ( 92.49467618199207664, -0.2903779918516345426, 1.236834218366541505 ) ) ;
#1104 = ADVANCED_FACE ( 'NONE', ( #1569 ), #2716, .F. ) ;
#1105 = CARTESIAN_POINT ( 'NONE',  ( 92.49866818493946141, 0.1564158024229102550, -1.318542860794951421 ) ) ;
#1106 = EDGE_LOOP ( 'NONE', ( #261, #1890, #85, #1733 ) ) ;
#1107 = CARTESIAN_POINT ( 'NONE',  ( 92.48516958785263853, -0.4796825434884560702, -0.9856549982169885427 ) ) ;
#1108 = ORIENTED_EDGE ( 'NONE', *, *, #49, .T. ) ;
#1109 = DIRECTION ( 'NONE',  ( 1.000000000000000000, 0.000000000000000000, 0.000000000000000000 ) ) ;
#1110 = CARTESIAN_POINT ( 'NONE',  ( -72.75693124186571481, -11.06152192890275465, 11.50000000000000000 ) ) ;
#1111 = DIRECTION ( 'NONE',  ( 1.000000000000000000, 0.000000000000000000, 0.000000000000000000 ) ) ;
#1112 = CIRCLE ( 'NONE', #2323, 3.000000000000002665 ) ;
#1113 = LINE ( 'NONE', #1647, #333 ) ;
#1114 = CIRCLE ( 'NONE', #2370, 3.785496316990446974 ) ;
#1115 = LINE ( 'NONE', #1631, #2912 ) ;
#1116 = ORIENTED_EDGE ( 'NONE', *, *, #2244, .F. ) ;
#1117 = AXIS2_PLACEMENT_3D ( 'NONE', #1585, #2586, #2149 ) ;
#1118 = EDGE_CURVE ( 'NONE', #2520, #2841, #1065, .T. ) ;
#1119 = CIRCLE ( 'NONE', #2235, 3.000000000000002665 ) ;
#1120 = AXIS2_PLACEMENT_3D ( 'NONE', #3228, #1884, #622 ) ;
#1121 = CARTESIAN_POINT ( 'NONE',  ( -98.36527826152267551, 9.675708604131774138, 11.50000000000000000 ) ) ;
#1122 = DIRECTION ( 'NONE',  ( 0.9986295347545743883, -0.05233595624293323895, -0.000000000000000000 ) ) ;
#1123 = DIRECTION ( 'NONE',  ( -0.2588190451025220162, 0.9659258262890679791, 0.000000000000000000 ) ) ;
#1124 = CARTESIAN_POINT ( 'NONE',  ( 92.49467713169460126, 0.2903404633463943507, -0.1054940511097988004 ) ) ;
#1125 = EDGE_CURVE ( 'NONE', #3166, #2283, #2457, .T. ) ;
#1126 = ORIENTED_EDGE ( 'NONE', *, *, #2442, .F. ) ;
#1127 = DIRECTION ( 'NONE',  ( -0.000000000000000000, 0.000000000000000000, 1.000000000000000000 ) ) ;
#1128 = ORIENTED_EDGE ( 'NONE', *, *, #2108, .F. ) ;
#1129 = CARTESIAN_POINT ( 'NONE',  ( 0.000000000000000000, 0.000000000000000000, 7.500000000000000000 ) ) ;
#1130 = DIRECTION ( 'NONE',  ( 1.000000000000000000, 0.000000000000000000, 0.000000000000000000 ) ) ;
#1131 = DIRECTION ( 'NONE',  ( 0.000000000000000000, 0.000000000000000000, 1.000000000000000000 ) ) ;
#1132 = CARTESIAN_POINT ( 'NONE',  ( -101.4066501463505148, 1.752663965298880910, 11.50000000000000000 ) ) ;
#1133 = ORIENTED_EDGE ( 'NONE', *, *, #2792, .F. ) ;
#1134 = ORIENTED_EDGE ( 'NONE', *, *, #1763, .F. ) ;
#1135 = DIRECTION ( 'NONE',  ( 0.7771459614569664609, -0.6293203910498429421, 0.000000000000000000 ) ) ;
#1136 = DIRECTION ( 'NONE',  ( 1.000000000000000000, 0.000000000000000000, 0.000000000000000000 ) ) ;
#1137 = ADVANCED_FACE ( 'NONE', ( #693 ), #2713, .T. ) ;
#1138 = CARTESIAN_POINT ( 'NONE',  ( -98.33224383509326572, -9.721176591422358015, 7.500000000000000888 ) ) ;
#1139 = EDGE_CURVE ( 'NONE', #156, #593, #2125, .T. ) ;
#1140 = CYLINDRICAL_SURFACE ( 'NONE', #2033, 12.42900736601909983 ) ;
#1141 = EDGE_CURVE ( 'NONE', #1061, #56, #891, .T. ) ;
#1142 = CARTESIAN_POINT ( 'NONE',  ( -45.82128951475345957, -56.58458013053758862, 7.500000000000000888 ) ) ;
#1143 = ORIENTED_EDGE ( 'NONE', *, *, #1283, .F. ) ;
#1144 = CARTESIAN_POINT ( 'NONE',  ( -73.41603378125691393, -15.51197435559140914, 7.500000000000000888 ) ) ;
#1145 = ORIENTED_EDGE ( 'NONE', *, *, #2096, .T. ) ;
#1146 = LINE ( 'NONE', #110, #59 ) ;
#1147 = CARTESIAN_POINT ( 'NONE',  ( -85.00000000000000000, 0.000000000000000000, -17.50000000000000000 ) ) ;
#1148 = CARTESIAN_POINT ( 'NONE',  ( 90.31246819652598390, -5.294117647058824261, -5.045170085417342243 ) ) ;
#1149 = CYLINDRICAL_SURFACE ( 'NONE', #754, 0.9999999999999945599 ) ;
#1150 = DIRECTION ( 'NONE',  ( 0.000000000000000000, 0.000000000000000000, 1.000000000000000000 ) ) ;
#1151 = VERTEX_POINT ( 'NONE', #1174 ) ;
#1152 = ORIENTED_EDGE ( 'NONE', *, *, #1565, .T. ) ;
#1153 = LINE ( 'NONE', #2179, #2173 ) ;
#1154 = DIRECTION ( 'NONE',  ( 0.000000000000000000, 0.000000000000000000, 1.000000000000000000 ) ) ;
#1155 = CARTESIAN_POINT ( 'NONE',  ( 90.76479755242942815, 5.031180338336075586, -5.281504218751013724 ) ) ;
#1156 = VECTOR ( 'NONE', #2695, 1000.000000000000000 ) ;
#1157 = VECTOR ( 'NONE', #2362, 1000.000000000000000 ) ;
#1158 = CARTESIAN_POINT ( 'NONE',  ( -98.27432454564973341, -9.725973971402721574, 11.83148599391332212 ) ) ;
#1159 = VERTEX_POINT ( 'NONE', #2942 ) ;
#1160 = DIRECTION ( 'NONE',  ( 1.000000000000000000, 0.000000000000000000, 0.000000000000000000 ) ) ;
#1161 = B_SPLINE_CURVE_WITH_KNOTS ( 'NONE', 3,
 ( #1964, #705, #1930, #2931 ),
 .UNSPECIFIED., .F., .F.,
 ( 4, 4 ),
 ( 1.939479807224432123E-18, 0.0002754113282231077466 ),
 .UNSPECIFIED. ) ;
#1162 = ORIENTED_EDGE ( 'NONE', *, *, #1463, .F. ) ;
#1163 = DIRECTION ( 'NONE',  ( -0.000000000000000000, -0.000000000000000000, -1.000000000000000000 ) ) ;
#1164 = DIRECTION ( 'NONE',  ( 0.000000000000000000, 0.000000000000000000, -1.000000000000000000 ) ) ;
#1165 = FACE_OUTER_BOUND ( 'NONE', #143, .T. ) ;
#1166 = CARTESIAN_POINT ( 'NONE',  ( 90.95679064673173286, -5.000000000000000000, -5.381112248147585042 ) ) ;
#1167 = CARTESIAN_POINT ( 'NONE',  ( -92.43617975643773832, -15.84150342075997919, 7.500000000000000888 ) ) ;
#1168 = ORIENTED_EDGE ( 'NONE', *, *, #1320, .T. ) ;
#1169 = CIRCLE ( 'NONE', #1368, 17.50000000000012790 ) ;
#1170 = EDGE_CURVE ( 'NONE', #1344, #2880, #546, .T. ) ;
#1171 = EDGE_LOOP ( 'NONE', ( #2669, #2257, #1519, #2381 ) ) ;
#1172 = DIRECTION ( 'NONE',  ( -0.000000000000000000, -0.000000000000000000, -1.000000000000000000 ) ) ;
#1173 = AXIS2_PLACEMENT_3D ( 'NONE', #2901, #24, #479 ) ;
#1174 = CARTESIAN_POINT ( 'NONE',  ( -92.29488923401055445, -13.67605904723729715, 12.50000000000000000 ) ) ;
#1175 = CIRCLE ( 'NONE', #1654, 20.00000000000000355 ) ;
#1176 = AXIS2_PLACEMENT_3D ( 'NONE', #2801, #538, #1548 ) ;
#1177 = CARTESIAN_POINT ( 'NONE',  ( 92.48185737651442651, -0.5213542070848234955, 0.5149821216995195128 ) ) ;
#1178 = ORIENTED_EDGE ( 'NONE', *, *, #290, .T. ) ;
#1179 = CARTESIAN_POINT ( 'NONE',  ( -79.88098602451240993, 16.22985835990235870, 11.50000000000000000 ) ) ;
#1180 = EDGE_CURVE ( 'NONE', #2089, #1764, #3050, .T. ) ;
#1181 = ORIENTED_EDGE ( 'NONE', *, *, #1623, .F. ) ;
#1182 = LINE ( 'NONE', #2137, #212 ) ;
#1183 = CARTESIAN_POINT ( 'NONE',  ( 90.54309692563343503, -5.501869801018317574, 4.689974722555762199 ) ) ;
#1184 = FACE_OUTER_BOUND ( 'NONE', #1106, .T. ) ;
#1185 = DIRECTION ( 'NONE',  ( 0.000000000000000000, 0.000000000000000000, -1.000000000000000000 ) ) ;
#1186 = AXIS2_PLACEMENT_3D ( 'NONE', #520, #2078, #23 ) ;
#1187 = CARTESIAN_POINT ( 'NONE',  ( -94.28516069448170356, -13.47903236469386457, 7.500000000000000888 ) ) ;
#1188 = EDGE_LOOP ( 'NONE', ( #1390, #2027, #2350, #610 ) ) ;
#1189 = CARTESIAN_POINT ( 'NONE',  ( 0.000000000000000000, 0.000000000000000000, 7.500000000000000888 ) ) ;
#1190 = CARTESIAN_POINT ( 'NONE',  ( -87.15383464432285621, -17.36695126741936690, -7.500000000000000000 ) ) ;
#1191 = AXIS2_PLACEMENT_3D ( 'NONE', #2277, #3052, #2324 ) ;
#1192 = EDGE_CURVE ( 'NONE', #1088, #256, #2199, .T. ) ;
#1193 = CARTESIAN_POINT ( 'NONE',  ( 85.97455357664959763, 5.304532990911844159, 7.106687017664297557 ) ) ;
#1194 = CARTESIAN_POINT ( 'NONE',  ( -82.88098602451239572, 16.22985835990235870, 12.50000000000000000 ) ) ;
#1195 = VERTEX_POINT ( 'NONE', #1138 ) ;
#1196 = DIRECTION ( 'NONE',  ( -0.000000000000000000, 0.000000000000000000, 1.000000000000000000 ) ) ;
#1197 = B_SPLINE_CURVE_WITH_KNOTS ( 'NONE', 3,
 ( #1718, #2205, #248, #19 ),
 .UNSPECIFIED., .F., .F.,
 ( 4, 4 ),
 ( 0.000000000000000000, 0.0004347081437546802644 ),
 .UNSPECIFIED. ) ;
#1198 = ORIENTED_EDGE ( 'NONE', *, *, #199, .F. ) ;
#1199 = LINE ( 'NONE', #2948, #118 ) ;
#1200 = CARTESIAN_POINT ( 'NONE',  ( 91.02079728939611414, -5.000000000000000000, -5.414213562373204169 ) ) ;
#1201 = CALENDAR_DATE ( 2026, 12, 8 ) ;
#1202 = CARTESIAN_POINT ( 'NONE',  ( 74.54044117646974144, 1007.445704556437590, -7.500000000000000000 ) ) ;
#1203 = ORIENTED_EDGE ( 'NONE', *, *, #1886, .F. ) ;
#1204 = CARTESIAN_POINT ( 'NONE',  ( -99.78070122198900549, 7.030604099015818953, 12.50000000000000000 ) ) ;
#1205 = FACE_OUTER_BOUND ( 'NONE', #405, .T. ) ;
#1206 = DIRECTION ( 'NONE',  ( 1.000000000000000000, 0.000000000000000000, 0.000000000000000000 ) ) ;
#1207 = B_SPLINE_CURVE_WITH_KNOTS ( 'NONE', 3,
 ( #2611, #1894, #2396, #635, #1879, #369, #1166, #3094 ),
 .UNSPECIFIED., .F., .F.,
 ( 4, 2, 2, 4 ),
 ( 0.000000000000000000, 0.0004323543420602567753, 0.0006485315130903857592, 0.0008647086841205147431 ),
 .UNSPECIFIED. ) ;
#1208 = DIRECTION ( 'NONE',  ( 1.000000000000000000, 0.000000000000000000, 0.000000000000000000 ) ) ;
#1209 = VECTOR ( 'NONE', #179, 1000.000000000000000 ) ;
#1210 = ORIENTED_EDGE ( 'NONE', *, *, #379, .T. ) ;
#1211 = CARTESIAN_POINT ( 'NONE',  ( 90.18528647419317679, -5.419544992595310973, 5.000000000000216716 ) ) ;
#1212 = EDGE_CURVE ( 'NONE', #83, #1326, #2706, .T. ) ;
#1213 = EDGE_CURVE ( 'NONE', #2558, #300, #25, .T. ) ;
#1214 = EDGE_LOOP ( 'NONE', ( #1945, #22, #2613, #3042 ) ) ;
#1215 = CARTESIAN_POINT ( 'NONE',  ( -79.92795239962761400, 15.70109337401561334, 11.66876121442357039 ) ) ;
#1216 = CARTESIAN_POINT ( 'NONE',  ( 85.97455357664966868, 5.304532990911830836, -7.106687017664277128 ) ) ;
#1217 = PERSON_AND_ORGANIZATION_ROLE ( 'creator' ) ;
#1218 = ORIENTED_EDGE ( 'NONE', *, *, #2649, .T. ) ;
#1219 = CARTESIAN_POINT ( 'NONE',  ( 90.11723868382190972, 5.483052822360646061, 5.000000000000219380 ) ) ;
#1220 = CARTESIAN_POINT ( 'NONE',  ( -66.97782446594546002, 3.517638090205070345, 11.50000000000000000 ) ) ;
#1221 = FACE_OUTER_BOUND ( 'NONE', #873, .T. ) ;
#1222 = EDGE_CURVE ( 'NONE', #1512, #284, #1854, .T. ) ;
#1223 = VERTEX_POINT ( 'NONE', #2633 ) ;
#1224 = CIRCLE ( 'NONE', #1316, 1.999999999999988010 ) ;
#1225 = CARTESIAN_POINT ( 'NONE',  ( 86.29731571093768139, -5.318026973108801236, 7.028244029577228602 ) ) ;
#1226 = AXIS2_PLACEMENT_3D ( 'NONE', #2518, #35, #2567 ) ;
#1227 = ORIENTED_EDGE ( 'NONE', *, *, #2661, .T. ) ;
#1228 = AXIS2_PLACEMENT_3D ( 'NONE', #2397, #687, #906 ) ;
#1229 = CARTESIAN_POINT ( 'NONE',  ( -75.04995088630195710, -12.99596265175510723, 11.50000000000000000 ) ) ;
#1230 = AXIS2_PLACEMENT_3D ( 'NONE', #1220, #3247, #1240 ) ;
#1231 = AXIS2_PLACEMENT_3D ( 'NONE', #3155, #399, #892 ) ;
#1232 = EDGE_CURVE ( 'NONE', #2795, #731, #648, .T. ) ;
#1233 = ORIENTED_EDGE ( 'NONE', *, *, #2569, .F. ) ;
#1234 = DIRECTION ( 'NONE',  ( -0.7771459614569645735, 0.6293203910498453846, -7.509976180004485961E-15 ) ) ;
#1235 = DIRECTION ( 'NONE',  ( 0.000000000000000000, 0.000000000000000000, -1.000000000000000000 ) ) ;
#1236 = APPROVAL_ROLE ( '' ) ;
#1237 = B_SPLINE_CURVE_WITH_KNOTS ( 'NONE', 3,
 ( #70, #1323, #1050, #1843, #2816, #87, #1294, #54, #2062, #3060, #310, #1306, #441, #2426 ),
 .UNSPECIFIED., .F., .F.,
 ( 4, 2, 2, 2, 2, 2, 4 ),
 ( 0.001875195354392650933, 0.002109594773691732868, 0.002343994192990815021, 0.002812793031588977592, 0.003281591870187140596, 0.003515991289486221014, 0.003750390708785301865 ),
 .UNSPECIFIED. ) ;
#1238 = ORIENTED_EDGE ( 'NONE', *, *, #2307, .F. ) ;
#1239 = FACE_OUTER_BOUND ( 'NONE', #2317, .T. ) ;
#1240 = DIRECTION ( 'NONE',  ( -0.9659258262890687563, -0.2588190451025195737, 0.000000000000000000 ) ) ;
#1241 = AXIS2_PLACEMENT_3D ( 'NONE', #710, #1953, #2954 ) ;
#1242 = CARTESIAN_POINT ( 'NONE',  ( 104.9108722611873219, 5.000000000000000000, -0.6711734656911141350 ) ) ;
#1243 = CIRCLE ( 'NONE', #135, 3.000000000000016431 ) ;
#1244 = EDGE_CURVE ( 'NONE', #1559, #1991, #2705, .T. ) ;
#1245 = CARTESIAN_POINT ( 'NONE',  ( -87.84838529877794144, 15.75481721328522688, 12.36994125422455859 ) ) ;
#1246 = ORIENTED_EDGE ( 'NONE', *, *, #305, .F. ) ;
#1247 = CARTESIAN_POINT ( 'NONE',  ( -85.00000000000000000, 0.000000000000000000, 11.50000000000000000 ) ) ;
#1248 = ORIENTED_EDGE ( 'NONE', *, *, #2010, .F. ) ;
#1249 = DIRECTION ( 'NONE',  ( -0.000000000000000000, -0.000000000000000000, -1.000000000000000000 ) ) ;
#1250 = COORDINATED_UNIVERSAL_TIME_OFFSET ( 5, 30, .AHEAD. ) ;
#1251 = ORIENTED_EDGE ( 'NONE', *, *, #2889, .F. ) ;
#1252 = CARTESIAN_POINT ( 'NONE',  ( -96.25398970823380296, -11.88470606526634299, 7.500000000000000888 ) ) ;
#1253 = CARTESIAN_POINT ( 'NONE',  ( 86.37307900071783706, -5.000000000000072831, -7.314946817910770172 ) ) ;
#1254 = DIRECTION ( 'NONE',  ( 1.000000000000000000, 0.000000000000000000, 0.000000000000000000 ) ) ;
#1255 = EDGE_LOOP ( 'NONE', ( #1640, #100, #2913, #636, #1773, #3175, #3104 ) ) ;
#1256 = CARTESIAN_POINT ( 'NONE',  ( 86.04936798260635555, -5.000000000000000000, 7.400459351332949076 ) ) ;
#1257 = VERTEX_POINT ( 'NONE', #2903 ) ;
#1258 = DIRECTION ( 'NONE',  ( 0.000000000000000000, 0.000000000000000000, 1.000000000000000000 ) ) ;
#1259 = VERTEX_POINT ( 'NONE', #1657 ) ;
#1260 = LINE ( 'NONE', #1442, #158 ) ;
#1261 = PERSON_AND_ORGANIZATION ( #2596, #755 ) ;
#1262 = AXIS2_PLACEMENT_3D ( 'NONE', #935, #2677, #2911 ) ;
#1263 = EDGE_LOOP ( 'NONE', ( #1934, #1608, #694, #1362 ) ) ;
#1264 = CYLINDRICAL_SURFACE ( 'NONE', #503, 3.000000000000002665 ) ;
#1265 = CARTESIAN_POINT ( 'NONE',  ( -91.73681620105990930, -15.06204858155547299, 11.50000000000000000 ) ) ;
#1266 = ADVANCED_FACE ( 'NONE', ( #1401 ), #916, .T. ) ;
#1267 = CARTESIAN_POINT ( 'NONE',  ( 85.00000000000000000, 3.122849337825751327E-14, -5.000000000000108358 ) ) ;
#1268 = ORIENTED_EDGE ( 'NONE', *, *, #735, .T. ) ;
#1269 = CARTESIAN_POINT ( 'NONE',  ( 86.22585793229572459, -5.000000000000000000, 7.803511057891685532 ) ) ;
#1270 = VERTEX_POINT ( 'NONE', #2763 ) ;
#1271 = CARTESIAN_POINT ( 'NONE',  ( -85.00000000000000000, 0.000000000000000000, -5.000000000000108358 ) ) ;
#1272 = CIRCLE ( 'NONE', #2802, 2.000000000000001776 ) ;
#1273 = AXIS2_PLACEMENT_3D ( 'NONE', #2628, #183, #2898 ) ;
#1274 = ORIENTED_EDGE ( 'NONE', *, *, #2653, .F. ) ;
#1275 = CARTESIAN_POINT ( 'NONE',  ( 86.53491565637258986, -5.000000000000000888, -7.272073109225981824 ) ) ;
#1276 = EDGE_CURVE ( 'NONE', #2144, #363, #2431, .T. ) ;
#1277 = LOCAL_TIME ( 12, 4, 38.00000000000000000, #1509 ) ;
#1278 = EDGE_LOOP ( 'NONE', ( #349, #1198, #109, #1540, #778 ) ) ;
#1279 = CARTESIAN_POINT ( 'NONE',  ( 86.32217080252452490, -5.000000000000000000, -7.778130003630250755 ) ) ;
#1280 = CIRCLE ( 'NONE', #33, 1002.500000000000000 ) ;
#1281 = CARTESIAN_POINT ( 'NONE',  ( -101.5000000000000000, 0.000000000000000000, 11.50000000000000000 ) ) ;
#1282 = ORIENTED_EDGE ( 'NONE', *, *, #2442, .T. ) ;
#1283 = EDGE_CURVE ( 'NONE', #593, #1080, #808, .T. ) ;
#1284 = AXIS2_PLACEMENT_3D ( 'NONE', #2893, #633, #2643 ) ;
#1285 = DIRECTION ( 'NONE',  ( 1.000000000000000000, 0.000000000000000000, 0.000000000000000000 ) ) ;
#1286 = ORIENTED_EDGE ( 'NONE', *, *, #2454, .T. ) ;
#1287 = DIRECTION ( 'NONE',  ( 0.2588190451025219607, -0.9659258262890678681, -0.000000000000000000 ) ) ;
#1288 = AXIS2_PLACEMENT_3D ( 'NONE', #2905, #3197, #2617 ) ;
#1289 = VERTEX_POINT ( 'NONE', #1770 ) ;
#1290 = CARTESIAN_POINT ( 'NONE',  ( 90.70996695728032932, -5.000000000000000000, -4.925088627777761907 ) ) ;
#1291 = CALENDAR_DATE ( 2026, 12, 8 ) ;
#1292 = ORIENTED_EDGE ( 'NONE', *, *, #1993, .F. ) ;
#1293 = DIRECTION ( 'NONE',  ( 0.000000000000000000, 1.000000000000000000, 0.000000000000000000 ) ) ;
#1294 = CARTESIAN_POINT ( 'NONE',  ( 92.48186282742636877, 0.5212759657435375171, 0.8272945322570208759 ) ) ;
#1295 = DIRECTION ( 'NONE',  ( 0.9667350248728516782, 1.341614354156766667E-14, -0.2557799673236488824 ) ) ;
#1296 = ORIENTED_EDGE ( 'NONE', *, *, #944, .F. ) ;
#1297 = DIRECTION ( 'NONE',  ( -0.000000000000000000, 0.000000000000000000, 1.000000000000000000 ) ) ;
#1298 = CARTESIAN_POINT ( 'NONE',  ( 86.35835846819153971, 5.313189546900342286, 7.030906785791070313 ) ) ;
#1299 = VERTEX_POINT ( 'NONE', #2292 ) ;
#1300 = CARTESIAN_POINT ( 'NONE',  ( -87.46152530779752965, -19.84794430562198997, -5.000000000000108358 ) ) ;
#1301 = ADVANCED_FACE ( 'NONE', ( #2774 ), #1502, .T. ) ;
#1302 = EDGE_LOOP ( 'NONE', ( #2900, #34, #1915, #2152 ) ) ;
#1303 = CARTESIAN_POINT ( 'NONE',  ( 90.06813501496404228, -4.999999999999646505, -5.406733550690156598 ) ) ;
#1304 = ORIENTED_EDGE ( 'NONE', *, *, #1511, .F. ) ;
#1305 = CARTESIAN_POINT ( 'NONE',  ( 90.11723868382185287, -5.483052822360632739, -5.000000000000108358 ) ) ;
#1306 = CARTESIAN_POINT ( 'NONE',  ( 92.49866493406996426, 0.1565799769317878509, 0.02386303903831525283 ) ) ;
#1307 = AXIS2_PLACEMENT_3D ( 'NONE', #3013, #2965, #456 ) ;
#1308 = CARTESIAN_POINT ( 'NONE',  ( 88.27957500657348078, 5.000000000000000000, -7.085596530751512745 ) ) ;
#1309 = ORIENTED_EDGE ( 'NONE', *, *, #2200, .T. ) ;
#1310 = EDGE_CURVE ( 'NONE', #2136, #284, #499, .T. ) ;
#1311 = ADVANCED_FACE ( 'NONE', ( #2249 ), #2730, .T. ) ;
#1312 = DIRECTION ( 'NONE',  ( 0.000000000000000000, 0.000000000000000000, -1.000000000000000000 ) ) ;
#1313 = CARTESIAN_POINT ( 'NONE',  ( 86.22585793229575302, -5.000000000000000000, -7.803511057891622471 ) ) ;
#1314 = EDGE_LOOP ( 'NONE', ( #1672, #1053, #2263, #2517 ) ) ;
#1315 = CARTESIAN_POINT ( 'NONE',  ( -100.6885940138923843, 4.665462514913884640, 11.50000000000000000 ) ) ;
#1316 = AXIS2_PLACEMENT_3D ( 'NONE', #1662, #157, #1160 ) ;
#1317 = ORIENTED_EDGE ( 'NONE', *, *, #1777, .F. ) ;
#1318 = CARTESIAN_POINT ( 'NONE',  ( -98.14195088138329481, -14.21614394963727968, 7.500000000000000888 ) ) ;
#1319 = AXIS2_PLACEMENT_3D ( 'NONE', #1935, #2434, #2939 ) ;
#1320 = EDGE_CURVE ( 'NONE', #515, #2558, #1380, .T. ) ;
#1321 = ORIENTED_EDGE ( 'NONE', *, *, #220, .F. ) ;
#1322 = CARTESIAN_POINT ( 'NONE',  ( 114.2717850429519331, 5.000000000000000000, -18.34525935130896102 ) ) ;
#1323 = CARTESIAN_POINT ( 'NONE',  ( 92.50000377717270794, 0.07806116049409789204, 1.342416776246505128 ) ) ;
#1324 = CC_DESIGN_SECURITY_CLASSIFICATION ( #2076, ( #2539 ) ) ;
#1325 = DIRECTION ( 'NONE',  ( 0.000000000000000000, 1.000000000000000000, -0.000000000000000000 ) ) ;
#1326 = VERTEX_POINT ( 'NONE', #255 ) ;
#1327 = CARTESIAN_POINT ( 'NONE',  ( 91.02079728939611414, -5.000000000000000000, 5.414213562373327626 ) ) ;
#1328 = DIRECTION ( 'NONE',  ( 1.000000000000000000, 0.000000000000000000, 0.000000000000000000 ) ) ;
#1329 = CARTESIAN_POINT ( 'NONE',  ( -102.5814425014806375, 8.105707947651652034, 7.500000000000000888 ) ) ;
#1330 = ORIENTED_EDGE ( 'NONE', *, *, #2868, .F. ) ;
#1331 = VECTOR ( 'NONE', #96, 1000.000000000000000 ) ;
#1332 = CARTESIAN_POINT ( 'NONE',  ( 84.94809151948621206, 4.999730543704337116, -7.500000000000000000 ) ) ;
#1333 = EDGE_CURVE ( 'NONE', #1751, #1545, #437, .T. ) ;
#1334 = VERTEX_POINT ( 'NONE', #239 ) ;
#1335 = CARTESIAN_POINT ( 'NONE',  ( -73.59453416367115608, -11.08134130490667246, 12.42226674930540575 ) ) ;
#1336 = DIRECTION ( 'NONE',  ( 1.000000000000000000, 8.881784197001252323E-16, 0.000000000000000000 ) ) ;
#1337 = CARTESIAN_POINT ( 'NONE',  ( 86.50606823137717072, -5.000000000000000000, -7.729555763902998144 ) ) ;
#1338 = CARTESIAN_POINT ( 'NONE',  ( 87.85533825240086969, 5.000000000000000000, -7.281770258708736954 ) ) ;
#1339 = EDGE_LOOP ( 'NONE', ( #2107, #3065, #1615, #2749 ) ) ;
#1340 = FACE_OUTER_BOUND ( 'NONE', #3182, .T. ) ;
#1341 = EDGE_CURVE ( 'NONE', #36, #2636, #1022, .T. ) ;
#1342 = CARTESIAN_POINT ( 'NONE',  ( 90.54544085081774085, 5.501971265741775419, 4.688239504505965272 ) ) ;
#1343 = CARTESIAN_POINT ( 'NONE',  ( 92.48514757088523197, -0.4800958980734560400, 0.9850234090923279950 ) ) ;
#1344 = VERTEX_POINT ( 'NONE', #3020 ) ;
#1345 = CARTESIAN_POINT ( 'NONE',  ( 92.49866493406993584, -0.1565799769317350598, -0.02386303903812051624 ) ) ;
#1346 = EDGE_CURVE ( 'NONE', #593, #1687, #1742, .T. ) ;
#1347 = EDGE_CURVE ( 'NONE', #3021, #1896, #2236, .T. ) ;
#1348 = ORIENTED_EDGE ( 'NONE', *, *, #1276, .T. ) ;
#1349 = DIRECTION ( 'NONE',  ( -0.000000000000000000, -0.000000000000000000, -1.000000000000000000 ) ) ;
#1350 = CARTESIAN_POINT ( 'NONE',  ( -73.43515867622849669, -11.07167599735055674, 12.36994125422457458 ) ) ;
#1351 = CYLINDRICAL_SURFACE ( 'NONE', #2023, 3.785496316990446974 ) ;
#1352 = CARTESIAN_POINT ( 'NONE',  ( 86.36597060562034756, -5.000000000000000000, -7.766561964967601206 ) ) ;
#1353 = VECTOR ( 'NONE', #2424, 1000.000000000000000 ) ;
#1354 = CARTESIAN_POINT ( 'NONE',  ( 86.35832129140403879, 5.313188731954967992, -7.030913905660638896 ) ) ;
#1355 = ORIENTED_EDGE ( 'NONE', *, *, #3061, .F. ) ;
#1356 = CONICAL_SURFACE ( 'NONE', #2058, 1002.500000000000000, 0.7853981633974594923 ) ;
#1357 = CARTESIAN_POINT ( 'NONE',  ( 110.7282149570480385, 5.000000000000000000, 11.65474064869117043 ) ) ;
#1358 = EDGE_CURVE ( 'NONE', #2858, #1836, #2585, .T. ) ;
#1359 = CARTESIAN_POINT ( 'NONE',  ( 86.98300376930922084, 5.000000000000000000, 7.607972131258586401 ) ) ;
#1360 = CARTESIAN_POINT ( 'NONE',  ( -70.69655117981081105, 8.225652062191098679, 7.500000000000000000 ) ) ;
#1361 = FACE_OUTER_BOUND ( 'NONE', #2297, .T. ) ;
#1362 = ORIENTED_EDGE ( 'NONE', *, *, #1937, .T. ) ;
#1363 = DIRECTION ( 'NONE',  ( -0.000000000000000000, -0.000000000000000000, -1.000000000000000000 ) ) ;
#1364 = VERTEX_POINT ( 'NONE', #2976 ) ;
#1365 = CARTESIAN_POINT ( 'NONE',  ( -102.5000000000001279, 0.000000000000000000, 7.500000000000000000 ) ) ;
#1366 = DIRECTION ( 'NONE',  ( -0.000000000000000000, 0.000000000000000000, 1.000000000000000000 ) ) ;
#1367 = DIRECTION ( 'NONE',  ( 0.000000000000000000, 0.000000000000000000, 1.000000000000000000 ) ) ;
#1368 = AXIS2_PLACEMENT_3D ( 'NONE', #197, #3258, #2476 ) ;
#1369 = EDGE_CURVE ( 'NONE', #533, #1386, #1655, .T. ) ;
#1370 = DIRECTION ( 'NONE',  ( 0.000000000000000000, 0.000000000000000000, 1.000000000000000000 ) ) ;
#1371 = AXIS2_PLACEMENT_3D ( 'NONE', #2000, #758, #2742 ) ;
#1372 = CARTESIAN_POINT ( 'NONE',  ( -85.00000000000000000, 0.000000000000000000, 12.50000000000000000 ) ) ;
#1373 = EDGE_CURVE ( 'NONE', #294, #1033, #1494, .T. ) ;
#1374 = ORIENTED_EDGE ( 'NONE', *, *, #1815, .T. ) ;
#1375 = VECTOR ( 'NONE', #826, 1000.000000000000000 ) ;
#1376 = VERTEX_POINT ( 'NONE', #1281 ) ;
#1377 = DIRECTION ( 'NONE',  ( -0.9667350248728459050, 5.768197682012375252E-15, -0.2557799673236705873 ) ) ;
#1378 = AXIS2_PLACEMENT_3D ( 'NONE', #2319, #1592, #804 ) ;
#1379 = EDGE_CURVE ( 'NONE', #2336, #1863, #266, .T. ) ;
#1380 = CIRCLE ( 'NONE', #1017, 1.000000000000000888 ) ;
#1381 = CARTESIAN_POINT ( 'NONE',  ( 87.45209740330980708, -4.999999999999999112, -7.479254177161609896 ) ) ;
#1382 = CARTESIAN_POINT ( 'NONE',  ( -85.41092364180185825, 16.36244677214908450, 12.50000000000000000 ) ) ;
#1383 = ADVANCED_FACE ( 'NONE', ( #1221 ), #2233, .F. ) ;
#1384 = CARTESIAN_POINT ( 'NONE',  ( 112.5000000000000000, -5.000000000000000000, -15.00000000000000000 ) ) ;
#1385 = LINE ( 'NONE', #383, #2851 ) ;
#1386 = VERTEX_POINT ( 'NONE', #822 ) ;
#1387 = CARTESIAN_POINT ( 'NONE',  ( -94.28516069448170356, -13.47903236469386457, 7.500000000000000888 ) ) ;
#1388 = EDGE_CURVE ( 'NONE', #1398, #2143, #2762, .T. ) ;
#1389 = CONICAL_SURFACE ( 'NONE', #928, 7.499999999999992895, 0.7853981633974453924 ) ;
#1390 = ORIENTED_EDGE ( 'NONE', *, *, #348, .T. ) ;
#1391 = DIRECTION ( 'NONE',  ( 1.000000000000000000, 0.000000000000000000, 0.000000000000000000 ) ) ;
#1392 = CARTESIAN_POINT ( 'NONE',  ( 87.29957982210629552, -5.000000000001834088, 7.049821435230060551 ) ) ;
#1393 = CYLINDRICAL_SURFACE ( 'NONE', #2118, 7.499999999999992895 ) ;
#1394 = B_SPLINE_CURVE_WITH_KNOTS ( 'NONE', 3,
 ( #677, #717, #2748, #1, #1245, #1711, #2004, #1692, #2715, #932 ),
 .UNSPECIFIED., .F., .F.,
 ( 4, 2, 2, 2, 4 ),
 ( -6.578102695102383305E-06, 0.0004905520520395135423, 0.0009876822067741268269, 0.001484812361508740111, 0.001981942516243353179 ),
 .UNSPECIFIED. ) ;
#1395 = CARTESIAN_POINT ( 'NONE',  ( 74.54044117646974144, 1007.445704556437590, -7.500000000000000000 ) ) ;
#1396 = PLANE ( 'NONE',  #1916 ) ;
#1397 = EDGE_LOOP ( 'NONE', ( #577, #1098, #1355, #1039, #1440, #800 ) ) ;
#1398 = VERTEX_POINT ( 'NONE', #2335 ) ;
#1399 = CARTESIAN_POINT ( 'NONE',  ( -82.77631411202654022, 18.22711742941149993, 12.50000000000000000 ) ) ;
#1400 = DIRECTION ( 'NONE',  ( -1.000000000000000000, 0.000000000000000000, 0.000000000000000000 ) ) ;
#1401 = FACE_OUTER_BOUND ( 'NONE', #190, .T. ) ;
#1402 = CARTESIAN_POINT ( 'NONE',  ( 104.9108722611873219, 5.000000000000000000, -0.6711734656911141350 ) ) ;
#1403 = LINE ( 'NONE', #1660, #1549 ) ;
#1404 = ORIENTED_EDGE ( 'NONE', *, *, #1470, .F. ) ;
#1405 = CARTESIAN_POINT ( 'NONE',  ( 92.48186696508803095, -0.5212165745736736522, -0.5147233411116335366 ) ) ;
#1406 = FACE_OUTER_BOUND ( 'NONE', #2971, .T. ) ;
#1407 = ADVANCED_FACE ( 'NONE', ( #1579 ), #3043, .F. ) ;
#1408 = VERTEX_POINT ( 'NONE', #557 ) ;
#1409 = DIRECTION ( 'NONE',  ( -1.000000000000000000, 0.000000000000000000, 0.000000000000000000 ) ) ;
#1410 = CARTESIAN_POINT ( 'NONE',  ( 87.87507930664079936, -5.376086366742320877, 6.428199609258623326 ) ) ;
#1411 = DIRECTION ( 'NONE',  ( 1.000000000000000000, 0.000000000000000000, 0.000000000000000000 ) ) ;
#1412 = DIRECTION ( 'NONE',  ( -0.000000000000000000, 0.000000000000000000, 1.000000000000000000 ) ) ;
#1413 = VERTEX_POINT ( 'NONE', #1087 ) ;
#1414 = ORIENTED_EDGE ( 'NONE', *, *, #2830, .T. ) ;
#1415 = DIRECTION ( 'NONE',  ( -0.2557799673236767490, 0.000000000000000000, 0.9667350248728442397 ) ) ;
#1416 = DIRECTION ( 'NONE',  ( 0.000000000000000000, 0.000000000000000000, 1.000000000000000000 ) ) ;
#1417 = EDGE_CURVE ( 'NONE', #384, #1259, #1710, .T. ) ;
#1418 = CARTESIAN_POINT ( 'NONE',  ( 92.49467713169461547, -0.2903404633462960960, 0.1054940511099612260 ) ) ;
#1419 = ORIENTED_EDGE ( 'NONE', *, *, #840, .F. ) ;
#1420 = CARTESIAN_POINT ( 'NONE',  ( -85.00000000000000000, 0.000000000000000000, 7.500000000000000000 ) ) ;
#1421 = ORIENTED_EDGE ( 'NONE', *, *, #1141, .T. ) ;
#1422 = DIRECTION ( 'NONE',  ( -0.7071067811865607844, 0.000000000000000000, -0.7071067811865343611 ) ) ;
#1423 = DIRECTION ( 'NONE',  ( -0.000000000000000000, -0.000000000000000000, -1.000000000000000000 ) ) ;
#1424 = CYLINDRICAL_SURFACE ( 'NONE', #2074, 16.50000000000000000 ) ;
#1425 = ADVANCED_FACE ( 'NONE', ( #1037 ), #1811, .T. ) ;
#1426 = CARTESIAN_POINT ( 'NONE',  ( -103.4893352933840021, 5.740566363549769235, 11.50000000000000000 ) ) ;
#1427 = CARTESIAN_POINT ( 'NONE',  ( -82.72397815578361246, 19.22574696416608475, 7.500000000000000888 ) ) ;
#1428 = ORIENTED_EDGE ( 'NONE', *, *, #2450, .T. ) ;
#1429 = CIRCLE ( 'NONE', #748, 3.000000000000002665 ) ;
#1430 = CARTESIAN_POINT ( 'NONE',  ( 108.7054361305936538, -5.000000000000000000, 7.835586732845687408 ) ) ;
#1431 = DIRECTION ( 'NONE',  ( -0.000000000000000000, -0.000000000000000000, -1.000000000000000000 ) ) ;
#1432 = TOROIDAL_SURFACE ( 'NONE', #1588, 15.50000000000000711, 1.000000000000000000 ) ;
#1433 = AXIS2_PLACEMENT_3D ( 'NONE', #1923, #676, #643 ) ;
#1434 = CARTESIAN_POINT ( 'NONE',  ( 90.95679064673197445, 5.000000000000000000, 5.381112248147367438 ) ) ;
#1435 = ORIENTED_EDGE ( 'NONE', *, *, #904, .F. ) ;
#1436 = AXIS2_PLACEMENT_3D ( 'NONE', #329, #787, #1515 ) ;
#1437 = CARTESIAN_POINT ( 'NONE',  ( -79.51571579000284373, -14.92660642316945996, 12.42226429100454865 ) ) ;
#1438 = ORIENTED_EDGE ( 'NONE', *, *, #1544, .T. ) ;
#1439 = CARTESIAN_POINT ( 'NONE',  ( -85.00000000000000000, 0.000000000000000000, 12.50000000000000000 ) ) ;
#1440 = ORIENTED_EDGE ( 'NONE', *, *, #2172, .F. ) ;
#1441 = AXIS2_PLACEMENT_3D ( 'NONE', #1204, #959, #1967 ) ;
#1442 = CARTESIAN_POINT ( 'NONE',  ( 86.98435942173480839, -7.232725467302892675, 5.000000000000219380 ) ) ;
#1443 = CARTESIAN_POINT ( 'NONE',  ( -70.93653537048939484, 7.422919821337117696, 12.42226674930540398 ) ) ;
#1444 = CARTESIAN_POINT ( 'NONE',  ( 108.7054361305936538, 5.000000000000000000, 7.835586732845687408 ) ) ;
#1445 = EDGE_CURVE ( 'NONE', #300, #2160, #2658, .T. ) ;
#1446 = DIRECTION ( 'NONE',  ( 0.000000000000000000, 0.000000000000000000, 1.000000000000000000 ) ) ;
#1447 = AXIS2_PLACEMENT_3D ( 'NONE', #2603, #155, #381 ) ;
#1448 = ORIENTED_EDGE ( 'NONE', *, *, #2997, .T. ) ;
#1449 = DIRECTION ( 'NONE',  ( -0.000000000000000000, 0.000000000000000000, 1.000000000000000000 ) ) ;
#1450 = CARTESIAN_POINT ( 'NONE',  ( 90.25057968683893250, 5.356220675620328109, -5.012673141594095050 ) ) ;
#1451 = AXIS2_PLACEMENT_3D ( 'NONE', #1490, #2456, #1208 ) ;
#1452 = CARTESIAN_POINT ( 'NONE',  ( -98.14195088138329481, -14.21614394963727968, 7.500000000000000888 ) ) ;
#1453 = APPROVAL ( #1736, 'UNSPECIFIED' ) ;
#1454 = CARTESIAN_POINT ( 'NONE',  ( 90.95679089068440248, 5.000000000000000000, -5.381112374308609780 ) ) ;
#1455 = EDGE_CURVE ( 'NONE', #2809, #1687, #2177, .T. ) ;
#1456 = CARTESIAN_POINT ( 'NONE',  ( 87.09419249313762634, 5.000000000000000000, 7.570918380893472133 ) ) ;
#1457 = ORIENTED_EDGE ( 'NONE', *, *, #2001, .F. ) ;
#1458 = CARTESIAN_POINT ( 'NONE',  ( -73.41603378125691393, -15.51197435559140914, 7.500000000000000888 ) ) ;
#1459 = VERTEX_POINT ( 'NONE', #585 ) ;
#1460 = CARTESIAN_POINT ( 'NONE',  ( 86.22116487098570303, 5.000000000000000000, 7.791204200782390288 ) ) ;
#1461 = DIRECTION ( 'NONE',  ( -0.8386705679454298235, -0.5446390350150182025, 0.000000000000000000 ) ) ;
#1462 = DIRECTION ( 'NONE',  ( 1.000000000000000000, 0.000000000000000000, 0.000000000000000000 ) ) ;
#1463 = EDGE_CURVE ( 'NONE', #1962, #1408, #1596, .T. ) ;
#1464 = EDGE_CURVE ( 'NONE', #819, #3021, #806, .T. ) ;
#1465 = B_SPLINE_CURVE_WITH_KNOTS ( 'NONE', 3,
 ( #1265, #2014, #1468, #2785, #268, #2466, #1741, #2289, #2991, #1035 ),
 .UNSPECIFIED., .F., .F.,
 ( 4, 2, 2, 2, 4 ),
 ( 0.000000000000000000, 0.0004980977809551779927, 0.0009961955619103559853, 0.001494293342865533978, 0.001992391123820711971 ),
 .UNSPECIFIED. ) ;
#1466 = ORIENTED_EDGE ( 'NONE', *, *, #1333, .T. ) ;
#1467 = PLANE ( 'NONE',  #2083 ) ;
#1468 = CARTESIAN_POINT ( 'NONE',  ( -91.75355084417665807, -15.00639239893327570, 11.83148599391332390 ) ) ;
#1469 = DIRECTION ( 'NONE',  ( 0.000000000000000000, 1.000000000000000000, -0.000000000000000000 ) ) ;
#1470 = EDGE_CURVE ( 'NONE', #1586, #703, #495, .T. ) ;
#1471 = CARTESIAN_POINT ( 'NONE',  ( 86.37307900071807865, -5.000000000000000888, 7.314946817911514465 ) ) ;
#1472 = ORIENTED_EDGE ( 'NONE', *, *, #2108, .T. ) ;
#1473 = FACE_OUTER_BOUND ( 'NONE', #455, .T. ) ;
#1474 = AXIS2_PLACEMENT_3D ( 'NONE', #1666, #599, #2930 ) ;
#1475 = CIRCLE ( 'NONE', #476, 7.499999999999992895 ) ;
#1476 = ORIENTED_EDGE ( 'NONE', *, *, #1232, .F. ) ;
#1477 = CARTESIAN_POINT ( 'NONE',  ( 85.00000000000000000, 3.122849337825751327E-14, 7.500000000000000000 ) ) ;
#1478 = CARTESIAN_POINT ( 'NONE',  ( -96.25398970823380296, -11.88470606526634299, 7.500000000000000888 ) ) ;
#1479 = DIRECTION ( 'NONE',  ( 1.000000000000000000, 1.865174681370259832E-14, 0.000000000000000000 ) ) ;
#1480 = DIRECTION ( 'NONE',  ( -0.9986295347545743883, 0.05233595624293323895, 0.000000000000000000 ) ) ;
#1481 = ORIENTED_EDGE ( 'NONE', *, *, #2579, .F. ) ;
#1482 = CARTESIAN_POINT ( 'NONE',  ( -85.00000000000000000, 0.000000000000000000, 12.50000000000000000 ) ) ;
#1483 = ADVANCED_FACE ( 'NONE', ( #3081 ), #3047, .T. ) ;
#1484 = DIRECTION ( 'NONE',  ( -0.000000000000000000, -1.000000000000000000, -0.000000000000000000 ) ) ;
#1485 = EDGE_CURVE ( 'NONE', #2116, #1940, #2537, .T. ) ;
#1486 = CARTESIAN_POINT ( 'NONE',  ( 112.4999999999999716, 5.000000000000000000, 15.00000000000013500 ) ) ;
#1487 = ORIENTED_EDGE ( 'NONE', *, *, #1485, .F. ) ;
#1488 = ADVANCED_FACE ( 'NONE', ( #1829 ), #2075, .T. ) ;
#1489 = CIRCLE ( 'NONE', #2805, 3.785496316990446974 ) ;
#1490 = CARTESIAN_POINT ( 'NONE',  ( -32.07720588235311254, 426.7308025708726973, 7.500000000000000000 ) ) ;
#1491 = ORIENTED_EDGE ( 'NONE', *, *, #794, .T. ) ;
#1492 = VECTOR ( 'NONE', #1880, 1000.000000000000000 ) ;
#1493 = AXIS2_PLACEMENT_3D ( 'NONE', #2333, #296, #3093 ) ;
#1494 = CIRCLE ( 'NONE', #3119, 12.42900736601909983 ) ;
#1495 = ORIENTED_EDGE ( 'NONE', *, *, #220, .T. ) ;
#1496 = DIRECTION ( 'NONE',  ( 1.000000000000000000, 1.734723475976805517E-15, 0.000000000000000000 ) ) ;
#1497 = VERTEX_POINT ( 'NONE', #1798 ) ;
#1498 = DIRECTION ( 'NONE',  ( 0.000000000000000000, 0.000000000000000000, 1.000000000000000000 ) ) ;
#1499 = DIRECTION ( 'NONE',  ( 1.000000000000000000, 0.000000000000000000, 0.000000000000000000 ) ) ;
#1500 = DIRECTION ( 'NONE',  ( -0.000000000000000000, -0.000000000000000000, -1.000000000000000000 ) ) ;
#1501 = DIRECTION ( 'NONE',  ( 0.000000000000000000, 0.000000000000000000, 1.000000000000000000 ) ) ;
#1502 = CYLINDRICAL_SURFACE ( 'NONE', #1069, 19.99999999999999645 ) ;
#1503 = ORIENTED_EDGE ( 'NONE', *, *, #988, .F. ) ;
#1504 = CARTESIAN_POINT ( 'NONE',  ( 88.33545673620506022, 4.999999999999999112, 7.057779880286312313 ) ) ;
#1505 = ORIENTED_EDGE ( 'NONE', *, *, #1086, .T. ) ;
#1506 = DIRECTION ( 'NONE',  ( 1.000000000000000000, 0.000000000000000000, 0.000000000000000000 ) ) ;
#1507 = EDGE_LOOP ( 'NONE', ( #1181, #3102, #2444, #775 ) ) ;
#1508 = DIRECTION ( 'NONE',  ( 1.000000000000000000, 0.000000000000000000, 0.000000000000000000 ) ) ;
#1509 = COORDINATED_UNIVERSAL_TIME_OFFSET ( 5, 30, .AHEAD. ) ;
#1510 = B_SPLINE_CURVE_WITH_KNOTS ( 'NONE', 3,
 ( #2608, #420, #2664, #1875 ),
 .UNSPECIFIED., .F., .F.,
 ( 4, 4 ),
 ( 0.0009785069224373325446, 0.001577369192163846374 ),
 .UNSPECIFIED. ) ;
#1511 = EDGE_CURVE ( 'NONE', #2012, #2650, #1973, .T. ) ;
#1512 = VERTEX_POINT ( 'NONE', #2378 ) ;
#1513 = DIRECTION ( 'NONE',  ( -0.000000000000000000, -0.000000000000000000, 1.000000000000000000 ) ) ;
#1514 = CARTESIAN_POINT ( 'NONE',  ( 86.45906356030951656, -5.318092103414594263, -6.985385771114841269 ) ) ;
#1515 = DIRECTION ( 'NONE',  ( 1.000000000000000000, 1.156482317317865020E-15, 0.000000000000000000 ) ) ;
#1516 = CARTESIAN_POINT ( 'NONE',  ( -69.50000000000000000, 0.000000000000000000, 11.50000000000000000 ) ) ;
#1517 = ORIENTED_EDGE ( 'NONE', *, *, #142, .T. ) ;
#1518 = CARTESIAN_POINT ( 'NONE',  ( -79.87450157486659919, -15.68372614827086231, 10.00000000000000000 ) ) ;
#1519 = ORIENTED_EDGE ( 'NONE', *, *, #2059, .F. ) ;
#1520 = DIRECTION ( 'NONE',  ( 0.000000000000000000, 0.000000000000000000, 1.000000000000000000 ) ) ;
#1521 = ADVANCED_FACE ( 'NONE', ( #2140 ), #2863, .F. ) ;
#1522 = AXIS2_PLACEMENT_3D ( 'NONE', #366, #388, #3126 ) ;
#1523 = ORIENTED_EDGE ( 'NONE', *, *, #1865, .F. ) ;
#1524 = DIRECTION ( 'NONE',  ( 1.000000000000000000, 0.000000000000000000, 0.000000000000000000 ) ) ;
#1525 = EDGE_CURVE ( 'NONE', #1083, #2294, #2330, .T. ) ;
#1526 = CIRCLE ( 'NONE', #1793, 16.50000000000000000 ) ;
#1527 = ORIENTED_EDGE ( 'NONE', *, *, #2551, .T. ) ;
#1528 = EDGE_CURVE ( 'NONE', #1088, #3007, #871, .T. ) ;
#1529 = FACE_OUTER_BOUND ( 'NONE', #1091, .T. ) ;
#1530 = CYLINDRICAL_SURFACE ( 'NONE', #1371, 3.785496316990448751 ) ;
#1531 = CARTESIAN_POINT ( 'NONE',  ( 90.70285981241937634, -5.049628746980808103, 5.249282646380169837 ) ) ;
#1532 = ORIENTED_EDGE ( 'NONE', *, *, #1737, .T. ) ;
#1533 = CC_DESIGN_PERSON_AND_ORGANIZATION_ASSIGNMENT ( #1261, #1015, ( #2539 ) ) ;
#1534 = DIRECTION ( 'NONE',  ( -0.000000000000000000, -0.000000000000000000, -1.000000000000000000 ) ) ;
#1535 = ORIENTED_EDGE ( 'NONE', *, *, #1815, .F. ) ;
#1536 = CARTESIAN_POINT ( 'NONE',  ( 90.28559905542414299, 5.000000000000000888, -5.934975860522366808 ) ) ;
#1537 = AXIS2_PLACEMENT_3D ( 'NONE', #1607, #2006, #453 ) ;
#1538 = CIRCLE ( 'NONE', #584, 5.000000000000129674 ) ;
#1539 = AXIS2_PLACEMENT_3D ( 'NONE', #3069, #606, #77 ) ;
#1540 = ORIENTED_EDGE ( 'NONE', *, *, #49, .F. ) ;
#1541 = CARTESIAN_POINT ( 'NONE',  ( 88.21320974136270365, -5.000000000000000000, -7.135306389179076447 ) ) ;
#1542 = AXIS2_PLACEMENT_3D ( 'NONE', #883, #1131, #2625 ) ;
#1543 = APPROVAL_PERSON_ORGANIZATION ( #2506, #1743, #1750 ) ;
#1544 = EDGE_CURVE ( 'NONE', #1159, #1061, #813, .T. ) ;
#1545 = VERTEX_POINT ( 'NONE', #98 ) ;
#1546 = CYLINDRICAL_SURFACE ( 'NONE', #1186, 19.99999999999999645 ) ;
#1547 = CARTESIAN_POINT ( 'NONE',  ( 86.22585793229572459, -5.000000000000000000, 7.803511057891685532 ) ) ;
#1548 = DIRECTION ( 'NONE',  ( 1.000000000000000000, 0.000000000000000000, 0.000000000000000000 ) ) ;
#1549 = VECTOR ( 'NONE', #1122, 1000.000000000000114 ) ;
#1550 = CARTESIAN_POINT ( 'NONE',  ( -85.00000000000000000, 0.000000000000000000, -7.500000000000000000 ) ) ;
#1551 = EDGE_LOOP ( 'NONE', ( #652, #403, #2919, #1309, #2797 ) ) ;
#1552 = CIRCLE ( 'NONE', #3251, 20.00000000000000355 ) ;
#1553 = EDGE_CURVE ( 'NONE', #1398, #2458, #609, .T. ) ;
#1554 = AXIS2_PLACEMENT_3D ( 'NONE', #2784, #1293, #2061 ) ;
#1555 = CARTESIAN_POINT ( 'NONE',  ( 90.11723868382190972, 5.483052822360646061, 5.000000000000219380 ) ) ;
#1556 = CARTESIAN_POINT ( 'NONE',  ( 86.75959287338753256, 5.327659061564291143, 6.900865351127669634 ) ) ;
#1557 = EDGE_LOOP ( 'NONE', ( #2780, #2765, #2983, #1419 ) ) ;
#1558 = DIRECTION ( 'NONE',  ( 0.000000000000000000, 1.000000000000000000, 0.000000000000000000 ) ) ;
#1559 = VERTEX_POINT ( 'NONE', #3107 ) ;
#1560 = CARTESIAN_POINT ( 'NONE',  ( 89.67107938123777444, -5.000000000000000000, -6.334777691582162085 ) ) ;
#1561 = ADVANCED_FACE ( 'NONE', ( #885 ), #3180, .T. ) ;
#1562 = ORIENTED_EDGE ( 'NONE', *, *, #3216, .T. ) ;
#1563 = CARTESIAN_POINT ( 'NONE',  ( 89.28742013017952672, -4.999999999999999112, 6.546021537309803406 ) ) ;
#1564 = DIRECTION ( 'NONE',  ( 1.000000000000000000, 8.881784197001250351E-16, 0.000000000000000000 ) ) ;
#1565 = EDGE_CURVE ( 'NONE', #3225, #365, #1207, .T. ) ;
#1566 = CARTESIAN_POINT ( 'NONE',  ( -68.68908771183302520, 0.1959420952190573106, 12.10368025391362323 ) ) ;
#1567 = ORIENTED_EDGE ( 'NONE', *, *, #875, .F. ) ;
#1568 = DIRECTION ( 'NONE',  ( 1.000000000000000000, 1.776356839400251254E-15, 0.000000000000000000 ) ) ;
#1569 = FACE_OUTER_BOUND ( 'NONE', #672, .T. ) ;
#1570 = ORIENTED_EDGE ( 'NONE', *, *, #1320, .F. ) ;
#1571 = CARTESIAN_POINT ( 'NONE',  ( 91.02079728939611414, -5.000000000000000000, -5.000000000000108358 ) ) ;
#1572 = ADVANCED_FACE ( 'NONE', ( #616 ), #1149, .T. ) ;
#1573 = AXIS2_PLACEMENT_3D ( 'NONE', #2594, #114, #343 ) ;
#1574 = ORIENTED_EDGE ( 'NONE', *, *, #415, .T. ) ;
#1575 = CARTESIAN_POINT ( 'NONE',  ( 92.49210482911900044, -0.3468861554638454914, -1.179730184966913065 ) ) ;
#1576 = ORIENTED_EDGE ( 'NONE', *, *, #2020, .T. ) ;
#1577 = CARTESIAN_POINT ( 'NONE',  ( 89.54914903693756401, -5.457459824526796233, -5.406317076789509457 ) ) ;
#1578 = DIRECTION ( 'NONE',  ( 1.000000000000000000, 0.000000000000000000, 0.000000000000000000 ) ) ;
#1579 = FACE_OUTER_BOUND ( 'NONE', #1701, .T. ) ;
#1580 = ORIENTED_EDGE ( 'NONE', *, *, #1837, .F. ) ;
#1581 = DIRECTION ( 'NONE',  ( -0.6293203910498469389, -0.7771459614569631302, 0.000000000000000000 ) ) ;
#1582 = CARTESIAN_POINT ( 'NONE',  ( -101.4066501463505148, 1.752663965298880910, 10.00000000000000000 ) ) ;
#1583 = ORIENTED_EDGE ( 'NONE', *, *, #1341, .T. ) ;
#1584 = TOROIDAL_SURFACE ( 'NONE', #532, 1.999999999999996669, 1.000000000000000000 ) ;
#1585 = CARTESIAN_POINT ( 'NONE',  ( -85.00000000000000000, 0.000000000000000000, -5.000000000000108358 ) ) ;
#1586 = VERTEX_POINT ( 'NONE', #1096 ) ;
#1587 = CARTESIAN_POINT ( 'NONE',  ( 88.01282816388611252, -5.000000000001428191, -6.695862873157945039 ) ) ;
#1588 = AXIS2_PLACEMENT_3D ( 'NONE', #2503, #1010, #816 ) ;
#1589 = EDGE_LOOP ( 'NONE', ( #2056, #2168, #992, #1476 ) ) ;
#1590 = AXIS2_PLACEMENT_3D ( 'NONE', #2483, #2772, #1988 ) ;
#1591 = CARTESIAN_POINT ( 'NONE',  ( -72.04995088630195710, -12.99596265175510723, 11.50000000000000000 ) ) ;
#1592 = DIRECTION ( 'NONE',  ( 0.000000000000000000, 0.000000000000000000, 1.000000000000000000 ) ) ;
#1593 = AXIS2_PLACEMENT_3D ( 'NONE', #2511, #42, #1036 ) ;
#1594 = B_SPLINE_CURVE_WITH_KNOTS ( 'NONE', 3,
 ( #2262, #482, #1939, #1990, #272, #1269 ),
 .UNSPECIFIED., .F., .F.,
 ( 4, 2, 4 ),
 ( 0.000000000000000000, 0.0004089056736908424673, 0.0008178113473816849346 ),
 .UNSPECIFIED. ) ;
#1595 = LINE ( 'NONE', #1860, #2025 ) ;
#1596 = LINE ( 'NONE', #3062, #2377 ) ;
#1597 = ORIENTED_EDGE ( 'NONE', *, *, #3111, .F. ) ;
#1598 = DIRECTION ( 'NONE',  ( 1.000000000000000000, 0.000000000000000000, 0.000000000000000000 ) ) ;
#1599 = DIRECTION ( 'NONE',  ( 1.000000000000000000, 0.000000000000000000, 0.000000000000000000 ) ) ;
#1600 = CIRCLE ( 'NONE', #1441, 2.000000000000001776 ) ;
#1601 = EDGE_CURVE ( 'NONE', #1195, #1696, #1113, .T. ) ;
#1602 = AXIS2_PLACEMENT_3D ( 'NONE', #917, #1123, #2184 ) ;
#1603 = DIRECTION ( 'NONE',  ( 0.000000000000000000, 0.000000000000000000, -1.000000000000000000 ) ) ;
#1604 = DIRECTION ( 'NONE',  ( 0.3583679495452841146, 0.9335804264972079602, -0.000000000000000000 ) ) ;
#1605 = ORIENTED_EDGE ( 'NONE', *, *, #2798, .T. ) ;
#1606 = AXIS2_PLACEMENT_3D ( 'NONE', #2488, #3252, #431 ) ;
#1607 = CARTESIAN_POINT ( 'NONE',  ( -68.90967611852357777, 2.999999999999999556, 12.50000000000000000 ) ) ;
#1608 = ORIENTED_EDGE ( 'NONE', *, *, #21, .T. ) ;
#1609 = FACE_OUTER_BOUND ( 'NONE', #2051, .T. ) ;
#1610 = CARTESIAN_POINT ( 'NONE',  ( 89.23265303829421669, -5.441983190692719852, 5.627670909129637522 ) ) ;
#1611 = DIRECTION ( 'NONE',  ( 0.000000000000000000, -0.000000000000000000, -1.000000000000000000 ) ) ;
#1612 = EDGE_CURVE ( 'NONE', #1376, #1042, #2157, .T. ) ;
#1613 = CARTESIAN_POINT ( 'NONE',  ( -66.01189863965637983, 3.776457135307591972, 7.500000000000000888 ) ) ;
#1614 = CARTESIAN_POINT ( 'NONE',  ( 87.54991266509820491, 5.360726717434483035, -6.574663476468707302 ) ) ;
#1615 = ORIENTED_EDGE ( 'NONE', *, *, #2339, .F. ) ;
#1616 = DIRECTION ( 'NONE',  ( 0.000000000000000000, 0.000000000000000000, 1.000000000000000000 ) ) ;
#1617 = CARTESIAN_POINT ( 'NONE',  ( -97.18171793331487152, -9.893808677205480961, 12.48730321279972166 ) ) ;
#1618 = FACE_OUTER_BOUND ( 'NONE', #90, .T. ) ;
#1619 = EDGE_CURVE ( 'NONE', #2012, #2520, #1595, .T. ) ;
#1620 = EDGE_LOOP ( 'NONE', ( #936, #2240, #252, #2563 ) ) ;
#1621 = LINE ( 'NONE', #919, #2227 ) ;
#1622 = DESIGN_CONTEXT ( 'detailed design', #824, 'design' ) ;
#1623 = EDGE_CURVE ( 'NONE', #284, #739, #3044, .T. ) ;
#1624 = ORIENTED_EDGE ( 'NONE', *, *, #2987, .F. ) ;
#1625 = FACE_OUTER_BOUND ( 'NONE', #3053, .T. ) ;
#1626 = FACE_OUTER_BOUND ( 'NONE', #3152, .T. ) ;
#1627 = DIRECTION ( 'NONE',  ( 0.000000000000000000, -0.000000000000000000, 1.000000000000000000 ) ) ;
#1628 = CARTESIAN_POINT ( 'NONE',  ( 91.02079728939611414, -6.000000000000000000, 7.500000000000000000 ) ) ;
#1629 = AXIS2_PLACEMENT_3D ( 'NONE', #2117, #921, #2874 ) ;
#1630 = ADVANCED_FACE ( 'NONE', ( #3164 ), #2122, .F. ) ;
#1631 = CARTESIAN_POINT ( 'NONE',  ( -96.52821598345779819, -14.23616113789375603, 12.50000000000000000 ) ) ;
#1632 = ORIENTED_EDGE ( 'NONE', *, *, #435, .F. ) ;
#1633 = DIRECTION ( 'NONE',  ( -1.000000000000000000, 0.000000000000000000, 0.000000000000000000 ) ) ;
#1634 = DIRECTION ( 'NONE',  ( 1.000000000000000000, 0.000000000000000000, 0.000000000000000000 ) ) ;
#1635 = APPROVAL ( #213, 'UNSPECIFIED' ) ;
#1636 = DIRECTION ( 'NONE',  ( 0.000000000000000000, 1.000000000000000000, -0.000000000000000000 ) ) ;
#1637 = B_SPLINE_CURVE_WITH_KNOTS ( 'NONE', 3,
 ( #614, #1094, #1910, #1335, #1350, #3146, #882, #367, #1842, #1110 ),
 .UNSPECIFIED., .F., .F.,
 ( 4, 2, 2, 2, 4 ),
 ( -6.578102695116801499E-06, 0.0004905520520395292633, 0.0009876822067741751823, 0.001484812361508821210, 0.001981942516243467237 ),
 .UNSPECIFIED. ) ;
#1638 = DIRECTION ( 'NONE',  ( -0.000000000000000000, -1.000000000000000000, -0.000000000000000000 ) ) ;
#1639 = CARTESIAN_POINT ( 'NONE',  ( 92.49999999126058015, 0.0003620654553072538782, -1.342346769779096505 ) ) ;
#1640 = ORIENTED_EDGE ( 'NONE', *, *, #2450, .F. ) ;
#1641 = CARTESIAN_POINT ( 'NONE',  ( -91.73681620105990930, -15.06204858155547299, 10.00000000000000000 ) ) ;
#1642 = EDGE_LOOP ( 'NONE', ( #724, #1908, #1248, #3207 ) ) ;
#1643 = CYLINDRICAL_SURFACE ( 'NONE', #1474, 3.000000000000002665 ) ;
#1644 = DIRECTION ( 'NONE',  ( 0.000000000000000000, -0.000000000000000000, -1.000000000000000000 ) ) ;
#1645 = CARTESIAN_POINT ( 'NONE',  ( 85.97455357664966868, 5.304532990911830836, -7.106687017664277128 ) ) ;
#1646 = AXIS2_PLACEMENT_3D ( 'NONE', #1680, #2872, #2676 ) ;
#1647 = CARTESIAN_POINT ( 'NONE',  ( -98.33224383509326572, -9.721176591422358015, 10.00000000000000000 ) ) ;
#1648 = VECTOR ( 'NONE', #2040, 1000.000000000000000 ) ;
#1649 = CARTESIAN_POINT ( 'NONE',  ( -100.4965815305900492, 2.477430687984545798, 12.48730321279972166 ) ) ;
#1650 = ORIENTED_EDGE ( 'NONE', *, *, #2510, .T. ) ;
#1651 = VECTOR ( 'NONE', #2123, 1000.000000000000000 ) ;
#1652 = ORIENTED_EDGE ( 'NONE', *, *, #2334, .T. ) ;
#1653 = CARTESIAN_POINT ( 'NONE',  ( 86.73135005369483963, 5.326739905600678782, -6.908657940756405935 ) ) ;
#1654 = AXIS2_PLACEMENT_3D ( 'NONE', #556, #3106, #1564 ) ;
#1655 = CIRCLE ( 'NONE', #3245, 17.50000000000012790 ) ;
#1656 = DIRECTION ( 'NONE',  ( -0.000000000000000000, -0.000000000000000000, 1.000000000000000000 ) ) ;
#1657 = CARTESIAN_POINT ( 'NONE',  ( -90.00000000000001421, 6.123233995736772199E-16, -7.500000000000000000 ) ) ;
#1658 = EDGE_CURVE ( 'NONE', #1042, #1195, #1526, .T. ) ;
#1659 = CARTESIAN_POINT ( 'NONE',  ( 92.50000000000000000, 3.122502256758252770E-14, 6.255846535241360584E-14 ) ) ;
#1660 = CARTESIAN_POINT ( 'NONE',  ( 0.7782335887233796656, 14.84958148141508083, 11.50000000000000000 ) ) ;
#1661 = ORIENTED_EDGE ( 'NONE', *, *, #2989, .F. ) ;
#1662 = CARTESIAN_POINT ( 'NONE',  ( -82.88098602451239572, 16.22985835990235870, 12.50000000000000000 ) ) ;
#1663 = AXIS2_PLACEMENT_3D ( 'NONE', #111, #2375, #145 ) ;
#1664 = ORIENTED_EDGE ( 'NONE', *, *, #2282, .T. ) ;
#1665 =( BOUNDED_SURFACE ( )  B_SPLINE_SURFACE ( 3, 2, ( 
 ( #41, #1726, #1514 ),
 ( #280, #1253, #2509 ),
 ( #1279, #2728, #2248 ),
 ( #462, #981, #254 ) ),
 .UNSPECIFIED., .F., .F., .T. ) 
 B_SPLINE_SURFACE_WITH_KNOTS ( ( 4, 4 ),
 ( 3, 3 ),
 ( 0.000000000000000000, 0.0004978037108791805035 ),
 ( 0.000000000000000000, 1.000000000000000000 ),
 .UNSPECIFIED. ) 
 GEOMETRIC_REPRESENTATION_ITEM ( )  RATIONAL_B_SPLINE_SURFACE ( (
 ( 1.000000000000000000, 0.9170354127800642852, 1.000000000000000000),
 ( 1.000000000000000000, 0.9170531684493917757, 1.000000000000000000),
 ( 1.000000000000000000, 0.9170708959347235734, 1.000000000000000000),
 ( 1.000000000000000000, 0.9170885951494088806, 1.000000000000000000) ) ) 
 REPRESENTATION_ITEM ( '' )  SURFACE ( )  );
#1666 = CARTESIAN_POINT ( 'NONE',  ( -77.17464692674111859, -14.37575639365296354, 7.500000000000000888 ) ) ;
#1667 = CARTESIAN_POINT ( 'NONE',  ( -82.26278654844297478, 17.28460767621308136, 7.500000000000000000 ) ) ;
#1668 = CARTESIAN_POINT ( 'NONE',  ( -81.87175605536337741, 19.75383734424366011, -5.000000000000108358 ) ) ;
#1669 = CARTESIAN_POINT ( 'NONE',  ( 86.29829109634822260, -5.318027365858647215, 7.027985582126477837 ) ) ;
#1670 = CARTESIAN_POINT ( 'NONE',  ( -45.82128951475345957, -56.58458013053758862, 11.50000000000000000 ) ) ;
#1671 = EDGE_LOOP ( 'NONE', ( #1785, #357, #1246, #2392, #2717 ) ) ;
#1672 = ORIENTED_EDGE ( 'NONE', *, *, #3082, .F. ) ;
#1673 = EDGE_CURVE ( 'NONE', #1408, #756, #1100, .T. ) ;
#1674 = CARTESIAN_POINT ( 'NONE',  ( -79.17461036825541498, -14.36366372616551068, 12.50000000000000000 ) ) ;
#1675 = CARTESIAN_POINT ( 'NONE',  ( -98.31097710875961582, 9.428793209474566339, 12.10368025391361080 ) ) ;
#1676 = DIRECTION ( 'NONE',  ( 0.000000000000000000, -1.000000000000000000, 0.000000000000000000 ) ) ;
#1677 = CYLINDRICAL_SURFACE ( 'NONE', #1602, 1.000000000000003109 ) ;
#1678 = EDGE_CURVE ( 'NONE', #2650, #2908, #2215, .T. ) ;
#1679 = VERTEX_POINT ( 'NONE', #686 ) ;
#1680 = CARTESIAN_POINT ( 'NONE',  ( -75.02302083649162512, -15.36320065859497674, 11.50000000000000000 ) ) ;
#1681 = ORIENTED_EDGE ( 'NONE', *, *, #1937, .F. ) ;
#1682 = CARTESIAN_POINT ( 'NONE',  ( -96.17312186763123805, -15.81047024906478349, 11.50000000000000000 ) ) ;
#1683 = CARTESIAN_POINT ( 'NONE',  ( -105.0000000000000142, 0.000000000000000000, -5.000000000000108358 ) ) ;
#1684 = CARTESIAN_POINT ( 'NONE',  ( -67.63351911094382274, 5.964723819589833553, 11.50000000000000000 ) ) ;
#1685 = LINE ( 'NONE', #424, #839 ) ;
#1686 = CARTESIAN_POINT ( 'NONE',  ( -101.3588892603134326, 1.785778262955250328, 11.83148599391331324 ) ) ;
#1687 = VERTEX_POINT ( 'NONE', #1997 ) ;
#1688 = DIRECTION ( 'NONE',  ( 0.000000000000000000, 0.000000000000000000, 1.000000000000000000 ) ) ;
#1689 = LINE ( 'NONE', #134, #3017 ) ;
#1690 = CARTESIAN_POINT ( 'NONE',  ( 88.20169773409799063, -4.999999999999999112, -7.140440775905648074 ) ) ;
#1691 = DIRECTION ( 'NONE',  ( 0.000000000000000000, 0.000000000000000000, -1.000000000000000000 ) ) ;
#1692 = CARTESIAN_POINT ( 'NONE',  ( -88.35679814914637120, 16.11006361066984738, 11.83148804205152693 ) ) ;
#1693 = EDGE_CURVE ( 'NONE', #1033, #156, #2358, .T. ) ;
#1694 = ORIENTED_EDGE ( 'NONE', *, *, #993, .F. ) ;
#1695 = CARTESIAN_POINT ( 'NONE',  ( 86.45906356030951656, -5.318092103414593375, -6.985385771114832387 ) ) ;
#1696 = VERTEX_POINT ( 'NONE', #1949 ) ;
#1697 = DIRECTION ( 'NONE',  ( -0.3583679495452841701, -0.9335804264972078492, 0.000000000000000000 ) ) ;
#1698 = CARTESIAN_POINT ( 'NONE',  ( -100.6885940138923843, 4.665462514913884640, 12.50000000000000000 ) ) ;
#1699 = CARTESIAN_POINT ( 'NONE',  ( 86.00526301406748075, 5.207017015043887476, -7.197048678605522554 ) ) ;
#1700 = DIRECTION ( 'NONE',  ( -0.000000000000000000, -1.000000000000000000, -0.000000000000000000 ) ) ;
#1701 = EDGE_LOOP ( 'NONE', ( #968, #3049, #47, #2675, #62 ) ) ;
#1702 = CIRCLE ( 'NONE', #2635, 16.50000000000000000 ) ;
#1703 = ADVANCED_FACE ( 'NONE', ( #493 ), #1356, .F. ) ;
#1704 = FACE_OUTER_BOUND ( 'NONE', #1214, .T. ) ;
#1705 = CARTESIAN_POINT ( 'NONE',  ( 87.45082179425425295, 5.356360416819940795, -6.618801195743711396 ) ) ;
#1706 = CIRCLE ( 'NONE', #377, 1.000000000000001554 ) ;
#1707 = CIRCLE ( 'NONE', #2286, 17.50000000000012790 ) ;
#1708 = CARTESIAN_POINT ( 'NONE',  ( 90.52099435628345248, 5.124011381707328283, -5.154488802005381842 ) ) ;
#1709 = CIRCLE ( 'NONE', #1493, 2.999999999999988898 ) ;
#1710 = CIRCLE ( 'NONE', #236, 5.000000000000004441 ) ;
#1711 = CARTESIAN_POINT ( 'NONE',  ( -88.09105984079707241, 15.91776269972346824, 12.21125592503878643 ) ) ;
#1712 = B_SPLINE_CURVE_WITH_KNOTS ( 'NONE', 3,
 ( #667, #513, #2021, #2515 ),
 .UNSPECIFIED., .F., .F.,
 ( 4, 4 ),
 ( 0.0001035795173232964024, 0.0007041636840314151151 ),
 .UNSPECIFIED. ) ;
#1713 = VERTEX_POINT ( 'NONE', #2208 ) ;
#1714 = DIRECTION ( 'NONE',  ( -0.000000000000000000, -0.000000000000000000, -1.000000000000000000 ) ) ;
#1715 = EDGE_CURVE ( 'NONE', #2858, #2795, #1685, .T. ) ;
#1716 = CIRCLE ( 'NONE', #3116, 1.000000000000001554 ) ;
#1717 = VERTEX_POINT ( 'NONE', #1426 ) ;
#1718 = CARTESIAN_POINT ( 'NONE',  ( 86.22585793229572459, -5.000000000000000000, 7.803511057891685532 ) ) ;
#1719 = CARTESIAN_POINT ( 'NONE',  ( -70.77636455193805887, 7.985765311952969014, 12.10368025391361968 ) ) ;
#1720 = COORDINATED_UNIVERSAL_TIME_OFFSET ( 5, 30, .AHEAD. ) ;
#1721 = CYLINDRICAL_SURFACE ( 'NONE', #2418, 450.0000000000000000 ) ;
#1722 = CIRCLE ( 'NONE', #2386, 3.000000000000002665 ) ;
#1723 = ORIENTED_EDGE ( 'NONE', *, *, #205, .F. ) ;
#1724 = ADVANCED_FACE ( 'NONE', ( #2701 ), #1721, .T. ) ;
#1725 = FACE_OUTER_BOUND ( 'NONE', #1917, .T. ) ;
#1726 = CARTESIAN_POINT ( 'NONE',  ( 86.53491565637257565, -5.000000000000000888, -7.272073109225990706 ) ) ;
#1727 = AXIS2_PLACEMENT_3D ( 'NONE', #286, #777, #2050 ) ;
#1728 = DIRECTION ( 'NONE',  ( -0.000000000000000000, 0.000000000000000000, 1.000000000000000000 ) ) ;
#1729 = FACE_OUTER_BOUND ( 'NONE', #1620, .T. ) ;
#1730 = ORIENTED_EDGE ( 'NONE', *, *, #1283, .T. ) ;
#1731 = DIRECTION ( 'NONE',  ( 0.000000000000000000, 1.000000000000000000, 0.000000000000000000 ) ) ;
#1732 = EDGE_CURVE ( 'NONE', #574, #819, #1475, .T. ) ;
#1733 = ORIENTED_EDGE ( 'NONE', *, *, #1244, .F. ) ;
#1734 = DIRECTION ( 'NONE',  ( -0.000000000000000000, -0.000000000000000000, -1.000000000000000000 ) ) ;
#1735 = DIRECTION ( 'NONE',  ( -0.000000000000000000, 0.000000000000000000, 1.000000000000000000 ) ) ;
#1736 = APPROVAL_STATUS ( 'not_yet_approved' ) ;
#1737 = EDGE_CURVE ( 'NONE', #1344, #56, #1712, .T. ) ;
#1738 = EDGE_CURVE ( 'NONE', #1717, #3161, #2316, .T. ) ;
#1739 = VERTEX_POINT ( 'NONE', #1905 ) ;
#1740 = CARTESIAN_POINT ( 'NONE',  ( 89.47709495540212288, 5.453595968793589321, 5.448553725608802800 ) ) ;
#1741 = CARTESIAN_POINT ( 'NONE',  ( -92.01449595847932983, -14.27157311079285762, 12.42226429100454510 ) ) ;
#1742 = LINE ( 'NONE', #1971, #2917 ) ;
#1743 = APPROVAL ( #263, 'UNSPECIFIED' ) ;
#1744 = CARTESIAN_POINT ( 'NONE',  ( 86.48416552009713598, -5.000000000000000000, 7.735350810758440332 ) ) ;
#1745 = VERTEX_POINT ( 'NONE', #176 ) ;
#1746 = DIRECTION ( 'NONE',  ( 0.000000000000000000, 0.000000000000000000, 1.000000000000000000 ) ) ;
#1747 = VECTOR ( 'NONE', #136, 1000.000000000000000 ) ;
#1748 = ORIENTED_EDGE ( 'NONE', *, *, #1873, .T. ) ;
#1749 = CARTESIAN_POINT ( 'NONE',  ( -68.50002392889005876, 0.02810076154515775068, 11.50000000000000000 ) ) ;
#1750 = APPROVAL_ROLE ( '' ) ;
#1751 = VERTEX_POINT ( 'NONE', #3200 ) ;
#1752 = DIRECTION ( 'NONE',  ( -0.000000000000000000, -0.000000000000000000, -1.000000000000000000 ) ) ;
#1753 = DIRECTION ( 'NONE',  ( 0.000000000000000000, 0.000000000000000000, 1.000000000000000000 ) ) ;
#1754 = DIRECTION ( 'NONE',  ( 1.000000000000000000, -3.469446951953611033E-15, 0.000000000000000000 ) ) ;
#1755 = AXIS2_PLACEMENT_3D ( 'NONE', #1960, #680, #2733 ) ;
#1756 = DIRECTION ( 'NONE',  ( -0.000000000000000000, -0.000000000000000000, 1.000000000000000000 ) ) ;
#1757 = TOROIDAL_SURFACE ( 'NONE', #2638, 2.000000000000003553, 1.000000000000000000 ) ;
#1758 = CARTESIAN_POINT ( 'NONE',  ( -79.87450157486659919, -15.68372614827086231, 11.66876012631443871 ) ) ;
#1759 = TOROIDAL_SURFACE ( 'NONE', #753, 2.000000000000002665, 1.000000000000000000 ) ;
#1760 = ORIENTED_EDGE ( 'NONE', *, *, #1044, .T. ) ;
#1761 = AXIS2_PLACEMENT_3D ( 'NONE', #2359, #848, #2345 ) ;
#1762 = FACE_OUTER_BOUND ( 'NONE', #2670, .T. ) ;
#1763 = EDGE_CURVE ( 'NONE', #1898, #2012, #3224, .T. ) ;
#1764 = VERTEX_POINT ( 'NONE', #2662 ) ;
#1765 = DIRECTION ( 'NONE',  ( 0.007340967714477745522, -0.7070686743118069773, 0.7071067811865183739 ) ) ;
#1766 = ORIENTED_EDGE ( 'NONE', *, *, #1180, .T. ) ;
#1767 = DIRECTION ( 'NONE',  ( 0.000000000000000000, 0.000000000000000000, 1.000000000000000000 ) ) ;
#1768 = CARTESIAN_POINT ( 'NONE',  ( -68.90967611852357777, 2.999999999999999556, 7.500000000000000888 ) ) ;
#1769 = CIRCLE ( 'NONE', #761, 3.000000000000002665 ) ;
#1770 = CARTESIAN_POINT ( 'NONE',  ( -76.08536885671105665, -16.05309752954380542, 12.50000000000000000 ) ) ;
#1771 = ADVANCED_FACE ( 'NONE', ( #1406 ), #2408, .T. ) ;
#1772 = VECTOR ( 'NONE', #130, 1000.000000000000000 ) ;
#1773 = ORIENTED_EDGE ( 'NONE', *, *, #2897, .F. ) ;
#1774 = DIRECTION ( 'NONE',  ( -0.7771459614569639074, 0.6293203910498461617, -1.733524788639011629E-14 ) ) ;
#1775 = ORIENTED_EDGE ( 'NONE', *, *, #3038, .F. ) ;
#1776 = DIRECTION ( 'NONE',  ( -0.000000000000000000, -0.000000000000000000, 1.000000000000000000 ) ) ;
#1777 = EDGE_CURVE ( 'NONE', #483, #1898, #2162, .T. ) ;
#1778 = VERTEX_POINT ( 'NONE', #152 ) ;
#1779 = LINE ( 'NONE', #337, #847 ) ;
#1780 = SECURITY_CLASSIFICATION_LEVEL ( 'unclassified' ) ;
#1781 = ORIENTED_EDGE ( 'NONE', *, *, #2069, .F. ) ;
#1782 = CARTESIAN_POINT ( 'NONE',  ( -87.46152530779752965, -19.84794430562198997, -5.000000000000108358 ) ) ;
#1783 = CARTESIAN_POINT ( 'NONE',  ( -98.36527826152267551, 9.675708604131774138, 10.00000000000000000 ) ) ;
#1784 = DIRECTION ( 'NONE',  ( 1.000000000000000000, 0.000000000000000000, 0.000000000000000000 ) ) ;
#1785 = ORIENTED_EDGE ( 'NONE', *, *, #2678, .F. ) ;
#1786 = DIRECTION ( 'NONE',  ( 0.000000000000000000, 0.000000000000000000, 1.000000000000000000 ) ) ;
#1787 = B_SPLINE_CURVE_WITH_KNOTS ( 'NONE', 3,
 ( #2672, #358, #1099, #2631, #2615, #854, #1675, #2882, #1921, #1121 ),
 .UNSPECIFIED., .F., .F.,
 ( 4, 2, 2, 2, 4 ),
 ( -6.578102695102585745E-06, 0.0004905520520395167949, 0.0009876822067741361511, 0.001484812361508755507, 0.001981942516243374863 ),
 .UNSPECIFIED. ) ;
#1788 = EDGE_CURVE ( 'NONE', #3166, #83, #2181, .T. ) ;
#1789 = ORIENTED_EDGE ( 'NONE', *, *, #2649, .F. ) ;
#1790 = CARTESIAN_POINT ( 'NONE',  ( 92.50000000000000000, 5.000000000000000000, 6.255846535241360584E-14 ) ) ;
#1791 = ORIENTED_EDGE ( 'NONE', *, *, #1369, .F. ) ;
#1792 = CARTESIAN_POINT ( 'NONE',  ( 91.02079728939618519, 5.000000000000000000, 5.414213562373321409 ) ) ;
#1793 = AXIS2_PLACEMENT_3D ( 'NONE', #3261, #1446, #250 ) ;
#1794 = ORIENTED_EDGE ( 'NONE', *, *, #64, .T. ) ;
#1795 = CARTESIAN_POINT ( 'NONE',  ( -82.88098602451239572, 16.22985835990235870, 11.50000000000000000 ) ) ;
#1796 = DIRECTION ( 'NONE',  ( 0.000000000000000000, 0.000000000000000000, 1.000000000000000000 ) ) ;
#1797 = EDGE_CURVE ( 'NONE', #1009, #1679, #890, .T. ) ;
#1798 = CARTESIAN_POINT ( 'NONE',  ( -75.54072982169603279, -16.89176809748923347, 11.50000000000000000 ) ) ;
#1799 = EDGE_CURVE ( 'NONE', #2619, #668, #1787, .T. ) ;
#1800 = CARTESIAN_POINT ( 'NONE',  ( 90.35412502279750413, 5.000000000002962075, -5.192168880796439012 ) ) ;
#1801 = ORIENTED_EDGE ( 'NONE', *, *, #1830, .F. ) ;
#1802 = CARTESIAN_POINT ( 'NONE',  ( -73.41603378125691393, -15.51197435559140914, 11.50000000000000000 ) ) ;
#1803 = ORIENTED_EDGE ( 'NONE', *, *, #1799, .T. ) ;
#1804 = CARTESIAN_POINT ( 'NONE',  ( 90.31246819652598390, -5.294117647058824261, 7.500000000000000000 ) ) ;
#1805 = AXIS2_PLACEMENT_3D ( 'NONE', #3159, #594, #1904 ) ;
#1806 = AXIS2_PLACEMENT_3D ( 'NONE', #1020, #1484, #2032 ) ;
#1807 = EDGE_CURVE ( 'NONE', #365, #1159, #2522, .T. ) ;
#1808 = ORIENTED_EDGE ( 'NONE', *, *, #2211, .T. ) ;
#1809 = CARTESIAN_POINT ( 'NONE',  ( 86.11281044183157007, 5.000000000000000000, 7.500000000000000000 ) ) ;
#1810 = CIRCLE ( 'NONE', #646, 3.000000000000002665 ) ;
#1811 = TOROIDAL_SURFACE ( 'NONE', #124, 2.000000000000001776, 1.000000000000000000 ) ;
#1812 = EDGE_LOOP ( 'NONE', ( #2331, #133, #2390, #979, #519, #527 ) ) ;
#1813 = DIRECTION ( 'NONE',  ( 0.000000000000000000, 0.000000000000000000, 1.000000000000000000 ) ) ;
#1814 = DIRECTION ( 'NONE',  ( -0.9986295347545744994, 0.05233595624293324589, 0.000000000000000000 ) ) ;
#1815 = EDGE_CURVE ( 'NONE', #703, #3001, #315, .T. ) ;
#1816 = CARTESIAN_POINT ( 'NONE',  ( 90.67360306511076828, 5.000000000000000000, -5.660701675347678652 ) ) ;
#1817 = ORIENTED_EDGE ( 'NONE', *, *, #1732, .T. ) ;
#1818 = TOROIDAL_SURFACE ( 'NONE', #1663, 2.000000000000011546, 1.000000000000000000 ) ;
#1819 = DIRECTION ( 'NONE',  ( 1.000000000000000000, 0.000000000000000000, 0.000000000000000000 ) ) ;
#1820 = CARTESIAN_POINT ( 'NONE',  ( 89.99976679053756357, 5.000000000001178613, 5.458135443008631071 ) ) ;
#1821 = EDGE_LOOP ( 'NONE', ( #679, #558 ) ) ;
#1822 = CARTESIAN_POINT ( 'NONE',  ( 86.66570025918160525, 5.000000000000000000, -7.702546652195221277 ) ) ;
#1823 = ORIENTED_EDGE ( 'NONE', *, *, #1118, .F. ) ;
#1824 = CARTESIAN_POINT ( 'NONE',  ( 92.50000377717270794, -0.07806116049405138757, -1.342416776246417420 ) ) ;
#1825 = ADVANCED_FACE ( 'NONE', ( #1340 ), #738, .T. ) ;
#1826 = ORIENTED_EDGE ( 'NONE', *, *, #1125, .T. ) ;
#1827 = DIRECTION ( 'NONE',  ( 0.000000000000000000, 0.000000000000000000, 1.000000000000000000 ) ) ;
#1828 = CYLINDRICAL_SURFACE ( 'NONE', #807, 3.000000000000002665 ) ;
#1829 = FACE_OUTER_BOUND ( 'NONE', #1589, .T. ) ;
#1830 = EDGE_CURVE ( 'NONE', #1739, #720, #101, .T. ) ;
#1831 = B_SPLINE_CURVE_WITH_KNOTS ( 'NONE', 3,
 ( #1555, #2022, #2296, #61 ),
 .UNSPECIFIED., .F., .F.,
 ( 4, 4 ),
 ( 0.000000000000000000, 0.0002754113282231338217 ),
 .UNSPECIFIED. ) ;
#1832 = CARTESIAN_POINT ( 'NONE',  ( -69.10922245495133609, 0.6032951792222391862, 12.42226674930540575 ) ) ;
#1833 = ORIENTED_EDGE ( 'NONE', *, *, #341, .T. ) ;
#1834 = FACE_OUTER_BOUND ( 'NONE', #817, .T. ) ;
#1835 = CARTESIAN_POINT ( 'NONE',  ( 90.29991271727628543, 5.000000000000000000, 5.925978376038837148 ) ) ;
#1836 = VERTEX_POINT ( 'NONE', #2902 ) ;
#1837 = EDGE_CURVE ( 'NONE', #2899, #3161, #117, .T. ) ;
#1838 = DIRECTION ( 'NONE',  ( 0.7771459614569664609, -0.6293203910498429421, 0.000000000000000000 ) ) ;
#1839 = ORIENTED_EDGE ( 'NONE', *, *, #735, .F. ) ;
#1840 = DIRECTION ( 'NONE',  ( -0.000000000000000000, 0.000000000000000000, 1.000000000000000000 ) ) ;
#1841 = ORIENTED_EDGE ( 'NONE', *, *, #60, .F. ) ;
#1842 = CARTESIAN_POINT ( 'NONE',  ( -72.75693124186572902, -11.06152192890275465, 11.66876121442358460 ) ) ;
#1843 = CARTESIAN_POINT ( 'NONE',  ( 92.49467212443163078, 0.2904686004361158314, 1.236744908656524533 ) ) ;
#1844 = CIRCLE ( 'NONE', #418, 16.50000000000000000 ) ;
#1845 = CARTESIAN_POINT ( 'NONE',  ( 90.54543905904773737, 5.501971188187977369, -4.688240831076542214 ) ) ;
#1846 = ORIENTED_EDGE ( 'NONE', *, *, #770, .F. ) ;
#1847 = DIRECTION ( 'NONE',  ( -0.000000000000000000, -0.000000000000000000, -1.000000000000000000 ) ) ;
#1848 = CARTESIAN_POINT ( 'NONE',  ( 92.48187244251288064, -0.5211379526710159249, 0.8285591281576984990 ) ) ;
#1849 = CIRCLE ( 'NONE', #2112, 2.000000000000001776 ) ;
#1850 = DIRECTION ( 'NONE',  ( 1.000000000000000000, 0.000000000000000000, 0.000000000000000000 ) ) ;
#1851 = EDGE_CURVE ( 'NONE', #1751, #1259, #2146, .T. ) ;
#1852 = ORIENTED_EDGE ( 'NONE', *, *, #825, .F. ) ;
#1853 = FACE_OUTER_BOUND ( 'NONE', #1093, .T. ) ;
#1854 = CIRCLE ( 'NONE', #1120, 3.000000000000002665 ) ;
#1855 = VERTEX_POINT ( 'NONE', #58 ) ;
#1856 = AXIS2_PLACEMENT_3D ( 'NONE', #340, #1611, #1336 ) ;
#1857 = CARTESIAN_POINT ( 'NONE',  ( -85.41092364180185825, 16.36244677214908450, 7.500000000000000888 ) ) ;
#1858 = DIRECTION ( 'NONE',  ( -0.000000000000000000, -0.000000000000000000, -1.000000000000000000 ) ) ;
#1859 = VECTOR ( 'NONE', #2500, 1000.000000000000000 ) ;
#1860 = CARTESIAN_POINT ( 'NONE',  ( -79.88098602451240993, 16.22985835990235870, 7.500000000000000888 ) ) ;
#1861 = LOCAL_TIME ( 12, 4, 38.00000000000000000, #473 ) ;
#1862 = CARTESIAN_POINT ( 'NONE',  ( 87.67134292814992591, 5.000000000000402345, -6.849619599213660592 ) ) ;
#1863 = VERTEX_POINT ( 'NONE', #1327 ) ;
#1864 = AXIS2_PLACEMENT_3D ( 'NONE', #3098, #2849, #1599 ) ;
#1865 = EDGE_CURVE ( 'NONE', #2458, #2726, #2446, .T. ) ;
#1866 = FACE_OUTER_BOUND ( 'NONE', #2178, .T. ) ;
#1867 = CIRCLE ( 'NONE', #88, 17.50000000000012790 ) ;
#1868 = DIRECTION ( 'NONE',  ( 0.000000000000000000, 0.000000000000000000, 1.000000000000000000 ) ) ;
#1869 = CARTESIAN_POINT ( 'NONE',  ( 74.54044117646974144, 1007.445704556437590, 7.500000000000000000 ) ) ;
#1870 = EDGE_LOOP ( 'NONE', ( #2556, #1116, #2694, #2101, #543 ) ) ;
#1871 = AXIS2_PLACEMENT_3D ( 'NONE', #76, #2821, #790 ) ;
#1872 = CARTESIAN_POINT ( 'NONE',  ( 0.000000000000000000, 0.000000000000000000, 7.500000000000000888 ) ) ;
#1873 = EDGE_CURVE ( 'NONE', #739, #1270, #159, .T. ) ;
#1874 = ORIENTED_EDGE ( 'NONE', *, *, #2454, .F. ) ;
#1875 = CARTESIAN_POINT ( 'NONE',  ( 86.11281044183161271, 4.874592590212240673, -7.500000000000000000 ) ) ;
#1876 = CARTESIAN_POINT ( 'NONE',  ( 110.7282149570480669, -5.000000000000000000, -11.65474064869103010 ) ) ;
#1877 = LINE ( 'NONE', #1668, #122 ) ;
#1878 = EDGE_CURVE ( 'NONE', #1898, #3189, #1969, .T. ) ;
#1879 = CARTESIAN_POINT ( 'NONE',  ( 90.76479361221741726, -5.031181293294864076, -5.281502171240108012 ) ) ;
#1880 = DIRECTION ( 'NONE',  ( -0.7771459614569664609, 0.6293203910498429421, -0.000000000000000000 ) ) ;
#1881 = VERTEX_POINT ( 'NONE', #1452 ) ;
#1882 = CARTESIAN_POINT ( 'NONE',  ( 89.53163373989157492, 5.000000000000001776, -6.425728261247230400 ) ) ;
#1883 = DIRECTION ( 'NONE',  ( -0.000000000000000000, -0.000000000000000000, -1.000000000000000000 ) ) ;
#1884 = DIRECTION ( 'NONE',  ( -0.000000000000000000, -0.000000000000000000, -1.000000000000000000 ) ) ;
#1885 = CARTESIAN_POINT ( 'NONE',  ( -97.50130928205696534, -9.828439288238250526, 12.42226429100454510 ) ) ;
#1886 = EDGE_CURVE ( 'NONE', #515, #1512, #1844, .T. ) ;
#1887 = CARTESIAN_POINT ( 'NONE',  ( 92.48515665463609992, 0.4798747940551373325, -0.3571581916128916956 ) ) ;
#1888 = ORIENTED_EDGE ( 'NONE', *, *, #1528, .T. ) ;
#1889 = CARTESIAN_POINT ( 'NONE',  ( -99.78070122198900549, 7.030604099015818953, 7.500000000000000888 ) ) ;
#1890 = ORIENTED_EDGE ( 'NONE', *, *, #2135, .F. ) ;
#1891 = LINE ( 'NONE', #2153, #3221 ) ;
#1892 = LINE ( 'NONE', #353, #1772 ) ;
#1893 = CARTESIAN_POINT ( 'NONE',  ( -69.56537076352196891, 5.447085729384806285, 11.50000000000000000 ) ) ;
#1894 = CARTESIAN_POINT ( 'NONE',  ( 90.40932748416514642, -5.196922624313690342, -5.096029782073191683 ) ) ;
#1895 = LINE ( 'NONE', #1670, #1492 ) ;
#1896 = VERTEX_POINT ( 'NONE', #961 ) ;
#1897 = EDGE_CURVE ( 'NONE', #95, #668, #948, .T. ) ;
#1898 = VERTEX_POINT ( 'NONE', #2975 ) ;
#1899 = CARTESIAN_POINT ( 'NONE',  ( -101.6478620749834363, 7.747339998106365755, 11.50000000000000000 ) ) ;
#1900 = DIRECTION ( 'NONE',  ( -0.3583679495452841146, -0.9335804264972079602, 0.000000000000000000 ) ) ;
#1901 = CARTESIAN_POINT ( 'NONE',  ( 85.97668634844461621, -5.317898179020191129, -7.112959229102966852 ) ) ;
#1902 = CARTESIAN_POINT ( 'NONE',  ( -85.25391577307304658, 19.35833537641282476, 7.500000000000000888 ) ) ;
#1903 = VERTEX_POINT ( 'NONE', #2467 ) ;
#1904 = DIRECTION ( 'NONE',  ( 0.000000000000000000, 0.000000000000000000, -1.000000000000000000 ) ) ;
#1905 = CARTESIAN_POINT ( 'NONE',  ( 110.7282149570480385, 5.000000000000000000, 11.65474064869117043 ) ) ;
#1906 = CIRCLE ( 'NONE', #1537, 2.000000000000001776 ) ;
#1907 = EDGE_CURVE ( 'NONE', #363, #2326, #3191, .T. ) ;
#1908 = ORIENTED_EDGE ( 'NONE', *, *, #2614, .T. ) ;
#1909 = LINE ( 'NONE', #2354, #1353 ) ;
#1910 = CARTESIAN_POINT ( 'NONE',  ( -73.91920993916882310, -11.11294686023950895, 12.48730452859748219 ) ) ;
#1911 = CARTESIAN_POINT ( 'NONE',  ( 86.04158787267220987, 5.131979665870284535, -7.301854000345429974 ) ) ;
#1912 = AXIS2_PLACEMENT_3D ( 'NONE', #1954, #3169, #960 ) ;
#1913 =( BOUNDED_SURFACE ( )  B_SPLINE_SURFACE ( 3, 2, ( 
 ( #797, #1275, #3090 ),
 ( #551, #1032, #2073 ),
 ( #578, #1587, #1541 ),
 ( #2284, #2043, #1560 ),
 ( #2541, #1303, #3040 ),
 ( #292, #1290, #3076 ) ),
 .UNSPECIFIED., .F., .F., .T. ) 
 B_SPLINE_SURFACE_WITH_KNOTS ( ( 4, 2, 4 ),
 ( 3, 3 ),
 ( 0.000000000000000000, 0.002486742899325712543, 0.004973485798651425087 ),
 ( 0.000000000000000000, 1.000000000000000000 ),
 .UNSPECIFIED. ) 
 GEOMETRIC_REPRESENTATION_ITEM ( )  RATIONAL_B_SPLINE_SURFACE ( (
 ( 1.000000000000000000, 0.9170354127800646182, 1.000000000000000000),
 ( 1.000000000000000000, 0.9105058405670443111, 1.000000000000000000),
 ( 1.000000000000000000, 0.9011337920247062261, 1.000000000000000000),
 ( 1.000000000000000000, 0.8826628450853060137, 1.000000000000000000),
 ( 1.000000000000000000, 0.8735006807876324331, 1.000000000000000000),
 ( 1.000000000000000000, 0.8654854704100163332, 1.000000000000000000) ) ) 
 REPRESENTATION_ITEM ( '' )  SURFACE ( )  );
#1914 = AXIS2_PLACEMENT_3D ( 'NONE', #2271, #510, #3264 ) ;
#1915 = ORIENTED_EDGE ( 'NONE', *, *, #2156, .T. ) ;
#1916 = AXIS2_PLACEMENT_3D ( 'NONE', #393, #3165, #2934 ) ;
#1917 = EDGE_LOOP ( 'NONE', ( #1661, #460, #2406, #18 ) ) ;
#1918 = DIRECTION ( 'NONE',  ( 0.000000000000000000, 0.000000000000000000, 1.000000000000000000 ) ) ;
#1919 = CARTESIAN_POINT ( 'NONE',  ( 86.11281044183157007, -4.879403565739784732, 7.499999999999995559 ) ) ;
#1920 = VECTOR ( 'NONE', #2484, 1000.000000000000000 ) ;
#1921 = CARTESIAN_POINT ( 'NONE',  ( -98.36527826152268972, 9.675708604131775914, 11.66876121442357217 ) ) ;
#1922 = EDGE_CURVE ( 'NONE', #363, #1088, #2621, .T. ) ;
#1923 = CARTESIAN_POINT ( 'NONE',  ( -32.07720588235311254, 426.7308025708726973, -7.500000000000000000 ) ) ;
#1924 = CARTESIAN_POINT ( 'NONE',  ( -68.50000000000000000, 0.000000000000000000, 11.50000000000000000 ) ) ;
#1925 = VERTEX_POINT ( 'NONE', #2940 ) ;
#1926 = DIRECTION ( 'NONE',  ( 1.000000000000000000, 0.000000000000000000, 0.000000000000000000 ) ) ;
#1927 = DIRECTION ( 'NONE',  ( -0.000000000000000000, -0.000000000000000000, -1.000000000000000000 ) ) ;
#1928 = ORIENTED_EDGE ( 'NONE', *, *, #642, .F. ) ;
#1929 = CARTESIAN_POINT ( 'NONE',  ( 74.54044117646974144, 1007.445704556437590, 7.500000000000000000 ) ) ;
#1930 = CARTESIAN_POINT ( 'NONE',  ( 90.25057968683896092, -5.356220675620219751, -5.012673141596277304 ) ) ;
#1931 = CARTESIAN_POINT ( 'NONE',  ( -75.54072982169603279, -16.89176809748923347, 7.500000000000000888 ) ) ;
#1932 = FACE_OUTER_BOUND ( 'NONE', #2958, .T. ) ;
#1933 = ORIENTED_EDGE ( 'NONE', *, *, #2463, .T. ) ;
#1934 = ORIENTED_EDGE ( 'NONE', *, *, #2268, .F. ) ;
#1935 = CARTESIAN_POINT ( 'NONE',  ( 85.00000000000000000, 3.122849337825751327E-14, -5.000000000000108358 ) ) ;
#1936 = CARTESIAN_POINT ( 'NONE',  ( -68.90967611852357777, 2.999999999999999556, 7.500000000000000888 ) ) ;
#1937 = EDGE_CURVE ( 'NONE', #756, #395, #2788, .T. ) ;
#1938 = CARTESIAN_POINT ( 'NONE',  ( 90.70285663844586566, 5.049630003160806346, 5.249280992383572375 ) ) ;
#1939 = CARTESIAN_POINT ( 'NONE',  ( 86.04438195816402413, -5.137210418914962773, 7.309797973083375311 ) ) ;
#1940 = VERTEX_POINT ( 'NONE', #1682 ) ;
#1941 = DIRECTION ( 'NONE',  ( 1.000000000000000000, -1.776356839400251254E-15, 0.000000000000000000 ) ) ;
#1942 = ADVANCED_FACE ( 'NONE', ( #2680 ), #360, .T. ) ;
#1943 = B_SPLINE_CURVE_WITH_KNOTS ( 'NONE', 3,
 ( #2980, #719, #174, #1695 ),
 .UNSPECIFIED., .F., .F.,
 ( 4, 4 ),
 ( 0.000000000000000000, 0.0004989617212936042941 ),
 .UNSPECIFIED. ) ;
#1944 = EDGE_CURVE ( 'NONE', #452, #1223, #1510, .T. ) ;
#1945 = ORIENTED_EDGE ( 'NONE', *, *, #1763, .T. ) ;
#1946 = CARTESIAN_POINT ( 'NONE',  ( -95.54380147658137901, -15.03332428760780459, 11.50000000000000000 ) ) ;
#1947 = CARTESIAN_POINT ( 'NONE',  ( -85.00000000000000000, 0.000000000000000000, 11.50000000000000000 ) ) ;
#1948 = PLANE ( 'NONE',  #2428 ) ;
#1949 = CARTESIAN_POINT ( 'NONE',  ( -98.33224383509326572, -9.721176591422358015, 11.50000000000000000 ) ) ;
#1950 = B_SPLINE_CURVE_WITH_KNOTS ( 'NONE', 3,
 ( #818, #1824, #2826, #565, #1575, #1107, #2606, #1405, #2351, #3103, #2620, #1345, #843, #404 ),
 .UNSPECIFIED., .F., .F.,
 ( 4, 2, 2, 2, 2, 2, 4 ),
 ( 0.001875195354392996576, 0.002109594773692121446, 0.002343994192991246533, 0.002812793031589495840, 0.003281591870187745147, 0.003515991289486868933, 0.003750390708785993153 ),
 .UNSPECIFIED. ) ;
#1951 = CYLINDRICAL_SURFACE ( 'NONE', #281, 12.42900736601909983 ) ;
#1952 = ORIENTED_EDGE ( 'NONE', *, *, #2135, .T. ) ;
#1953 = DIRECTION ( 'NONE',  ( 0.000000000000000000, -0.000000000000000000, -1.000000000000000000 ) ) ;
#1954 = CARTESIAN_POINT ( 'NONE',  ( 85.00000000000000000, 3.122849337825751327E-14, 7.500000000000000000 ) ) ;
#1955 = CARTESIAN_POINT ( 'NONE',  ( 90.89117999826562766, 5.006346676636759696, 5.347118750895908157 ) ) ;
#1956 = EDGE_CURVE ( 'NONE', #1334, #3133, #653, .T. ) ;
#1957 = ORIENTED_EDGE ( 'NONE', *, *, #2253, .T. ) ;
#1958 = CARTESIAN_POINT ( 'NONE',  ( -79.85204095063495799, -15.63012410256880358, 11.83148599391332922 ) ) ;
#1959 = ORIENTED_EDGE ( 'NONE', *, *, #2699, .F. ) ;
#1960 = CARTESIAN_POINT ( 'NONE',  ( 104.9108722611873219, -5.000000000000000000, -0.6711734656911141350 ) ) ;
#1961 = EDGE_CURVE ( 'NONE', #1545, #384, #2624, .T. ) ;
#1962 = VERTEX_POINT ( 'NONE', #2914 ) ;
#1963 = FACE_OUTER_BOUND ( 'NONE', #2832, .T. ) ;
#1964 = CARTESIAN_POINT ( 'NONE',  ( 90.11723868382185287, -5.483052822360632739, -5.000000000000108358 ) ) ;
#1965 = VERTEX_POINT ( 'NONE', #129 ) ;
#1966 = VECTOR ( 'NONE', #1363, 1000.000000000000000 ) ;
#1967 = DIRECTION ( 'NONE',  ( 1.000000000000000000, 0.000000000000000000, 0.000000000000000000 ) ) ;
#1968 = CARTESIAN_POINT ( 'NONE',  ( -85.00000000000000000, 0.000000000000000000, 7.500000000000000000 ) ) ;
#1969 = LINE ( 'NONE', #463, #14 ) ;
#1970 = AXIS2_PLACEMENT_3D ( 'NONE', #2097, #1676, #1691 ) ;
#1971 = CARTESIAN_POINT ( 'NONE',  ( 104.9108722611873219, 5.000000000000000000, -20.67117346569111191 ) ) ;
#1972 = AXIS2_PLACEMENT_3D ( 'NONE', #2356, #2103, #327 ) ;
#1973 = CIRCLE ( 'NONE', #540, 2.999999999999988898 ) ;
#1974 = EDGE_CURVE ( 'NONE', #703, #2063, #518, .T. ) ;
#1975 = CARTESIAN_POINT ( 'NONE',  ( -98.36527826152267551, 9.675708604131774138, 11.50000000000000000 ) ) ;
#1976 = EDGE_CURVE ( 'NONE', #1965, #36, #1909, .T. ) ;
#1977 = ORIENTED_EDGE ( 'NONE', *, *, #1907, .F. ) ;
#1978 = CARTESIAN_POINT ( 'NONE',  ( -69.50000000000000000, 0.000000000000000000, 12.50000000000000000 ) ) ;
#1979 = AXIS2_PLACEMENT_3D ( 'NONE', #827, #1847, #2325 ) ;
#1980 = ORIENTED_EDGE ( 'NONE', *, *, #1601, .T. ) ;
#1981 = DIRECTION ( 'NONE',  ( -0.000000000000000000, -1.000000000000000000, -0.000000000000000000 ) ) ;
#1982 = CYLINDRICAL_SURFACE ( 'NONE', #2496, 3.000000000000002665 ) ;
#1983 = DATE_AND_TIME ( #2724, #2710 ) ;
#1984 = ADVANCED_FACE ( 'NONE', ( #2190 ), #352, .T. ) ;
#1985 = DIRECTION ( 'NONE',  ( 1.000000000000000000, 0.000000000000000000, 0.000000000000000000 ) ) ;
#1986 = EDGE_LOOP ( 'NONE', ( #1203, #1168, #1457, #1178 ) ) ;
#1987 = CARTESIAN_POINT ( 'NONE',  ( 85.97455357664959763, 5.304532990911844159, 7.106687017664297557 ) ) ;
#1988 = DIRECTION ( 'NONE',  ( 1.000000000000000000, 0.000000000000000000, 0.000000000000000000 ) ) ;
#1989 = DIRECTION ( 'NONE',  ( 0.000000000000000000, 0.000000000000000000, -1.000000000000000000 ) ) ;
#1990 = CARTESIAN_POINT ( 'NONE',  ( 86.12929258268457033, -5.028430265693367041, 7.546350298636900433 ) ) ;
#1991 = VERTEX_POINT ( 'NONE', #2169 ) ;
#1992 = DIRECTION ( 'NONE',  ( 1.000000000000000000, 0.000000000000000000, 0.000000000000000000 ) ) ;
#1993 = EDGE_CURVE ( 'NONE', #1881, #2322, #1182, .T. ) ;
#1994 = ORIENTED_EDGE ( 'NONE', *, *, #529, .T. ) ;
#1995 = CARTESIAN_POINT ( 'NONE',  ( -80.52039162155311658, 15.37077333806178814, 12.36994125422456214 ) ) ;
#1996 = DATE_AND_TIME ( #1201, #1277 ) ;
#1997 = CARTESIAN_POINT ( 'NONE',  ( 104.9108722611873219, -5.000000000000000000, -20.67117346569111191 ) ) ;
#1998 = ORIENTED_EDGE ( 'NONE', *, *, #1358, .T. ) ;
#1999 = DIRECTION ( 'NONE',  ( 0.000000000000000000, 0.000000000000000000, 1.000000000000000000 ) ) ;
#2000 = CARTESIAN_POINT ( 'NONE',  ( 112.4999999999999716, 5.000000000000000000, 15.00000000000013500 ) ) ;
#2001 = EDGE_CURVE ( 'NONE', #2838, #2558, #783, .T. ) ;
#2002 = DIRECTION ( 'NONE',  ( 0.000000000000000000, 0.000000000000000000, -1.000000000000000000 ) ) ;
#2003 = DIRECTION ( 'NONE',  ( 1.000000000000000000, 0.000000000000000000, 0.000000000000000000 ) ) ;
#2004 = CARTESIAN_POINT ( 'NONE',  ( -88.19956906229187155, 15.99521837276943970, 12.10368025391360902 ) ) ;
#2005 = ORIENTED_EDGE ( 'NONE', *, *, #3082, .T. ) ;
#2006 = DIRECTION ( 'NONE',  ( 0.000000000000000000, 0.000000000000000000, 1.000000000000000000 ) ) ;
#2007 = AXIS2_PLACEMENT_3D ( 'NONE', #3004, #3248, #2435 ) ;
#2008 = VERTEX_POINT ( 'NONE', #3202 ) ;
#2009 = LINE ( 'NONE', #6, #2366 ) ;
#2010 = EDGE_CURVE ( 'NONE', #1512, #1713, #1891, .T. ) ;
#2011 = ADVANCED_FACE ( 'NONE', ( #632 ), #1643, .T. ) ;
#2012 = VERTEX_POINT ( 'NONE', #2641 ) ;
#2013 = CARTESIAN_POINT ( 'NONE',  ( -102.5814425014806375, 8.105707947651652034, 11.50000000000000000 ) ) ;
#2014 = CARTESIAN_POINT ( 'NONE',  ( -91.73681620105993773, -15.06204858155547122, 11.66876012631443693 ) ) ;
#2015 = VECTOR ( 'NONE', #2166, 1000.000000000000000 ) ;
#2016 = DIRECTION ( 'NONE',  ( 0.000000000000000000, 0.000000000000000000, -1.000000000000000000 ) ) ;
#2017 = EDGE_LOOP ( 'NONE', ( #1348, #718, #2005, #1330 ) ) ;
#2018 = ADVANCED_BREP_SHAPE_REPRESENTATION ( 'Part_2_ARM_2_Default_sldprt', ( #238, #2584 ), #491 ) ;
#2019 = AXIS2_PLACEMENT_3D ( 'NONE', #2161, #1135, #186 ) ;
#2020 = EDGE_CURVE ( 'NONE', #2322, #1940, #937, .T. ) ;
#2021 = CARTESIAN_POINT ( 'NONE',  ( 86.02071046155097633, -5.171726323006713422, -7.242358245589034738 ) ) ;
#2022 = CARTESIAN_POINT ( 'NONE',  ( 90.18528647419334732, 5.419544992595223043, 5.000000000000219380 ) ) ;
#2023 = AXIS2_PLACEMENT_3D ( 'NONE', #97, #568, #3079 ) ;
#2024 = ORIENTED_EDGE ( 'NONE', *, *, #423, .F. ) ;
#2025 = VECTOR ( 'NONE', #2878, 1000.000000000000000 ) ;
#2026 = CARTESIAN_POINT ( 'NONE',  ( 90.11723868382192393, 5.483052822360634515, -5.000000000000108358 ) ) ;
#2027 = ORIENTED_EDGE ( 'NONE', *, *, #2360, .F. ) ;
#2028 = CARTESIAN_POINT ( 'NONE',  ( -85.41092364180185825, 16.36244677214908450, 7.500000000000000888 ) ) ;
#2029 = PERSON_AND_ORGANIZATION_ROLE ( 'creator' ) ;
#2030 = EDGE_LOOP ( 'NONE', ( #1823, #1597, #3151, #1126 ) ) ;
#2031 = CARTESIAN_POINT ( 'NONE',  ( 88.06041551899265585, -5.385144633856376650, -6.310969890042497532 ) ) ;
#2032 = DIRECTION ( 'NONE',  ( 0.000000000000000000, 0.000000000000000000, 1.000000000000000000 ) ) ;
#2033 = AXIS2_PLACEMENT_3D ( 'NONE', #1402, #1638, #1603 ) ;
#2034 = DIRECTION ( 'NONE',  ( -0.000000000000000000, 0.000000000000000000, 1.000000000000000000 ) ) ;
#2035 = CIRCLE ( 'NONE', #1451, 447.5000000000001705 ) ;
#2036 = EDGE_LOOP ( 'NONE', ( #516, #13, #2081, #2523, #2416 ) ) ;
#2037 = ADVANCED_FACE ( 'NONE', ( #1609 ), #2393, .F. ) ;
#2038 = CARTESIAN_POINT ( 'NONE',  ( -102.5814425014806375, 8.105707947651652034, 7.500000000000000888 ) ) ;
#2039 = ORIENTED_EDGE ( 'NONE', *, *, #776, .T. ) ;
#2040 = DIRECTION ( 'NONE',  ( 0.000000000000000000, 0.000000000000000000, 1.000000000000000000 ) ) ;
#2041 = CC_DESIGN_PERSON_AND_ORGANIZATION_ASSIGNMENT ( #2207, #957, ( #2076 ) ) ;
#2042 = ORIENTED_EDGE ( 'NONE', *, *, #1944, .F. ) ;
#2043 = CARTESIAN_POINT ( 'NONE',  ( 89.39769688501165490, -4.999999999998544276, -5.876837445016469097 ) ) ;
#2044 = ORIENTED_EDGE ( 'NONE', *, *, #355, .T. ) ;
#2045 = FACE_OUTER_BOUND ( 'NONE', #2202, .T. ) ;
#2046 = CARTESIAN_POINT ( 'NONE',  ( 86.98435942173480839, -7.232725467302893563, -5.000000000000108358 ) ) ;
#2047 = CARTESIAN_POINT ( 'NONE',  ( -69.32935533306613252, 0.8440331826529305914, 12.48730452859748219 ) ) ;
#2048 = ORIENTED_EDGE ( 'NONE', *, *, #2463, .F. ) ;
#2049 = EDGE_CURVE ( 'NONE', #771, #3021, #1146, .T. ) ;
#2050 = DIRECTION ( 'NONE',  ( 0.000000000000000000, 0.000000000000000000, -1.000000000000000000 ) ) ;
#2051 = EDGE_LOOP ( 'NONE', ( #2329, #2347, #128, #2927 ) ) ;
#2052 = CARTESIAN_POINT ( 'NONE',  ( 88.82841586446372162, 5.422044448004634809, -5.887587301684359176 ) ) ;
#2053 = AXIS2_PLACEMENT_3D ( 'NONE', #1129, #2859, #1391 ) ;
#2054 = ADVANCED_FACE ( 'NONE', ( #1625 ), #901, .T. ) ;
#2055 = VECTOR ( 'NONE', #975, 1000.000000000000000 ) ;
#2056 = ORIENTED_EDGE ( 'NONE', *, *, #11, .T. ) ;
#2057 = FACE_OUTER_BOUND ( 'NONE', #789, .T. ) ;
#2058 = AXIS2_PLACEMENT_3D ( 'NONE', #1202, #475, #2739 ) ;
#2059 = EDGE_CURVE ( 'NONE', #746, #3189, #2602, .T. ) ;
#2060 = ORIENTED_EDGE ( 'NONE', *, *, #1886, .T. ) ;
#2061 = DIRECTION ( 'NONE',  ( 0.000000000000000000, 0.000000000000000000, 1.000000000000000000 ) ) ;
#2062 = CARTESIAN_POINT ( 'NONE',  ( 92.48518930169957741, 0.4793013121891855355, 0.3561473105701585817 ) ) ;
#2063 = VERTEX_POINT ( 'NONE', #704 ) ;
#2064 = DIRECTION ( 'NONE',  ( -1.000000000000000000, 0.000000000000000000, 0.000000000000000000 ) ) ;
#2065 = CARTESIAN_POINT ( 'NONE',  ( 86.06922601209411994, 5.000000000000000000, 7.819687800270139100 ) ) ;
#2066 = ORIENTED_EDGE ( 'NONE', *, *, #1851, .T. ) ;
#2067 = CARTESIAN_POINT ( 'NONE',  ( 91.02079728939618519, 5.000000000000000000, -5.414213562373198840 ) ) ;
#2068 = VECTOR ( 'NONE', #1765, 1000.000000000000114 ) ;
#2069 = EDGE_CURVE ( 'NONE', #1413, #1696, #2568, .T. ) ;
#2070 = AXIS2_PLACEMENT_3D ( 'NONE', #3024, #2538, #765 ) ;
#2071 = CIRCLE ( 'NONE', #1012, 3.000000000000016431 ) ;
#2072 = ORIENTED_EDGE ( 'NONE', *, *, #3111, .T. ) ;
#2073 = CARTESIAN_POINT ( 'NONE',  ( 87.45797817683866526, -5.000000000000000000, -7.477698223093374175 ) ) ;
#2074 = AXIS2_PLACEMENT_3D ( 'NONE', #2192, #3129, #3204 ) ;
#2075 = TOROIDAL_SURFACE ( 'NONE', #1176, 2.000000000000015543, 1.000000000000000000 ) ;
#2076 = SECURITY_CLASSIFICATION ( '', '', #1780 ) ;
#2077 = ORIENTED_EDGE ( 'NONE', *, *, #2295, .T. ) ;
#2078 = DIRECTION ( 'NONE',  ( -0.000000000000000000, -1.000000000000000000, -0.000000000000000000 ) ) ;
#2079 = DIRECTION ( 'NONE',  ( 0.000000000000000000, 0.000000000000000000, 1.000000000000000000 ) ) ;
#2080 = DIRECTION ( 'NONE',  ( 0.000000000000000000, 0.000000000000000000, 1.000000000000000000 ) ) ;
#2081 = ORIENTED_EDGE ( 'NONE', *, *, #2020, .F. ) ;
#2082 = EDGE_CURVE ( 'NONE', #2472, #2136, #1051, .T. ) ;
#2083 = AXIS2_PLACEMENT_3D ( 'NONE', #1430, #461, #253 ) ;
#2084 = CARTESIAN_POINT ( 'NONE',  ( 86.45906356030951656, -5.318092103414593375, -6.985385771114832387 ) ) ;
#2085 = CARTESIAN_POINT ( 'NONE',  ( 87.54987154408503613, 5.360724974522093511, 6.574680784661673272 ) ) ;
#2086 = ORIENTED_EDGE ( 'NONE', *, *, #1528, .F. ) ;
#2087 = FACE_OUTER_BOUND ( 'NONE', #3212, .T. ) ;
#2088 = CARTESIAN_POINT ( 'NONE',  ( 92.50000000000002842, 0.07930742474670889053, 1.733671037539843626E-13 ) ) ;
#2089 = VERTEX_POINT ( 'NONE', #1460 ) ;
#2090 = CARTESIAN_POINT ( 'NONE',  ( 92.49999999126058015, -0.0003620654552515808556, 1.342346769779183546 ) ) ;
#2091 = ORIENTED_EDGE ( 'NONE', *, *, #1139, .T. ) ;
#2092 = CARTESIAN_POINT ( 'NONE',  ( 88.96650167603867487, -5.428978149018821142, -5.794807192137253260 ) ) ;
#2093 = FACE_OUTER_BOUND ( 'NONE', #1171, .T. ) ;
#2094 = CARTESIAN_POINT ( 'NONE',  ( -68.50002392889005876, 0.02810076154515775068, 11.50000000000000000 ) ) ;
#2095 = ORIENTED_EDGE ( 'NONE', *, *, #1525, .F. ) ;
#2096 = EDGE_CURVE ( 'NONE', #256, #2380, #2722, .T. ) ;
#2097 = CARTESIAN_POINT ( 'NONE',  ( -80.88098602451240993, 16.22985835990235870, 11.50000000000000000 ) ) ;
#2098 = LINE ( 'NONE', #575, #645 ) ;
#2099 = EDGE_LOOP ( 'NONE', ( #2856, #828, #2044, #2340 ) ) ;
#2100 = LINE ( 'NONE', #108, #2015 ) ;
#2101 = ORIENTED_EDGE ( 'NONE', *, *, #2678, .T. ) ;
#2102 = CARTESIAN_POINT ( 'NONE',  ( 88.01282816389178265, -5.000000000001428191, 6.695862873157993000 ) ) ;
#2103 = DIRECTION ( 'NONE',  ( 0.000000000000000000, 0.000000000000000000, 1.000000000000000000 ) ) ;
#2104 = EDGE_CURVE ( 'NONE', #3087, #2143, #1197, .T. ) ;
#2105 = CARTESIAN_POINT ( 'NONE',  ( 85.97668634844458779, -5.317898179020206229, 7.112959229102984615 ) ) ;
#2106 = CARTESIAN_POINT ( 'NONE',  ( 86.98297062072975905, 5.000000000000000000, -7.607984880404351280 ) ) ;
#2107 = ORIENTED_EDGE ( 'NONE', *, *, #2405, .T. ) ;
#2108 = EDGE_CURVE ( 'NONE', #819, #1398, #1260, .T. ) ;
#2109 = CYLINDRICAL_SURFACE ( 'NONE', #1539, 5.000000000000004441 ) ;
#2110 = EDGE_CURVE ( 'NONE', #739, #1497, #2752, .T. ) ;
#2111 = CARTESIAN_POINT ( 'NONE',  ( -96.86051158957721441, -9.978890962101383266, 12.50000000000000000 ) ) ;
#2112 = AXIS2_PLACEMENT_3D ( 'NONE', #2946, #1746, #484 ) ;
#2113 = ORIENTED_EDGE ( 'NONE', *, *, #2868, .T. ) ;
#2114 = DIRECTION ( 'NONE',  ( 1.000000000000000000, 0.000000000000000000, 0.000000000000000000 ) ) ;
#2115 = AXIS2_PLACEMENT_3D ( 'NONE', #1142, #2618, #362 ) ;
#2116 = VERTEX_POINT ( 'NONE', #721 ) ;
#2117 = CARTESIAN_POINT ( 'NONE',  ( -100.6885940138923843, 4.665462514913884640, 7.500000000000000888 ) ) ;
#2118 = AXIS2_PLACEMENT_3D ( 'NONE', #685, #146, #2376 ) ;
#2119 = FACE_OUTER_BOUND ( 'NONE', #1302, .T. ) ;
#2120 = CARTESIAN_POINT ( 'NONE',  ( 90.31246819652605495, 5.294117647058822484, 5.045170085417467476 ) ) ;
#2121 = AXIS2_PLACEMENT_3D ( 'NONE', #331, #1325, #837 ) ;
#2122 = CYLINDRICAL_SURFACE ( 'NONE', #625, 1.000000000000000888 ) ;
#2123 = DIRECTION ( 'NONE',  ( 0.000000000000000000, 1.000000000000000000, 0.000000000000000000 ) ) ;
#2124 = ORIENTED_EDGE ( 'NONE', *, *, #1961, .F. ) ;
#2125 = CIRCLE ( 'NONE', #708, 19.99999999999999645 ) ;
#2126 = CARTESIAN_POINT ( 'NONE',  ( -90.00000000000001421, 6.123233995736772199E-16, -17.50000000000000000 ) ) ;
#2127 = CARTESIAN_POINT ( 'NONE',  ( -66.01189863965637983, 3.776457135307591972, 7.500000000000000888 ) ) ;
#2128 = EDGE_CURVE ( 'NONE', #1257, #2116, #624, .T. ) ;
#2129 = AXIS2_PLACEMENT_3D ( 'NONE', #956, #2243, #2170 ) ;
#2130 = CARTESIAN_POINT ( 'NONE',  ( -98.33224383509327993, -9.721176591422358015, 11.66876012631443515 ) ) ;
#2131 = CARTESIAN_POINT ( 'NONE',  ( -96.25398970823380296, -11.88470606526634299, 7.500000000000000888 ) ) ;
#2132 = ORIENTED_EDGE ( 'NONE', *, *, #2211, .F. ) ;
#2133 = CIRCLE ( 'NONE', #1871, 19.99999999999999645 ) ;
#2134 = CARTESIAN_POINT ( 'NONE',  ( -77.17464692674111859, -14.37575639365296354, 12.50000000000000000 ) ) ;
#2135 = EDGE_CURVE ( 'NONE', #1364, #2380, #2890, .T. ) ;
#2136 = VERTEX_POINT ( 'NONE', #2222 ) ;
#2137 = CARTESIAN_POINT ( 'NONE',  ( -45.82128951475345957, -56.58458013053758862, 7.500000000000000888 ) ) ;
#2138 = CARTESIAN_POINT ( 'NONE',  ( 86.64615076076553635, -5.000000000000000000, 7.692492552301402498 ) ) ;
#2139 = FACE_OUTER_BOUND ( 'NONE', #2475, .T. ) ;
#2140 = FACE_OUTER_BOUND ( 'NONE', #2757, .T. ) ;
#2141 =( BOUNDED_SURFACE ( )  B_SPLINE_SURFACE ( 3, 2, ( 
 ( #2138, #2842, #867 ),
 ( #407, #1392, #2394 ),
 ( #902, #2102, #1410 ),
 ( #3092, #580, #1610 ),
 ( #2592, #339, #845 ),
 ( #2736, #938, #1183 ) ),
 .UNSPECIFIED., .F., .F., .T. ) 
 B_SPLINE_SURFACE_WITH_KNOTS ( ( 4, 2, 4 ),
 ( 3, 3 ),
 ( 0.000000000000000000, 0.002486742899325689125, 0.004973485798651378249 ),
 ( 0.000000000000000000, 1.000000000000000000 ),
 .UNSPECIFIED. ) 
 GEOMETRIC_REPRESENTATION_ITEM ( )  RATIONAL_B_SPLINE_SURFACE ( (
 ( 1.000000000000000000, 0.9170354127800605104, 1.000000000000000000),
 ( 1.000000000000000000, 0.9105058405670402033, 1.000000000000000000),
 ( 1.000000000000000000, 0.9011337920247021183, 1.000000000000000000),
 ( 1.000000000000000000, 0.8826628450853019059, 1.000000000000000000),
 ( 1.000000000000000000, 0.8735006807876286583, 1.000000000000000000),
 ( 1.000000000000000000, 0.8654854704100134466, 1.000000000000000000) ) ) 
 REPRESENTATION_ITEM ( '' )  SURFACE ( )  );
#2142 = DIRECTION ( 'NONE',  ( -0.000000000000000000, 0.000000000000000000, 1.000000000000000000 ) ) ;
#2143 = VERTEX_POINT ( 'NONE', #471 ) ;
#2144 = VERTEX_POINT ( 'NONE', #3238 ) ;
#2145 = FACE_OUTER_BOUND ( 'NONE', #1339, .T. ) ;
#2146 = LINE ( 'NONE', #2126, #2840 ) ;
#2147 = ADVANCED_FACE ( 'NONE', ( #1963 ), #439, .T. ) ;
#2148 = DIRECTION ( 'NONE',  ( 0.000000000000000000, 0.000000000000000000, -1.000000000000000000 ) ) ;
#2149 = DIRECTION ( 'NONE',  ( 1.000000000000000000, 0.000000000000000000, 0.000000000000000000 ) ) ;
#2150 = ORIENTED_EDGE ( 'NONE', *, *, #265, .T. ) ;
#2151 = CARTESIAN_POINT ( 'NONE',  ( -66.66759328465475676, 6.223542864692347187, 11.50000000000000000 ) ) ;
#2152 = ORIENTED_EDGE ( 'NONE', *, *, #1455, .T. ) ;
#2153 = CARTESIAN_POINT ( 'NONE',  ( -72.75693124186571481, -11.06152192890275465, 10.00000000000000000 ) ) ;
#2154 = CARTESIAN_POINT ( 'NONE',  ( -69.53919962029327451, 1.101658576356767671, 12.50000000000000000 ) ) ;
#2155 = DIRECTION ( 'NONE',  ( 1.000000000000000000, 0.000000000000000000, 0.000000000000000000 ) ) ;
#2156 = EDGE_CURVE ( 'NONE', #156, #2809, #2009, .T. ) ;
#2157 = LINE ( 'NONE', #583, #177 ) ;
#2158 = CARTESIAN_POINT ( 'NONE',  ( -100.7406710629467881, 2.261023462138017415, 12.42226429100454155 ) ) ;
#2159 = ORIENTED_EDGE ( 'NONE', *, *, #120, .T. ) ;
#2160 = VERTEX_POINT ( 'NONE', #1749 ) ;
#2161 = CARTESIAN_POINT ( 'NONE',  ( -96.52821598345779819, -14.23616113789375959, 11.50000000000000000 ) ) ;
#2162 = CIRCLE ( 'NONE', #2746, 16.50000000000000000 ) ;
#2163 = CARTESIAN_POINT ( 'NONE',  ( 91.02079728939618519, 5.000000000000000000, 5.414213562373321409 ) ) ;
#2164 = CARTESIAN_POINT ( 'NONE',  ( 86.01948140832072909, 5.161867357236055831, 7.238885906138134096 ) ) ;
#2165 = ORIENTED_EDGE ( 'NONE', *, *, #529, .F. ) ;
#2166 = DIRECTION ( 'NONE',  ( 0.000000000000000000, 0.000000000000000000, 1.000000000000000000 ) ) ;
#2167 = AXIS2_PLACEMENT_3D ( 'NONE', #1872, #611, #3142 ) ;
#2168 = ORIENTED_EDGE ( 'NONE', *, *, #2798, .F. ) ;
#2169 = CARTESIAN_POINT ( 'NONE',  ( -71.05972482015535263, 6.776335876431387462, 12.50000000000000000 ) ) ;
#2170 = DIRECTION ( 'NONE',  ( 0.000000000000000000, 0.000000000000000000, -1.000000000000000000 ) ) ;
#2171 = PLANE ( 'NONE',  #78 ) ;
#2172 = EDGE_CURVE ( 'NONE', #842, #1965, #1169, .T. ) ;
#2173 = VECTOR ( 'NONE', #168, 1000.000000000000000 ) ;
#2174 = AXIS2_PLACEMENT_3D ( 'NONE', #1768, #2760, #1499 ) ;
#2175 = DIRECTION ( 'NONE',  ( 1.000000000000000000, 0.000000000000000000, 0.000000000000000000 ) ) ;
#2176 = EDGE_LOOP ( 'NONE', ( #3246, #52, #3097, #1233 ) ) ;
#2177 = CIRCLE ( 'NONE', #2121, 19.99999999999999645 ) ;
#2178 = EDGE_LOOP ( 'NONE', ( #494, #3198, #688, #2819 ) ) ;
#2179 = CARTESIAN_POINT ( 'NONE',  ( -75.02302083649162512, -15.36320065859497674, 12.50000000000000000 ) ) ;
#2180 = DIRECTION ( 'NONE',  ( 1.000000000000000000, 0.000000000000000000, 0.000000000000000000 ) ) ;
#2181 = LINE ( 'NONE', #3112, #3051 ) ;
#2182 = CC_DESIGN_PERSON_AND_ORGANIZATION_ASSIGNMENT ( #769, #1217, ( #2539 ) ) ;
#2183 = DIRECTION ( 'NONE',  ( 1.000000000000000000, 0.000000000000000000, 0.000000000000000000 ) ) ;
#2184 = DIRECTION ( 'NONE',  ( -0.9659258262890683122, -0.2588190451025211836, 0.000000000000000000 ) ) ;
#2185 = EDGE_LOOP ( 'NONE', ( #1152, #2873, #780, #1789 ) ) ;
#2186 = CARTESIAN_POINT ( 'NONE',  ( -73.04995088630195710, -12.99596265175510723, 12.50000000000000000 ) ) ;
#2187 = AXIS2_PLACEMENT_3D ( 'NONE', #2420, #138, #859 ) ;
#2188 = CONICAL_SURFACE ( 'NONE', #2546, 5.000000000000129674, 0.7853981633974672638 ) ;
#2189 = ORIENTED_EDGE ( 'NONE', *, *, #224, .T. ) ;
#2190 = FACE_OUTER_BOUND ( 'NONE', #1812, .T. ) ;
#2191 = DIRECTION ( 'NONE',  ( 1.000000000000000000, -6.359357485052899693E-13, 0.000000000000000000 ) ) ;
#2192 = CARTESIAN_POINT ( 'NONE',  ( -85.00000000000000000, 0.000000000000000000, 12.50000000000000000 ) ) ;
#2193 = EDGE_CURVE ( 'NONE', #1940, #291, #3015, .T. ) ;
#2194 = FACE_OUTER_BOUND ( 'NONE', #140, .T. ) ;
#2195 = ORIENTED_EDGE ( 'NONE', *, *, #3250, .T. ) ;
#2196 = DIRECTION ( 'NONE',  ( 1.000000000000000000, 0.000000000000000000, 0.000000000000000000 ) ) ;
#2197 = CYLINDRICAL_SURFACE ( 'NONE', #644, 20.00000000000000355 ) ;
#2198 = DIRECTION ( 'NONE',  ( 0.000000000000000000, 0.000000000000000000, 1.000000000000000000 ) ) ;
#2199 = LINE ( 'NONE', #3211, #2806 ) ;
#2200 = EDGE_CURVE ( 'NONE', #1962, #2651, #2494, .T. ) ;
#2201 = CARTESIAN_POINT ( 'NONE',  ( -79.26769785574691696, -14.50114670869612254, 12.50000000000000355 ) ) ;
#2202 = EDGE_LOOP ( 'NONE', ( #907, #1238, #2269, #2314, #2554 ) ) ;
#2203 = DIRECTION ( 'NONE',  ( -0.2588190451025219607, 0.9659258262890678681, 0.000000000000000000 ) ) ;
#2204 = ORIENTED_EDGE ( 'NONE', *, *, #3250, .F. ) ;
#2205 = CARTESIAN_POINT ( 'NONE',  ( 86.36597060562031913, -5.000000000000000000, 7.766561964967641174 ) ) ;
#2206 = CARTESIAN_POINT ( 'NONE',  ( -80.00000000000000000, 0.000000000000000000, -7.500000000000000000 ) ) ;
#2207 = PERSON_AND_ORGANIZATION ( #2596, #755 ) ;
#2208 = CARTESIAN_POINT ( 'NONE',  ( -72.75693124186571481, -11.06152192890275288, 7.500000000000000888 ) ) ;
#2209 = ORIENTED_EDGE ( 'NONE', *, *, #713, .T. ) ;
#2210 = CARTESIAN_POINT ( 'NONE',  ( 88.82064933167285403, 5.422068267934908370, 5.871803265755014323 ) ) ;
#2211 = EDGE_CURVE ( 'NONE', #1033, #225, #2505, .T. ) ;
#2212 = CARTESIAN_POINT ( 'NONE',  ( 90.11723868382192393, 5.483052822360634515, -5.000000000000108358 ) ) ;
#2213 = CARTESIAN_POINT ( 'NONE',  ( 90.70285981241950424, 5.049628746980810767, -5.249282646380052597 ) ) ;
#2214 = ORIENTED_EDGE ( 'NONE', *, *, #2295, .F. ) ;
#2215 = CIRCLE ( 'NONE', #271, 2.999999999999988898 ) ;
#2216 = CARTESIAN_POINT ( 'NONE',  ( 104.9108722611873219, 5.000000000000000000, -20.67117346569111191 ) ) ;
#2217 = EDGE_CURVE ( 'NONE', #952, #1586, #1199, .T. ) ;
#2218 = ORIENTED_EDGE ( 'NONE', *, *, #2367, .F. ) ;
#2219 = CARTESIAN_POINT ( 'NONE',  ( 90.11723868382185287, -5.483052822360638068, 5.000000000000219380 ) ) ;
#2220 = EDGE_CURVE ( 'NONE', #300, #2415, #1272, .T. ) ;
#2221 = EDGE_LOOP ( 'NONE', ( #3075, #698, #2790, #2312, #1304, #1134, #1317, #2543, #796, #502, #2353, #1874, #3168, #1023, #1274, #3037, #1846, #1567, #2734 ) ) ;
#2222 = CARTESIAN_POINT ( 'NONE',  ( -72.04995088630195710, -12.99596265175510723, 7.500000000000000888 ) ) ;
#2223 = DIRECTION ( 'NONE',  ( -0.000000000000000000, -0.000000000000000000, -1.000000000000000000 ) ) ;
#2224 = CALENDAR_DATE ( 2026, 12, 8 ) ;
#2225 = DIRECTION ( 'NONE',  ( -0.000000000000000000, 0.000000000000000000, 1.000000000000000000 ) ) ;
#2226 = VERTEX_POINT ( 'NONE', #2588 ) ;
#2227 = VECTOR ( 'NONE', #364, 1000.000000000000000 ) ;
#2228 = LINE ( 'NONE', #9, #242 ) ;
#2229 = CARTESIAN_POINT ( 'NONE',  ( -85.00000000000000000, 0.000000000000000000, 11.50000000000000000 ) ) ;
#2230 = CIRCLE ( 'NONE', #1806, 12.42900736601909628 ) ;
#2231 = AXIS2_PLACEMENT_3D ( 'NONE', #2131, #2388, #139 ) ;
#2232 = B_SPLINE_CURVE_WITH_KNOTS ( 'NONE', 3,
 ( #1987, #2452, #216, #690, #496, #3208, #2210, #1740, #3002, #1219 ),
 .UNSPECIFIED., .F., .F.,
 ( 4, 2, 2, 2, 4 ),
 ( 0.000000000000000000, 0.001164315464477564668, 0.002328630928955129336, 0.003492946393432693787, 0.004657261857910258672 ),
 .UNSPECIFIED. ) ;
#2233 = CYLINDRICAL_SURFACE ( 'NONE', #2854, 1.000000000000000888 ) ;
#2234 = ORIENTED_EDGE ( 'NONE', *, *, #2545, .F. ) ;
#2235 = AXIS2_PLACEMENT_3D ( 'NONE', #2412, #3163, #2916 ) ;
#2236 = CIRCLE ( 'NONE', #853, 7.499999999999992895 ) ;
#2237 = CARTESIAN_POINT ( 'NONE',  ( 86.21122977032581502, -5.000000000000000888, 7.357742269583483541 ) ) ;
#2238 = ORIENTED_EDGE ( 'NONE', *, *, #3229, .T. ) ;
#2239 = DIRECTION ( 'NONE',  ( -1.000000000000000000, 0.000000000000000000, 0.000000000000000000 ) ) ;
#2240 = ORIENTED_EDGE ( 'NONE', *, *, #2104, .F. ) ;
#2241 = CIRCLE ( 'NONE', #3195, 15.50000000000000000 ) ;
#2242 = CARTESIAN_POINT ( 'NONE',  ( -14.69207447075442019, 22.62381072326984111, 11.50000000000000000 ) ) ;
#2243 = DIRECTION ( 'NONE',  ( -0.000000000000000000, -1.000000000000000000, -0.000000000000000000 ) ) ;
#2244 = EDGE_CURVE ( 'NONE', #2947, #1962, #637, .T. ) ;
#2245 = CIRCLE ( 'NONE', #1554, 3.785496316990446974 ) ;
#2246 = ORIENTED_EDGE ( 'NONE', *, *, #2110, .F. ) ;
#2247 = DIRECTION ( 'NONE',  ( -0.05233595624293262139, -0.9986295347545746104, 0.000000000000000000 ) ) ;
#2248 = CARTESIAN_POINT ( 'NONE',  ( 86.13555850057882424, -5.317961944284729014, -7.071023222442657463 ) ) ;
#2249 = FACE_OUTER_BOUND ( 'NONE', #2099, .T. ) ;
#2250 = CARTESIAN_POINT ( 'NONE',  ( 90.28558615473119175, 5.000000000000000888, 5.934984998458580741 ) ) ;
#2251 = ORIENTED_EDGE ( 'NONE', *, *, #2001, .T. ) ;
#2252 = DIRECTION ( 'NONE',  ( 1.000000000000000000, 1.734723475976805517E-15, 0.000000000000000000 ) ) ;
#2253 = EDGE_CURVE ( 'NONE', #256, #483, #1112, .T. ) ;
#2254 = ORIENTED_EDGE ( 'NONE', *, *, #1079, .F. ) ;
#2255 = CARTESIAN_POINT ( 'NONE',  ( -85.00000000000000000, 0.000000000000000000, 11.50000000000000000 ) ) ;
#2256 = DATE_AND_TIME ( #2224, #856 ) ;
#2257 = ORIENTED_EDGE ( 'NONE', *, *, #1044, .F. ) ;
#2258 = ADVANCED_FACE ( 'NONE', ( #2341 ), #1584, .T. ) ;
#2259 = DIRECTION ( 'NONE',  ( -0.000000000000000000, 0.000000000000000000, 1.000000000000000000 ) ) ;
#2260 = CARTESIAN_POINT ( 'NONE',  ( 104.9108722611873219, -5.000000000000000000, -0.6711734656911141350 ) ) ;
#2261 = DIRECTION ( 'NONE',  ( 0.000000000000000000, -1.000000000000000000, 0.000000000000000000 ) ) ;
#2262 = CARTESIAN_POINT ( 'NONE',  ( 85.97668634844458779, -5.317898179020206229, 7.112959229102984615 ) ) ;
#2263 = ORIENTED_EDGE ( 'NONE', *, *, #2220, .F. ) ;
#2264 = CARTESIAN_POINT ( 'NONE',  ( 86.11281044183157007, -4.879403565739784732, 7.499999999999995559 ) ) ;
#2265 = ORIENTED_EDGE ( 'NONE', *, *, #2862, .T. ) ;
#2266 = DIRECTION ( 'NONE',  ( -0.000000000000000000, -1.000000000000000000, -0.000000000000000000 ) ) ;
#2267 = DATE_AND_TIME ( #991, #1861 ) ;
#2268 = EDGE_CURVE ( 'NONE', #3133, #395, #1779, .T. ) ;
#2269 = ORIENTED_EDGE ( 'NONE', *, *, #913, .F. ) ;
#2270 = DIRECTION ( 'NONE',  ( 0.000000000000000000, 0.000000000000000000, 1.000000000000000000 ) ) ;
#2271 = CARTESIAN_POINT ( 'NONE',  ( -82.88098602451239572, 16.22985835990235870, 11.50000000000000000 ) ) ;
#2272 = AXIS2_PLACEMENT_3D ( 'NONE', #1946, #1234, #990 ) ;
#2273 = DIRECTION ( 'NONE',  ( -0.05233595624293262139, -0.9986295347545746104, 0.000000000000000000 ) ) ;
#2274 = EDGE_LOOP ( 'NONE', ( #1928, #1775, #1624, #2048 ) ) ;
#2275 = CIRCLE ( 'NONE', #2698, 12.42900736601909628 ) ;
#2276 = CIRCLE ( 'NONE', #805, 16.50000000000000000 ) ;
#2277 = CARTESIAN_POINT ( 'NONE',  ( 104.9108722611873219, 5.000000000000000000, 0.6711734656912400343 ) ) ;
#2278 = CIRCLE ( 'NONE', #2702, 2.000000000000015543 ) ;
#2279 = VERTEX_POINT ( 'NONE', #2090 ) ;
#2280 = AXIS2_PLACEMENT_3D ( 'NONE', #12, #2513, #1007 ) ;
#2281 = DIRECTION ( 'NONE',  ( -0.000000000000000000, -1.000000000000000000, -0.000000000000000000 ) ) ;
#2282 = EDGE_CURVE ( 'NONE', #1881, #1413, #322, .T. ) ;
#2283 = VERTEX_POINT ( 'NONE', #1792 ) ;
#2284 = CARTESIAN_POINT ( 'NONE',  ( 89.23265303829433037, -5.441983190692849526, -5.627670909129388832 ) ) ;
#2285 = COORDINATED_UNIVERSAL_TIME_OFFSET ( 5, 30, .AHEAD. ) ;
#2286 = AXIS2_PLACEMENT_3D ( 'NONE', #3036, #15, #526 ) ;
#2287 = ORIENTED_EDGE ( 'NONE', *, *, #1455, .F. ) ;
#2288 = DIRECTION ( 'NONE',  ( 1.000000000000000000, 0.000000000000000000, 0.000000000000000000 ) ) ;
#2289 = CARTESIAN_POINT ( 'NONE',  ( -92.14488364714675583, -13.97255665999341723, 12.48730321279972166 ) ) ;
#2290 = ADVANCED_FACE ( 'NONE', ( #2521 ), #227, .T. ) ;
#2291 = CONICAL_SURFACE ( 'NONE', #864, 1000.000000000000000, 0.7853981633974815857 ) ;
#2292 = CARTESIAN_POINT ( 'NONE',  ( 90.11723868382192393, 5.483052822360634515, -5.000000000000108358 ) ) ;
#2293 = AXIS2_PLACEMENT_3D ( 'NONE', #2807, #1297, #572 ) ;
#2294 = VERTEX_POINT ( 'NONE', #1332 ) ;
#2295 = EDGE_CURVE ( 'NONE', #1386, #1679, #641, .T. ) ;
#2296 = CARTESIAN_POINT ( 'NONE',  ( 90.25057968683903198, 5.356220675620219751, 5.012673141596390991 ) ) ;
#2297 = EDGE_LOOP ( 'NONE', ( #2195, #989, #3056, #2692, #1681 ) ) ;
#2298 = FACE_OUTER_BOUND ( 'NONE', #2030, .T. ) ;
#2299 = EDGE_CURVE ( 'NONE', #2726, #832, #781, .T. ) ;
#2300 = ORIENTED_EDGE ( 'NONE', *, *, #1612, .T. ) ;
#2301 = CARTESIAN_POINT ( 'NONE',  ( 74.54044117646974144, 1007.445704556437590, 5.000000000000219380 ) ) ;
#2302 = VERTEX_POINT ( 'NONE', #517 ) ;
#2303 = CARTESIAN_POINT ( 'NONE',  ( 91.02079728939611414, -5.000000000000000000, 5.414213562373327626 ) ) ;
#2304 = CARTESIAN_POINT ( 'NONE',  ( -84.04128292067126438, 18.29341163553488414, 11.50000000000000000 ) ) ;
#2305 = DIRECTION ( 'NONE',  ( 1.000000000000000000, 0.000000000000000000, 0.000000000000000000 ) ) ;
#2306 = CARTESIAN_POINT ( 'NONE',  ( 89.08639012767015686, 5.434994198537126842, -5.705717220861641792 ) ) ;
#2307 = EDGE_CURVE ( 'NONE', #2008, #314, #2478, .T. ) ;
#2308 = ORIENTED_EDGE ( 'NONE', *, *, #1346, .T. ) ;
#2309 = CARTESIAN_POINT ( 'NONE',  ( -85.00000000000000000, 0.000000000000000000, 7.500000000000000000 ) ) ;
#2310 = CARTESIAN_POINT ( 'NONE',  ( 89.52792205177817664, 5.000000000000000000, 6.430907611143130254 ) ) ;
#2311 = ADVANCED_FACE ( 'NONE', ( #2057 ), #1913, .F. ) ;
#2312 = ORIENTED_EDGE ( 'NONE', *, *, #951, .T. ) ;
#2313 = CARTESIAN_POINT ( 'NONE',  ( -79.96216232968002657, 16.92301652257883404, 7.500000000000000888 ) ) ;
#2314 = ORIENTED_EDGE ( 'NONE', *, *, #2938, .F. ) ;
#2315 = CARTESIAN_POINT ( 'NONE',  ( -65.90967611852357777, 2.999999999999999556, 11.50000000000000000 ) ) ;
#2316 = CIRCLE ( 'NONE', #2793, 0.9999999999999980016 ) ;
#2317 = EDGE_LOOP ( 'NONE', ( #2361, #549, #235, #1227, #160, #1438, #2775, #2287, #2165, #954, #2587, #1133, #308, #1481 ) ) ;
#2318 = CARTESIAN_POINT ( 'NONE',  ( -68.90967611852357777, 2.999999999999999556, 7.500000000000000888 ) ) ;
#2319 = CARTESIAN_POINT ( 'NONE',  ( -82.88098602451239572, 16.22985835990235870, 7.500000000000000888 ) ) ;
#2320 = DIRECTION ( 'NONE',  ( -1.000000000000000000, 0.000000000000000000, -0.000000000000000000 ) ) ;
#2321 = CARTESIAN_POINT ( 'NONE',  ( 85.99608925872811938, 5.000000000000000000, -7.402795381130396812 ) ) ;
#2322 = VERTEX_POINT ( 'NONE', #66 ) ;
#2323 = AXIS2_PLACEMENT_3D ( 'NONE', #84, #51, #1059 ) ;
#2324 = DIRECTION ( 'NONE',  ( 0.000000000000000000, 0.000000000000000000, 1.000000000000000000 ) ) ;
#2325 = DIRECTION ( 'NONE',  ( 1.000000000000000000, 8.881784197001256268E-16, 0.000000000000000000 ) ) ;
#2326 = VERTEX_POINT ( 'NONE', #2315 ) ;
#2327 = CARTESIAN_POINT ( 'NONE',  ( -60.64582562299417390, -16.25000000000006395, 11.50000000000000000 ) ) ;
#2328 = AXIS2_PLACEMENT_3D ( 'NONE', #1271, #1776, #1506 ) ;
#2329 = ORIENTED_EDGE ( 'NONE', *, *, #1463, .T. ) ;
#2330 = CIRCLE ( 'NONE', #972, 1002.500000000000000 ) ;
#2331 = ORIENTED_EDGE ( 'NONE', *, *, #102, .F. ) ;
#2332 = CARTESIAN_POINT ( 'NONE',  ( 90.68282909815262371, -4.999999999999999112, 5.653606264695785200 ) ) ;
#2333 = CARTESIAN_POINT ( 'NONE',  ( -82.88098602451239572, 16.22985835990235870, 11.50000000000000000 ) ) ;
#2334 = EDGE_CURVE ( 'NONE', #68, #512, #1950, .T. ) ;
#2335 = CARTESIAN_POINT ( 'NONE',  ( 86.45906356030951656, -5.318092103414608474, 6.985385771114842157 ) ) ;
#2336 = VERTEX_POINT ( 'NONE', #3176 ) ;
#2337 = VECTOR ( 'NONE', #2525, 1000.000000000000000 ) ;
#2338 = CARTESIAN_POINT ( 'NONE',  ( 92.48185737651442651, 0.5213542070849030985, -0.5149821216993898387 ) ) ;
#2339 = EDGE_CURVE ( 'NONE', #3201, #1497, #2100, .T. ) ;
#2340 = ORIENTED_EDGE ( 'NONE', *, *, #2579, .T. ) ;
#2341 = FACE_OUTER_BOUND ( 'NONE', #8, .T. ) ;
#2342 = ORIENTED_EDGE ( 'NONE', *, *, #695, .T. ) ;
#2343 = CARTESIAN_POINT ( 'NONE',  ( 104.9108722611873219, 5.000000000000000000, -13.10018083171021352 ) ) ;
#2344 = DIRECTION ( 'NONE',  ( -0.05233595624293262139, -0.9986295347545746104, 0.000000000000000000 ) ) ;
#2345 = DIRECTION ( 'NONE',  ( -1.000000000000000000, 0.000000000000000000, 0.000000000000000000 ) ) ;
#2346 = EDGE_CURVE ( 'NONE', #2947, #756, #385, .T. ) ;
#2347 = ORIENTED_EDGE ( 'NONE', *, *, #1673, .T. ) ;
#2348 = CARTESIAN_POINT ( 'NONE',  ( 89.09654147455265161, 5.435227892118816406, 5.723800828484459480 ) ) ;
#2349 = CARTESIAN_POINT ( 'NONE',  ( -97.94817170637601578, -9.760879709391680592, 12.21125264017294931 ) ) ;
#2350 = ORIENTED_EDGE ( 'NONE', *, *, #621, .F. ) ;
#2351 = CARTESIAN_POINT ( 'NONE',  ( 92.48518930169956320, -0.4793013121891509520, -0.3561473105700077579 ) ) ;
#2352 = AXIS2_PLACEMENT_3D ( 'NONE', #1936, #946, #929 ) ;
#2353 = ORIENTED_EDGE ( 'NONE', *, *, #1276, .F. ) ;
#2354 = CARTESIAN_POINT ( 'NONE',  ( -87.15383464432285621, -17.36695126741936690, 7.500000000000000000 ) ) ;
#2355 = DIRECTION ( 'NONE',  ( -0.000000000000000000, -0.000000000000000000, 1.000000000000000000 ) ) ;
#2356 = CARTESIAN_POINT ( 'NONE',  ( -85.00000000000000000, 0.000000000000000000, 11.50000000000000000 ) ) ;
#2357 = ADVANCED_FACE ( 'NONE', ( #2637 ), #126, .T. ) ;
#2358 = CIRCLE ( 'NONE', #571, 3.785496316990446974 ) ;
#2359 = CARTESIAN_POINT ( 'NONE',  ( -32.07720588235311254, 426.7308025708726973, 7.500000000000000000 ) ) ;
#2360 = EDGE_CURVE ( 'NONE', #2825, #1289, #964, .T. ) ;
#2361 = ORIENTED_EDGE ( 'NONE', *, *, #737, .F. ) ;
#2362 = DIRECTION ( 'NONE',  ( -0.000000000000000000, -1.000000000000000000, -0.000000000000000000 ) ) ;
#2363 = CYLINDRICAL_SURFACE ( 'NONE', #1864, 3.000000000000002665 ) ;
#2364 = ADVANCED_FACE ( 'NONE', ( #1853 ), #2660, .T. ) ;
#2365 = CARTESIAN_POINT ( 'NONE',  ( 86.06561027028158151, 5.018640840996180685, 7.370069661570546771 ) ) ;
#2366 = VECTOR ( 'NONE', #1981, 1000.000000000000000 ) ;
#2367 = EDGE_CURVE ( 'NONE', #1745, #3001, #3235, .T. ) ;
#2368 = ORIENTED_EDGE ( 'NONE', *, *, #466, .T. ) ;
#2369 = DIRECTION ( 'NONE',  ( 0.000000000000000000, 0.000000000000000000, 1.000000000000000000 ) ) ;
#2370 = AXIS2_PLACEMENT_3D ( 'NONE', #2996, #1731, #434 ) ;
#2371 = VECTOR ( 'NONE', #1501, 1000.000000000000000 ) ;
#2372 = ORIENTED_EDGE ( 'NONE', *, *, #1897, .T. ) ;
#2373 = CARTESIAN_POINT ( 'NONE',  ( -80.00000000000000000, 0.000000000000000000, -17.50000000000000000 ) ) ;
#2374 = CIRCLE ( 'NONE', #1914, 2.999999999999988898 ) ;
#2375 = DIRECTION ( 'NONE',  ( 0.000000000000000000, 0.000000000000000000, 1.000000000000000000 ) ) ;
#2376 = DIRECTION ( 'NONE',  ( -1.000000000000000000, 0.000000000000000000, 0.000000000000000000 ) ) ;
#2377 = VECTOR ( 'NONE', #2527, 1000.000000000000000 ) ;
#2378 = CARTESIAN_POINT ( 'NONE',  ( -72.75693124186571481, -11.06152192890275465, 11.50000000000000000 ) ) ;
#2379 = LINE ( 'NONE', #671, #1651 ) ;
#2380 = VERTEX_POINT ( 'NONE', #2151 ) ;
#2381 = ORIENTED_EDGE ( 'NONE', *, *, #31, .F. ) ;
#2382 = ADVANCED_FACE ( 'NONE', ( #861 ), #2909, .F. ) ;
#2383 = DIRECTION ( 'NONE',  ( -0.9335804264972065170, 0.3583679495452880004, 0.000000000000000000 ) ) ;
#2384 = CIRCLE ( 'NONE', #2533, 3.785496316990446974 ) ;
#2385 = DIRECTION ( 'NONE',  ( 0.000000000000000000, 0.000000000000000000, 1.000000000000000000 ) ) ;
#2386 = AXIS2_PLACEMENT_3D ( 'NONE', #2462, #2223, #211 ) ;
#2387 = DIRECTION ( 'NONE',  ( 0.000000000000000000, 1.000000000000000000, -0.000000000000000000 ) ) ;
#2388 = DIRECTION ( 'NONE',  ( -0.000000000000000000, 0.000000000000000000, 1.000000000000000000 ) ) ;
#2389 = EDGE_CURVE ( 'NONE', #2116, #2995, #141, .T. ) ;
#2390 = ORIENTED_EDGE ( 'NONE', *, *, #67, .F. ) ;
#2391 = CARTESIAN_POINT ( 'NONE',  ( -81.87175605536334899, 19.75383734424388038, 7.500000000000000000 ) ) ;
#2392 = ORIENTED_EDGE ( 'NONE', *, *, #2590, .F. ) ;
#2393 = CYLINDRICAL_SURFACE ( 'NONE', #3005, 1000.000000000000000 ) ;
#2394 = CARTESIAN_POINT ( 'NONE',  ( 87.18484798196507768, -5.341626146424317767, 6.770661447450121884 ) ) ;
#2395 = FACE_OUTER_BOUND ( 'NONE', #760, .T. ) ;
#2396 = CARTESIAN_POINT ( 'NONE',  ( 90.52099905727207840, -5.124009542950883400, -5.154491251553371178 ) ) ;
#2397 = CARTESIAN_POINT ( 'NONE',  ( -75.04995088630195710, -12.99596265175510723, 7.500000000000000888 ) ) ;
#2398 = ORIENTED_EDGE ( 'NONE', *, *, #3121, .F. ) ;
#2399 = ORIENTED_EDGE ( 'NONE', *, *, #1956, .F. ) ;
#2400 = CARTESIAN_POINT ( 'NONE',  ( 86.36123053307767350, 5.313504471405742891, -7.027991987996566436 ) ) ;
#2401 = CARTESIAN_POINT ( 'NONE',  ( -85.00000000000000000, 0.000000000000000000, 7.500000000000000000 ) ) ;
#2402 = ADVANCED_FACE ( 'NONE', ( #2857 ), #2888, .T. ) ;
#2403 = CARTESIAN_POINT ( 'NONE',  ( -32.07720588235311254, 426.7308025708726973, -5.000000000000108358 ) ) ;
#2404 = FACE_OUTER_BOUND ( 'NONE', #860, .T. ) ;
#2405 = EDGE_CURVE ( 'NONE', #2472, #739, #651, .T. ) ;
#2406 = ORIENTED_EDGE ( 'NONE', *, *, #596, .F. ) ;
#2407 = DIRECTION ( 'NONE',  ( -0.000000000000000000, -0.000000000000000000, -1.000000000000000000 ) ) ;
#2408 = CYLINDRICAL_SURFACE ( 'NONE', #893, 16.50000000000000000 ) ;
#2409 = ORIENTED_EDGE ( 'NONE', *, *, #2836, .T. ) ;
#2410 = CARTESIAN_POINT ( 'NONE',  ( -81.27008950380860597, 15.04452617035184225, 12.50000000000000000 ) ) ;
#2411 = CYLINDRICAL_SURFACE ( 'NONE', #1284, 19.99999999999999645 ) ;
#2412 = CARTESIAN_POINT ( 'NONE',  ( -77.17464692674111859, -14.37575639365296354, 7.500000000000000888 ) ) ;
#2413 = DIRECTION ( 'NONE',  ( 1.000000000000000000, 0.000000000000000000, 0.000000000000000000 ) ) ;
#2414 = DIRECTION ( 'NONE',  ( 0.000000000000000000, 0.000000000000000000, 1.000000000000000000 ) ) ;
#2415 = VERTEX_POINT ( 'NONE', #1092 ) ;
#2416 = ORIENTED_EDGE ( 'NONE', *, *, #875, .T. ) ;
#2417 = DIRECTION ( 'NONE',  ( -0.000000000000000000, -0.000000000000000000, -1.000000000000000000 ) ) ;
#2418 = AXIS2_PLACEMENT_3D ( 'NONE', #3223, #3205, #2427 ) ;
#2419 = CARTESIAN_POINT ( 'NONE',  ( 86.17654999384424741, -5.000000000000005329, -7.674336082004088233 ) ) ;
#2420 = CARTESIAN_POINT ( 'NONE',  ( -69.56537076352196891, 5.447085729384806285, 7.500000000000000888 ) ) ;
#2421 = ORIENTED_EDGE ( 'NONE', *, *, #67, .T. ) ;
#2422 = FACE_OUTER_BOUND ( 'NONE', #125, .T. ) ;
#2423 = ORIENTED_EDGE ( 'NONE', *, *, #857, .F. ) ;
#2424 = DIRECTION ( 'NONE',  ( -0.08702806186029896085, -0.7017308005559245165, -0.7071067811865343611 ) ) ;
#2425 = CARTESIAN_POINT ( 'NONE',  ( -85.00000000000000000, 0.000000000000000000, 7.500000000000000000 ) ) ;
#2426 = CARTESIAN_POINT ( 'NONE',  ( 92.50000000000000000, 3.122502256758252770E-14, 6.255846535241360584E-14 ) ) ;
#2427 = DIRECTION ( 'NONE',  ( -1.000000000000000000, 0.000000000000000000, 0.000000000000000000 ) ) ;
#2428 = AXIS2_PLACEMENT_3D ( 'NONE', #2951, #2894, #3185 ) ;
#2429 = FACE_OUTER_BOUND ( 'NONE', #963, .T. ) ;
#2430 = ORIENTED_EDGE ( 'NONE', *, *, #1788, .T. ) ;
#2431 = CIRCLE ( 'NONE', #2487, 3.000000000000002665 ) ;
#2432 = EDGE_CURVE ( 'NONE', #284, #2502, #2754, .T. ) ;
#2433 = DIRECTION ( 'NONE',  ( 1.000000000000000000, 0.000000000000000000, 0.000000000000000000 ) ) ;
#2434 = DIRECTION ( 'NONE',  ( -0.000000000000000000, -0.000000000000000000, 1.000000000000000000 ) ) ;
#2435 = DIRECTION ( 'NONE',  ( 0.5446390350150173143, -0.8386705679454303786, 0.000000000000000000 ) ) ;
#2436 = CARTESIAN_POINT ( 'NONE',  ( -85.00000000000000000, 0.000000000000000000, 11.50000000000000000 ) ) ;
#2437 = CIRCLE ( 'NONE', #392, 1.000000000000000222 ) ;
#2438 = DIRECTION ( 'NONE',  ( 1.000000000000000000, 0.000000000000000000, 0.000000000000000000 ) ) ;
#2439 = EDGE_LOOP ( 'NONE', ( #1570, #410, #2814, #709 ) ) ;
#2440 = DIRECTION ( 'NONE',  ( 0.000000000000000000, 0.000000000000000000, 1.000000000000000000 ) ) ;
#2441 = CIRCLE ( 'NONE', #449, 3.785496316990446974 ) ;
#2442 = EDGE_CURVE ( 'NONE', #2841, #2858, #1224, .T. ) ;
#2443 = CIRCLE ( 'NONE', #1606, 450.0000000000000000 ) ;
#2444 = ORIENTED_EDGE ( 'NONE', *, *, #486, .F. ) ;
#2445 = CARTESIAN_POINT ( 'NONE',  ( -69.56537076352196891, 5.447085729384806285, 11.50000000000000000 ) ) ;
#2446 = B_SPLINE_CURVE_WITH_KNOTS ( 'NONE', 3,
 ( #587, #874, #911, #1919 ),
 .UNSPECIFIED., .F., .F.,
 ( 4, 4 ),
 ( -0.0004107128782052586573, 0.0001898712885028138548 ),
 .UNSPECIFIED. ) ;
#2447 = CARTESIAN_POINT ( 'NONE',  ( -71.00680703342962374, 7.104368155652403871, 12.48730452859747864 ) ) ;
#2448 = DIRECTION ( 'NONE',  ( 0.000000000000000000, 1.000000000000000000, 0.000000000000000000 ) ) ;
#2449 = CARTESIAN_POINT ( 'NONE',  ( -82.88098602451239572, 16.22985835990235870, 7.500000000000000888 ) ) ;
#2450 = EDGE_CURVE ( 'NONE', #512, #811, #1621, .T. ) ;
#2451 = ORIENTED_EDGE ( 'NONE', *, *, #988, .T. ) ;
#2452 = CARTESIAN_POINT ( 'NONE',  ( 86.36126066096227305, 5.313505170417488266, 7.027985856483607741 ) ) ;
#2453 = CARTESIAN_POINT ( 'NONE',  ( -99.78070122198900549, 7.030604099015818953, 7.500000000000000888 ) ) ;
#2454 = EDGE_CURVE ( 'NONE', #1713, #2144, #1702, .T. ) ;
#2455 = CARTESIAN_POINT ( 'NONE',  ( -85.00000000000000000, 0.000000000000000000, 12.50000000000000000 ) ) ;
#2456 = DIRECTION ( 'NONE',  ( -0.000000000000000000, 0.000000000000000000, 1.000000000000000000 ) ) ;
#2457 = B_SPLINE_CURVE_WITH_KNOTS ( 'NONE', 3,
 ( #413, #2673, #2883, #1938, #947, #1955, #1434, #2163 ),
 .UNSPECIFIED., .F., .F.,
 ( 4, 2, 2, 4 ),
 ( 0.000000000000000000, 0.0004323543420602550947, 0.0006485315130903832655, 0.0008647086841205113821 ),
 .UNSPECIFIED. ) ;
#2458 = VERTEX_POINT ( 'NONE', #666 ) ;
#2459 = CYLINDRICAL_SURFACE ( 'NONE', #328, 16.50000000000000000 ) ;
#2460 = ORIENTED_EDGE ( 'NONE', *, *, #2569, .T. ) ;
#2461 = CARTESIAN_POINT ( 'NONE',  ( -80.66324749619703027, 15.29945599621942165, 12.42226674930539687 ) ) ;
#2462 = CARTESIAN_POINT ( 'NONE',  ( -77.17464692674111859, -14.37575639365296354, 11.50000000000000000 ) ) ;
#2463 = EDGE_CURVE ( 'NONE', #2415, #830, #1906, .T. ) ;
#2464 = ORIENTED_EDGE ( 'NONE', *, *, #2590, .T. ) ;
#2465 = DIRECTION ( 'NONE',  ( 1.000000000000000000, 0.000000000000000000, 0.000000000000000000 ) ) ;
#2466 = CARTESIAN_POINT ( 'NONE',  ( -91.95605463364756815, -14.42016019035675711, 12.36993840020067736 ) ) ;
#2467 = CARTESIAN_POINT ( 'NONE',  ( -85.25391577307304658, 19.35833537641282476, 7.500000000000000888 ) ) ;
#2468 = AXIS2_PLACEMENT_3D ( 'NONE', #2255, #210, #1001 ) ;
#2469 = CARTESIAN_POINT ( 'NONE',  ( 90.95679089068430301, -4.999999999999998224, 5.381112374308735014 ) ) ;
#2470 = AXIS2_PLACEMENT_3D ( 'NONE', #2969, #3186, #2933 ) ;
#2471 = CARTESIAN_POINT ( 'NONE',  ( 86.32217080252451069, -5.000000000000000000, 7.778130003630698397 ) ) ;
#2472 = VERTEX_POINT ( 'NONE', #1458 ) ;
#2473 = CYLINDRICAL_SURFACE ( 'NONE', #2528, 7.499999999999992895 ) ;
#2474 = ADVANCED_FACE ( 'NONE', ( #1762 ), #3255, .T. ) ;
#2475 = EDGE_LOOP ( 'NONE', ( #1491, #2430, #419, #3257, #1162, #1045 ) ) ;
#2476 = DIRECTION ( 'NONE',  ( 1.000000000000000000, 0.000000000000000000, 0.000000000000000000 ) ) ;
#2477 = LINE ( 'NONE', #198, #246 ) ;
#2478 = CIRCLE ( 'NONE', #20, 15.50000000000000000 ) ;
#2479 = B_SPLINE_CURVE_WITH_KNOTS ( 'NONE', 3,
 ( #2026, #2791, #2052, #2811, #1705, #1653, #2400, #2708 ),
 .UNSPECIFIED., .F., .F.,
 ( 4, 2, 2, 4 ),
 ( 0.000000000000000000, 0.002345021842212026766, 0.003517532763318022369, 0.004690043684424017971 ),
 .UNSPECIFIED. ) ;
#2480 = ORIENTED_EDGE ( 'NONE', *, *, #1944, .T. ) ;
#2481 = VECTOR ( 'NONE', #2266, 1000.000000000000000 ) ;
#2482 = CARTESIAN_POINT ( 'NONE',  ( 88.96650167603866066, -5.428978149018832688, 5.794807192137326091 ) ) ;
#2483 = CARTESIAN_POINT ( 'NONE',  ( 85.00000000000000000, 3.122849337825751327E-14, -5.000000000000108358 ) ) ;
#2484 = DIRECTION ( 'NONE',  ( -0.000000000000000000, -0.000000000000000000, -1.000000000000000000 ) ) ;
#2485 = ADVANCED_FACE ( 'NONE', ( #1473 ), #2459, .T. ) ;
#2486 = CIRCLE ( 'NONE', #1068, 5.000000000000129674 ) ;
#2487 = AXIS2_PLACEMENT_3D ( 'NONE', #28, #1728, #2745 ) ;
#2488 = CARTESIAN_POINT ( 'NONE',  ( -32.07720588235311254, 426.7308025708726973, -5.000000000000108358 ) ) ;
#2489 = ORIENTED_EDGE ( 'NONE', *, *, #415, .F. ) ;
#2490 = CARTESIAN_POINT ( 'NONE',  ( 90.31246819652598390, -5.294117647058824261, 5.045170085417455930 ) ) ;
#2491 = EDGE_CURVE ( 'NONE', #2302, #225, #799, .T. ) ;
#2492 = ORIENTED_EDGE ( 'NONE', *, *, #1212, .F. ) ;
#2493 = CIRCLE ( 'NONE', #1241, 5.000000000000004441 ) ;
#2494 = LINE ( 'NONE', #751, #2068 ) ;
#2495 = PERSON_AND_ORGANIZATION ( #2596, #755 ) ;
#2496 = AXIS2_PLACEMENT_3D ( 'NONE', #1478, #2985, #722 ) ;
#2497 = ORIENTED_EDGE ( 'NONE', *, *, #1086, .F. ) ;
#2498 = DIRECTION ( 'NONE',  ( 1.000000000000000000, 0.000000000000000000, 0.000000000000000000 ) ) ;
#2499 = FACE_OUTER_BOUND ( 'NONE', #2176, .T. ) ;
#2500 = DIRECTION ( 'NONE',  ( 0.000000000000000000, 0.000000000000000000, 1.000000000000000000 ) ) ;
#2501 = ORIENTED_EDGE ( 'NONE', *, *, #3025, .F. ) ;
#2502 = VERTEX_POINT ( 'NONE', #2186 ) ;
#2503 = CARTESIAN_POINT ( 'NONE',  ( -85.00000000000000000, 0.000000000000000000, 11.50000000000000000 ) ) ;
#2504 = ORIENTED_EDGE ( 'NONE', *, *, #762, .T. ) ;
#2505 = LINE ( 'NONE', #262, #2481 ) ;
#2506 = PERSON_AND_ORGANIZATION ( #2596, #755 ) ;
#2507 = EDGE_LOOP ( 'NONE', ( #673, #3023, #909 ) ) ;
#2508 = FACE_OUTER_BOUND ( 'NONE', #1870, .T. ) ;
#2509 = CARTESIAN_POINT ( 'NONE',  ( 86.29731571093748244, -5.318026973109423849, -7.028244029576659280 ) ) ;
#2510 = EDGE_CURVE ( 'NONE', #668, #1009, #2848, .T. ) ;
#2511 = CARTESIAN_POINT ( 'NONE',  ( -100.6885940138923843, 4.665462514913884640, 7.500000000000000888 ) ) ;
#2512 = EDGE_CURVE ( 'NONE', #2226, #1717, #1429, .T. ) ;
#2513 = DIRECTION ( 'NONE',  ( 0.000000000000000000, 0.000000000000000000, -1.000000000000000000 ) ) ;
#2514 = EDGE_LOOP ( 'NONE', ( #2039, #2372, #273, #196, #2846 ) ) ;
#2515 = CARTESIAN_POINT ( 'NONE',  ( 85.97668634844461621, -5.317898179020191129, -7.112959229102966852 ) ) ;
#2516 = CARTESIAN_POINT ( 'NONE',  ( 110.7282149570480385, -5.000000000000000000, 11.65474064869117043 ) ) ;
#2517 = ORIENTED_EDGE ( 'NONE', *, *, #1445, .T. ) ;
#2518 = CARTESIAN_POINT ( 'NONE',  ( 74.54044117646974144, 1007.445704556437590, 7.500000000000000888 ) ) ;
#2519 = EDGE_CURVE ( 'NONE', #314, #958, #1849, .T. ) ;
#2520 = VERTEX_POINT ( 'NONE', #1179 ) ;
#2521 = FACE_OUTER_BOUND ( 'NONE', #2274, .T. ) ;
#2522 = B_SPLINE_CURVE_WITH_KNOTS ( 'NONE', 3,
 ( #374, #662, #3192, #3170, #412, #1690, #1381, #2941 ),
 .UNSPECIFIED., .F., .F.,
 ( 4, 2, 2, 4 ),
 ( 0.000000000000000000, 0.001241762212849798538, 0.002483524425699597075, 0.004967048851399230580 ),
 .UNSPECIFIED. ) ;
#2523 = ORIENTED_EDGE ( 'NONE', *, *, #793, .T. ) ;
#2524 = ADVANCED_FACE ( 'NONE', ( #999 ), #2473, .T. ) ;
#2525 = DIRECTION ( 'NONE',  ( 0.08702806186029701796, 0.7017308005559088624, -0.7071067811865500152 ) ) ;
#2526 = CYLINDRICAL_SURFACE ( 'NONE', #2174, 3.000000000000002665 ) ;
#2527 = DIRECTION ( 'NONE',  ( -0.000000000000000000, -0.000000000000000000, -1.000000000000000000 ) ) ;
#2528 = AXIS2_PLACEMENT_3D ( 'NONE', #208, #226, #2239 ) ;
#2529 = ADVANCED_FACE ( 'NONE', ( #2962 ), #3063, .T. ) ;
#2530 = DIRECTION ( 'NONE',  ( 0.000000000000000000, 0.000000000000000000, -1.000000000000000000 ) ) ;
#2531 = ORIENTED_EDGE ( 'NONE', *, *, #2193, .F. ) ;
#2532 = AXIS2_PLACEMENT_3D ( 'NONE', #2229, #773, #726 ) ;
#2533 = AXIS2_PLACEMENT_3D ( 'NONE', #2703, #886, #941 ) ;
#2534 = DIRECTION ( 'NONE',  ( -0.000000000000000000, 0.000000000000000000, 1.000000000000000000 ) ) ;
#2535 = AXIS2_PLACEMENT_3D ( 'NONE', #2697, #2644, #1411 ) ;
#2536 = ORIENTED_EDGE ( 'NONE', *, *, #2217, .F. ) ;
#2537 = CIRCLE ( 'NONE', #1436, 3.000000000000016431 ) ;
#2538 = DIRECTION ( 'NONE',  ( 0.000000000000000000, 0.000000000000000000, 1.000000000000000000 ) ) ;
#2539 = PRODUCT_DEFINITION_FORMATION_WITH_SPECIFIED_SOURCE ( 'ANY', '', #2993, .NOT_KNOWN. ) ;
#2540 = ORIENTED_EDGE ( 'NONE', *, *, #2432, .F. ) ;
#2541 = CARTESIAN_POINT ( 'NONE',  ( 89.89831305920539251, -5.473954898908156785, -5.167269416515096303 ) ) ;
#2542 = ADVANCED_FACE ( 'NONE', ( #2422 ), #1757, .T. ) ;
#2543 = ORIENTED_EDGE ( 'NONE', *, *, #2253, .F. ) ;
#2544 = FACE_OUTER_BOUND ( 'NONE', #2507, .T. ) ;
#2545 = EDGE_CURVE ( 'NONE', #2294, #1408, #970, .T. ) ;
#2546 = AXIS2_PLACEMENT_3D ( 'NONE', #922, #1235, #2696 ) ;
#2547 = CARTESIAN_POINT ( 'NONE',  ( -82.88098602451239572, 16.22985835990235870, 7.500000000000000888 ) ) ;
#2548 = CARTESIAN_POINT ( 'NONE',  ( -69.43740927667572294, 0.9708970541594975634, 12.49999999999999645 ) ) ;
#2549 = AXIS2_PLACEMENT_3D ( 'NONE', #965, #2994, #730 ) ;
#2550 = ORIENTED_EDGE ( 'NONE', *, *, #1693, .F. ) ;
#2551 = EDGE_CURVE ( 'NONE', #2336, #574, #57, .T. ) ;
#2552 = CYLINDRICAL_SURFACE ( 'NONE', #2639, 16.50000000000000000 ) ;
#2553 = CARTESIAN_POINT ( 'NONE',  ( 87.93889990011666669, 5.379288189218900840, 6.378541491148790321 ) ) ;
#2554 = ORIENTED_EDGE ( 'NONE', *, *, #707, .F. ) ;
#2555 = CARTESIAN_POINT ( 'NONE',  ( -98.15558891806574593, 8.196369941557643202, 12.50000000000000000 ) ) ;
#2556 = ORIENTED_EDGE ( 'NONE', *, *, #2200, .F. ) ;
#2557 = DIRECTION ( 'NONE',  ( 0.000000000000000000, 0.000000000000000000, 1.000000000000000000 ) ) ;
#2558 = VERTEX_POINT ( 'NONE', #1978 ) ;
#2559 = FACE_BOUND ( 'NONE', #2783, .T. ) ;
#2560 = CYLINDRICAL_SURFACE ( 'NONE', #3070, 1.000000000000000222 ) ;
#2561 = CARTESIAN_POINT ( 'NONE',  ( -85.00000000000000000, 0.000000000000000000, -17.50000000000000000 ) ) ;
#2562 = CARTESIAN_POINT ( 'NONE',  ( 86.64615076076553635, -6.000000000000000000, 7.692492552301403386 ) ) ;
#2563 = ORIENTED_EDGE ( 'NONE', *, *, #1553, .F. ) ;
#2564 = DIRECTION ( 'NONE',  ( 0.000000000000000000, 0.000000000000000000, 1.000000000000000000 ) ) ;
#2565 = CARTESIAN_POINT ( 'NONE',  ( 85.94517091850929091, 5.303860406415751072, 7.112581019083577871 ) ) ;
#2566 = ORIENTED_EDGE ( 'NONE', *, *, #45, .T. ) ;
#2567 = DIRECTION ( 'NONE',  ( 1.000000000000000000, 0.000000000000000000, 0.000000000000000000 ) ) ;
#2568 = CIRCLE ( 'NONE', #474, 3.000000000000002665 ) ;
#2569 = EDGE_CURVE ( 'NONE', #56, #771, #1943, .T. ) ;
#2570 = VERTEX_POINT ( 'NONE', #747 ) ;
#2571 = CARTESIAN_POINT ( 'NONE',  ( -75.04995088630195710, -12.99596265175510723, 11.50000000000000000 ) ) ;
#2572 = AXIS2_PLACEMENT_3D ( 'NONE', #640, #1616, #1136 ) ;
#2573 = ORIENTED_EDGE ( 'NONE', *, *, #1170, .F. ) ;
#2574 = DIRECTION ( 'NONE',  ( -0.2588190451025219607, 0.9659258262890678681, 0.000000000000000000 ) ) ;
#2575 = FACE_OUTER_BOUND ( 'NONE', #3230, .T. ) ;
#2576 = CARTESIAN_POINT ( 'NONE',  ( 86.43157903549860066, 5.000000000000410338, -7.318592332736755246 ) ) ;
#2577 = ORIENTED_EDGE ( 'NONE', *, *, #1993, .T. ) ;
#2578 = AXIS2_PLACEMENT_3D ( 'NONE', #2028, #1840, #2796 ) ;
#2579 = EDGE_CURVE ( 'NONE', #1459, #1778, #1114, .T. ) ;
#2580 = CARTESIAN_POINT ( 'NONE',  ( -102.3640709741919750, 2.176933440238399964, 7.500000000000000888 ) ) ;
#2581 = CARTESIAN_POINT ( 'NONE',  ( 86.22116487098573145, 5.000000000000000000, -7.791204200782360978 ) ) ;
#2582 = ORIENTED_EDGE ( 'NONE', *, *, #1865, .T. ) ;
#2583 = CIRCLE ( 'NONE', #749, 0.9999999999999951150 ) ;
#2584 = AXIS2_PLACEMENT_3D ( 'NONE', #706, #977, #1462 ) ;
#2585 = CIRCLE ( 'NONE', #2645, 1.000000000000000222 ) ;
#2586 = DIRECTION ( 'NONE',  ( -0.000000000000000000, -0.000000000000000000, 1.000000000000000000 ) ) ;
#2587 = ORIENTED_EDGE ( 'NONE', *, *, #2997, .F. ) ;
#2588 = CARTESIAN_POINT ( 'NONE',  ( -101.4066501463505148, 1.752663965298880910, 11.50000000000000000 ) ) ;
#2589 = SHAPE_DEFINITION_REPRESENTATION ( #2756, #2018 ) ;
#2590 = EDGE_CURVE ( 'NONE', #2908, #1903, #469, .T. ) ;
#2591 = EDGE_LOOP ( 'NONE', ( #409, #2300, #612, #1980 ) ) ;
#2592 = CARTESIAN_POINT ( 'NONE',  ( 90.37241095578157513, -5.000000000000000000, 5.874417120453815144 ) ) ;
#2593 = DIRECTION ( 'NONE',  ( 1.000000000000000000, -6.216092455583553496E-15, 0.000000000000000000 ) ) ;
#2594 = CARTESIAN_POINT ( 'NONE',  ( -75.04995088630195710, -12.99596265175510723, 11.50000000000000000 ) ) ;
#2595 = AXIS2_PLACEMENT_3D ( 'NONE', #1189, #1449, #2196 ) ;
#2596 = PERSON ( 'UNSPECIFIED', 'UNSPECIFIED', 'UNSPECIFIED', ('UNSPECIFIED'), ('UNSPECIFIED'), ('UNSPECIFIED') ) ;
#2597 = DIRECTION ( 'NONE',  ( -1.000000000000000000, 0.000000000000000000, 0.000000000000000000 ) ) ;
#2598 = ORIENTED_EDGE ( 'NONE', *, *, #863, .T. ) ;
#2599 = TOROIDAL_SURFACE ( 'NONE', #661, 15.50000000000000711, 1.000000000000000000 ) ;
#2600 = CIRCLE ( 'NONE', #1191, 19.99999999999999645 ) ;
#2601 = LINE ( 'NONE', #1074, #858 ) ;
#2602 = B_SPLINE_CURVE_WITH_KNOTS ( 'NONE', 3,
 ( #2410, #161, #669, #2461, #1995, #2999, #2735, #683, #1215, #734 ),
 .UNSPECIFIED., .F., .F.,
 ( 4, 2, 2, 2, 4 ),
 ( -6.578102695117910266E-06, 0.0004905520520394971709, 0.0009876822067741122986, 0.001484812361508727535, 0.001981942516243342771 ),
 .UNSPECIFIED. ) ;
#2603 = CARTESIAN_POINT ( 'NONE',  ( -85.00000000000000000, 0.000000000000000000, 7.500000000000000000 ) ) ;
#2604 = CARTESIAN_POINT ( 'NONE',  ( 92.49866611057991861, 0.1564910701667129866, -0.02384575228435390631 ) ) ;
#2605 = ORIENTED_EDGE ( 'NONE', *, *, #1347, .T. ) ;
#2606 = CARTESIAN_POINT ( 'NONE',  ( 92.48186282742635456, -0.5212759657435310778, -0.8272945322569018600 ) ) ;
#2607 = ORIENTED_EDGE ( 'NONE', *, *, #896, .F. ) ;
#2608 = CARTESIAN_POINT ( 'NONE',  ( 85.97455357664966868, 5.304532990911830836, -7.106687017664277128 ) ) ;
#2609 = DIRECTION ( 'NONE',  ( 0.000000000000000000, 1.000000000000000000, -0.000000000000000000 ) ) ;
#2610 = DIRECTION ( 'NONE',  ( 0.000000000000000000, 0.000000000000000000, 1.000000000000000000 ) ) ;
#2611 = CARTESIAN_POINT ( 'NONE',  ( 90.31246819652598390, -5.294117647058824261, -5.045170085417342243 ) ) ;
#2612 = CARTESIAN_POINT ( 'NONE',  ( 89.24249341449980477, 5.000000000000795808, -5.959643462890676702 ) ) ;
#2613 = ORIENTED_EDGE ( 'NONE', *, *, #2989, .T. ) ;
#2614 = EDGE_CURVE ( 'NONE', #2136, #1713, #330, .T. ) ;
#2615 = CARTESIAN_POINT ( 'NONE',  ( -98.23419902657519742, 9.010190916918425330, 12.36994125422456214 ) ) ;
#2616 = CARTESIAN_POINT ( 'NONE',  ( 87.67129993705522395, 5.000000000000000000, 6.849637512775288428 ) ) ;
#2617 = DIRECTION ( 'NONE',  ( 1.000000000000000000, 0.000000000000000000, 0.000000000000000000 ) ) ;
#2618 = DIRECTION ( 'NONE',  ( -0.6293203910498429421, -0.7771459614569664609, 0.000000000000000000 ) ) ;
#2619 = VERTEX_POINT ( 'NONE', #2555 ) ;
#2620 = CARTESIAN_POINT ( 'NONE',  ( 92.49466847709064155, -0.2905813158657201689, -0.1056780089606302320 ) ) ;
#2621 = CIRCLE ( 'NONE', #2352, 3.000000000000002665 ) ;
#2622 = ADVANCED_FACE ( 'NONE', ( #829 ), #1432, .T. ) ;
#2623 = ORIENTED_EDGE ( 'NONE', *, *, #3217, .F. ) ;
#2624 = LINE ( 'NONE', #2373, #1209 ) ;
#2625 = DIRECTION ( 'NONE',  ( 1.000000000000000000, 0.000000000000000000, 0.000000000000000000 ) ) ;
#2626 = DIRECTION ( 'NONE',  ( -0.000000000000000000, -0.000000000000000000, -1.000000000000000000 ) ) ;
#2627 = EDGE_CURVE ( 'NONE', #1778, #720, #1489, .T. ) ;
#2628 = CARTESIAN_POINT ( 'NONE',  ( -85.00000000000000000, 0.000000000000000000, 7.500000000000000000 ) ) ;
#2629 = ORIENTED_EDGE ( 'NONE', *, *, #619, .F. ) ;
#2630 = FACE_OUTER_BOUND ( 'NONE', #1263, .T. ) ;
#2631 = CARTESIAN_POINT ( 'NONE',  ( -98.21051709690242149, 8.852288635824329788, 12.42226674930539687 ) ) ;
#2632 = EDGE_CURVE ( 'NONE', #1080, #1326, #592, .T. ) ;
#2633 = CARTESIAN_POINT ( 'NONE',  ( 86.11281044183161271, 4.874592590212240673, -7.500000000000000000 ) ) ;
#2634 = CARTESIAN_POINT ( 'NONE',  ( 85.97455357664959763, 5.304532990911844159, 7.106687017664297557 ) ) ;
#2635 = AXIS2_PLACEMENT_3D ( 'NONE', #1420, #94, #2928 ) ;
#2636 = VERTEX_POINT ( 'NONE', #1300 ) ;
#2637 = FACE_OUTER_BOUND ( 'NONE', #2036, .T. ) ;
#2638 = AXIS2_PLACEMENT_3D ( 'NONE', #3199, #2750, #700 ) ;
#2639 = AXIS2_PLACEMENT_3D ( 'NONE', #1054, #1534, #2064 ) ;
#2640 = ORIENTED_EDGE ( 'NONE', *, *, #1232, .T. ) ;
#2641 = CARTESIAN_POINT ( 'NONE',  ( -79.88098602451240993, 16.22985835990235870, 7.500000000000000888 ) ) ;
#2642 = CIRCLE ( 'NONE', #1856, 17.50000000000012790 ) ;
#2643 = DIRECTION ( 'NONE',  ( 0.000000000000000000, 0.000000000000000000, -1.000000000000000000 ) ) ;
#2644 = DIRECTION ( 'NONE',  ( -0.000000000000000000, 0.000000000000000000, 1.000000000000000000 ) ) ;
#2645 = AXIS2_PLACEMENT_3D ( 'NONE', #759, #465, #2273 ) ;
#2646 = EDGE_CURVE ( 'NONE', #395, #2636, #487, .T. ) ;
#2647 = DIRECTION ( 'NONE',  ( 0.000000000000000000, 0.000000000000000000, 1.000000000000000000 ) ) ;
#2648 = CARTESIAN_POINT ( 'NONE',  ( -66.97782446594546002, 3.517638090205070345, 12.50000000000000000 ) ) ;
#2649 = EDGE_CURVE ( 'NONE', #3225, #2336, #48, .T. ) ;
#2650 = VERTEX_POINT ( 'NONE', #2313 ) ;
#2651 = VERTEX_POINT ( 'NONE', #63 ) ;
#2652 = DIRECTION ( 'NONE',  ( -0.000000000000000000, -1.000000000000000000, -0.000000000000000000 ) ) ;
#2653 = EDGE_CURVE ( 'NONE', #3201, #2472, #562, .T. ) ;
#2654 = CARTESIAN_POINT ( 'NONE',  ( 86.17259653076891368, 5.000000000000000000, 7.663714854057308123 ) ) ;
#2655 = AXIS2_PLACEMENT_3D ( 'NONE', #833, #2609, #1164 ) ;
#2656 = LINE ( 'NONE', #1902, #1081 ) ;
#2657 = PLANE ( 'NONE',  #2977 ) ;
#2658 = B_SPLINE_CURVE_WITH_KNOTS ( 'NONE', 3,
 ( #3083, #2548, #2047, #1832, #1052, #2831, #1566, #2845, #569, #2094 ),
 .UNSPECIFIED., .F., .F.,
 ( 4, 2, 2, 2, 4 ),
 ( -6.578102695102534924E-06, 0.0004905520520395296969, 0.0009876822067741619551, 0.001484812361508794105, 0.001981942516243426471 ),
 .UNSPECIFIED. ) ;
#2659 = ORIENTED_EDGE ( 'NONE', *, *, #2082, .T. ) ;
#2660 = CYLINDRICAL_SURFACE ( 'NONE', #1646, 0.9999999999999986677 ) ;
#2661 = EDGE_CURVE ( 'NONE', #1863, #365, #3054, .T. ) ;
#2662 = CARTESIAN_POINT ( 'NONE',  ( 85.97455357664959763, 5.304532990911844159, 7.106687017664297557 ) ) ;
#2663 = ORIENTED_EDGE ( 'NONE', *, *, #464, .F. ) ;
#2664 = CARTESIAN_POINT ( 'NONE',  ( 86.06561027028162414, 5.018640840996170915, -7.370069661570538777 ) ) ;
#2665 = CARTESIAN_POINT ( 'NONE',  ( -85.00000000000000000, 0.000000000000000000, 7.500000000000000888 ) ) ;
#2666 = DIRECTION ( 'NONE',  ( -0.1106001253229196707, -0.6984036170285744527, -0.7071067811865183739 ) ) ;
#2667 = CARTESIAN_POINT ( 'NONE',  ( -102.1018084709350262, 6.564769206055636630, 11.50000000000000000 ) ) ;
#2668 = CARTESIAN_POINT ( 'NONE',  ( -100.3760744920905665, 2.592079658080820082, 12.49999999999999822 ) ) ;
#2669 = ORIENTED_EDGE ( 'NONE', *, *, #454, .T. ) ;
#2670 = EDGE_LOOP ( 'NONE', ( #1145, #3035, #2086, #604 ) ) ;
#2671 = CARTESIAN_POINT ( 'NONE',  ( 85.00000000000000000, 3.122849337825751327E-14, 7.500000000000000000 ) ) ;
#2672 = CARTESIAN_POINT ( 'NONE',  ( -98.15558891806574593, 8.196369941557643202, 12.50000000000000000 ) ) ;
#2673 = CARTESIAN_POINT ( 'NONE',  ( 90.40932748416520326, 5.196922624313691230, 5.096029782073320469 ) ) ;
#2674 = FACE_OUTER_BOUND ( 'NONE', #2988, .T. ) ;
#2675 = ORIENTED_EDGE ( 'NONE', *, *, #1212, .T. ) ;
#2676 = DIRECTION ( 'NONE',  ( -0.5446390350150189796, 0.8386705679454293794, 0.000000000000000000 ) ) ;
#2677 = DIRECTION ( 'NONE',  ( -0.000000000000000000, 0.000000000000000000, 1.000000000000000000 ) ) ;
#2678 = EDGE_CURVE ( 'NONE', #533, #2650, #801, .T. ) ;
#2679 = ORIENTED_EDGE ( 'NONE', *, *, #2128, .T. ) ;
#2680 = FACE_OUTER_BOUND ( 'NONE', #1397, .T. ) ;
#2681 = CARTESIAN_POINT ( 'NONE',  ( -71.03695255782156437, 6.940473848300491966, 12.50000000000000000 ) ) ;
#2682 = CARTESIAN_POINT ( 'NONE',  ( -101.0938854849804898, 1.979083938428383593, 12.21125264017293865 ) ) ;
#2683 = ORIENTED_EDGE ( 'NONE', *, *, #2895, .T. ) ;
#2684 = FACE_OUTER_BOUND ( 'NONE', #1671, .T. ) ;
#2685 = CARTESIAN_POINT ( 'NONE',  ( -80.88098602451240993, 16.22985835990235870, 12.50000000000000000 ) ) ;
#2686 = DIRECTION ( 'NONE',  ( 0.000000000000000000, -0.000000000000000000, -1.000000000000000000 ) ) ;
#2687 = CARTESIAN_POINT ( 'NONE',  ( 90.31246819652605495, 5.294117647058822484, -5.045170085417344907 ) ) ;
#2688 =( BOUNDED_SURFACE ( )  B_SPLINE_SURFACE ( 3, 2, ( 
 ( #2731, #501, #467 ),
 ( #1225, #1471, #1744 ),
 ( #257, #2237, #2471 ),
 ( #223, #1256, #985 ) ),
 .UNSPECIFIED., .F., .F., .T. ) 
 B_SPLINE_SURFACE_WITH_KNOTS ( ( 4, 4 ),
 ( 3, 3 ),
 ( -2.775557561562891351E-17, 0.0004978037108791828888 ),
 ( 0.000000000000000000, 1.000000000000000000 ),
 .UNSPECIFIED. ) 
 GEOMETRIC_REPRESENTATION_ITEM ( )  RATIONAL_B_SPLINE_SURFACE ( (
 ( 1.000000000000000000, 0.9170354127800620647, 1.000000000000000000),
 ( 1.000000000000000000, 0.9170531684493882230, 1.000000000000000000),
 ( 1.000000000000000000, 0.9170708959347229072, 1.000000000000000000),
 ( 1.000000000000000000, 0.9170885951494066601, 1.000000000000000000) ) ) 
 REPRESENTATION_ITEM ( '' )  SURFACE ( )  );
#2689 = EDGE_CURVE ( 'NONE', #209, #512, #320, .T. ) ;
#2690 = CARTESIAN_POINT ( 'NONE',  ( 86.22116487098570303, 5.000000000000000000, 7.791204200782390288 ) ) ;
#2691 = ADVANCED_FACE ( 'NONE', ( #1056 ), #849, .T. ) ;
#2692 = ORIENTED_EDGE ( 'NONE', *, *, #2646, .F. ) ;
#2693 = DIRECTION ( 'NONE',  ( -0.000000000000000000, -0.000000000000000000, -1.000000000000000000 ) ) ;
#2694 = ORIENTED_EDGE ( 'NONE', *, *, #265, .F. ) ;
#2695 = DIRECTION ( 'NONE',  ( 0.000000000000000000, 0.000000000000000000, 1.000000000000000000 ) ) ;
#2696 = DIRECTION ( 'NONE',  ( -1.000000000000000000, 0.000000000000000000, 0.000000000000000000 ) ) ;
#2697 = CARTESIAN_POINT ( 'NONE',  ( -85.00000000000000000, 0.000000000000000000, 7.500000000000000000 ) ) ;
#2698 = AXIS2_PLACEMENT_3D ( 'NONE', #674, #2652, #889 ) ;
#2699 = EDGE_CURVE ( 'NONE', #2380, #3007, #528, .T. ) ;
#2700 = CIRCLE ( 'NONE', #2231, 3.000000000000002665 ) ;
#2701 = FACE_OUTER_BOUND ( 'NONE', #432, .T. ) ;
#2702 = AXIS2_PLACEMENT_3D ( 'NONE', #163, #2932, #2155 ) ;
#2703 = CARTESIAN_POINT ( 'NONE',  ( 112.4999999999999716, 5.000000000000000000, 15.00000000000013500 ) ) ;
#2704 = ORIENTED_EDGE ( 'NONE', *, *, #2220, .T. ) ;
#2705 = CIRCLE ( 'NONE', #1231, 2.000000000000001776 ) ;
#2706 = B_SPLINE_CURVE_WITH_KNOTS ( 'NONE', 3,
 ( #2687, #429, #1708, #2213, #1155, #2711, #1454, #376 ),
 .UNSPECIFIED., .F., .F.,
 ( 4, 2, 2, 4 ),
 ( 0.000000000000000000, 0.0004323526942010872363, 0.0006485290413016470091, 0.0008647053884022068903 ),
 .UNSPECIFIED. ) ;
#2707 = PLANE ( 'NONE',  #2595 ) ;
#2708 = CARTESIAN_POINT ( 'NONE',  ( 85.97455357664966868, 5.304532990911830836, -7.106687017664277128 ) ) ;
#2709 = EDGE_CURVE ( 'NONE', #1586, #1717, #81, .T. ) ;
#2710 = LOCAL_TIME ( 12, 4, 38.00000000000000000, #1720 ) ;
#2711 = CARTESIAN_POINT ( 'NONE',  ( 90.89118146182143221, 5.006346569776078503, -5.347119508882835603 ) ) ;
#2712 = ORIENTED_EDGE ( 'NONE', *, *, #1715, .F. ) ;
#2713 = TOROIDAL_SURFACE ( 'NONE', #3127, 15.50000000000000711, 1.000000000000000000 ) ;
#2714 = CLOSED_SHELL ( 'NONE', ( #2944, #1301, #884, #240, #127, #1425, #2622, #2529, #113, #2960, #835, #1942, #523, #3167, #552, #2147, #203, #2847, #222, #1266, #445, #2747, #1561, #744, #2485, #1771, #2402, #802, #1724, #3210, #2037, #2744, #1984, #1703, #1029, #164, #869, #2054, #1038, #3055, #2011, #2886, #504, #188, #2474, #876, #1066, #2782, #2382, #1021, #2357, #396, #1521, #115, #2725, #3108, #3193, #2258, #1137, #2364, #2290, #931, #500, #3136, #3143, #249, #3099, #2877, #2729, #2542, #3034, #191, #1488, #2691, #3100, #1572, #1825, #1047, #1483, #402, #522, #3074, #297, #154, #1311, #3181, #4, #2524, #2820, #2981, #2311, #1630, #318, #681, #1104, #1383, #1407 ) ) ;
#2715 = CARTESIAN_POINT ( 'NONE',  ( -88.40305123091303585, 16.14525448296748422, 11.66876121442356862 ) ) ;
#2716 =( BOUNDED_SURFACE ( )  B_SPLINE_SURFACE ( 3, 2, ( 
 ( #855, #545, #1342 ),
 ( #1835, #1820, #560 ),
 ( #2310, #92, #2348 ),
 ( #103, #1089, #2553 ),
 ( #2834, #2616, #2085 ),
 ( #1359, #119, #1556 ),
 ( #302, #573, #1298 ),
 ( #2065, #317, #2565 ) ),
 .UNSPECIFIED., .F., .F., .T. ) 
 B_SPLINE_SURFACE_WITH_KNOTS ( ( 4, 2, 2, 4 ),
 ( 3, 3 ),
 ( 0.03783733980202951680, 0.04056847479777873217, 0.04193404229565333985, 0.04329960979352794753 ),
 ( 0.000000000000000000, 1.000000000000000000 ),
 .UNSPECIFIED. ) 
 GEOMETRIC_REPRESENTATION_ITEM ( )  RATIONAL_B_SPLINE_SURFACE ( (
 ( 1.000000000000000000, 0.8654561612982554220, 1.000000000000000000),
 ( 1.000000000000000000, 0.8743420444694298688, 1.000000000000000000),
 ( 1.000000000000000000, 0.8845872301684869488, 1.000000000000000000),
 ( 1.000000000000000000, 0.9002127716943345570, 1.000000000000000000),
 ( 1.000000000000000000, 0.9053497374399027686, 1.000000000000000000),
 ( 1.000000000000000000, 0.9144348552835378507, 1.000000000000000000),
 ( 1.000000000000000000, 0.9183685544854641725, 1.000000000000000000),
 ( 1.000000000000000000, 0.9209070511143481186, 1.000000000000000000) ) ) 
 REPRESENTATION_ITEM ( '' )  SURFACE ( )  );
#2717 = ORIENTED_EDGE ( 'NONE', *, *, #1678, .F. ) ;
#2718 = DIRECTION ( 'NONE',  ( -0.007340967714477581590, 0.7070686743117916562, 0.7071067811865338060 ) ) ;
#2719 = AXIS2_PLACEMENT_3D ( 'NONE', #2771, #267, #69 ) ;
#2720 = AXIS2_PLACEMENT_3D ( 'NONE', #3085, #316, #1568 ) ;
#2721 = EDGE_LOOP ( 'NONE', ( #942, #844, #3125, #1071 ) ) ;
#2722 = LINE ( 'NONE', #506, #1156 ) ;
#2723 = CARTESIAN_POINT ( 'NONE',  ( -70.69655117981082526, 8.225652062191100455, 11.66876121442357928 ) ) ;
#2724 = CALENDAR_DATE ( 2026, 12, 8 ) ;
#2725 = ADVANCED_FACE ( 'NONE', ( #2087 ), #3088, .T. ) ;
#2726 = VERTEX_POINT ( 'NONE', #2264 ) ;
#2727 = CARTESIAN_POINT ( 'NONE',  ( -85.30625172931598854, 18.35970584165825414, 11.50000000000000000 ) ) ;
#2728 = CARTESIAN_POINT ( 'NONE',  ( 86.21122977032530343, -5.000000000000000888, -7.357742269581083683 ) ) ;
#2729 = ADVANCED_FACE ( 'NONE', ( #2298 ), #534, .T. ) ;
#2730 = CYLINDRICAL_SURFACE ( 'NONE', #589, 3.785496316990448751 ) ;
#2731 = CARTESIAN_POINT ( 'NONE',  ( 86.45906356030951656, -5.318092103414602256, 6.985385771114853704 ) ) ;
#2732 = ORIENTED_EDGE ( 'NONE', *, *, #2282, .F. ) ;
#2733 = DIRECTION ( 'NONE',  ( 0.000000000000000000, 0.000000000000000000, -1.000000000000000000 ) ) ;
#2734 = ORIENTED_EDGE ( 'NONE', *, *, #2172, .T. ) ;
#2735 = CARTESIAN_POINT ( 'NONE',  ( -80.14600291567199974, 15.57314885571609686, 12.10368025391360547 ) ) ;
#2736 = CARTESIAN_POINT ( 'NONE',  ( 91.04495976034273497, -5.000000000000000000, 5.397081503742322539 ) ) ;
#2737 = APPROVAL_ROLE ( '' ) ;
#2738 = EDGE_CURVE ( 'NONE', #1299, #452, #2479, .T. ) ;
#2739 = DIRECTION ( 'NONE',  ( -1.000000000000000000, 0.000000000000000000, 0.000000000000000000 ) ) ;
#2740 = ORIENTED_EDGE ( 'NONE', *, *, #2519, .F. ) ;
#2741 = CARTESIAN_POINT ( 'NONE',  ( 86.79658302704382322, -5.329036393630431689, 6.885530173728362513 ) ) ;
#2742 = DIRECTION ( 'NONE',  ( 0.000000000000000000, 0.000000000000000000, -1.000000000000000000 ) ) ;
#2743 = B_SPLINE_CURVE_WITH_KNOTS ( 'NONE', 3,
 ( #2855, #2088, #2604, #1124, #2885, #1887, #2338, #627, #2837, #1090, #563, #1105, #335, #1639 ),
 .UNSPECIFIED., .F., .F.,
 ( 4, 2, 2, 2, 2, 2, 4 ),
 ( 1.896638527944264876E-17, 0.0002343994192991411332, 0.0004687988385982632929, 0.0009375976771965076123, 0.001406396515794752040, 0.001640795935093874308, 0.001875195354392996576 ),
 .UNSPECIFIED. ) ;
#2744 = ADVANCED_FACE ( 'NONE', ( #2630 ), #2197, .T. ) ;
#2745 = DIRECTION ( 'NONE',  ( 1.000000000000000000, 0.000000000000000000, 0.000000000000000000 ) ) ;
#2746 = AXIS2_PLACEMENT_3D ( 'NONE', #2401, #1154, #1634 ) ;
#2747 = ADVANCED_FACE ( 'NONE', ( #910 ), #1060, .T. ) ;
#2748 = CARTESIAN_POINT ( 'NONE',  ( -87.43252119635506858, 15.50368784902501851, 12.48730452859748397 ) ) ;
#2749 = ORIENTED_EDGE ( 'NONE', *, *, #2653, .T. ) ;
#2750 = DIRECTION ( 'NONE',  ( 0.000000000000000000, 0.000000000000000000, 1.000000000000000000 ) ) ;
#2751 = ORIENTED_EDGE ( 'NONE', *, *, #1373, .F. ) ;
#2752 = LINE ( 'NONE', #2242, #2055 ) ;
#2753 = CARTESIAN_POINT ( 'NONE',  ( 85.00000000000000000, 3.122849337825751327E-14, -7.500000000000000000 ) ) ;
#2754 = CIRCLE ( 'NONE', #1805, 1.000000000000000888 ) ;
#2755 = CARTESIAN_POINT ( 'NONE',  ( 112.5000000000000000, 5.000000000000000000, -15.00000000000000000 ) ) ;
#2756 = PRODUCT_DEFINITION_SHAPE ( 'NONE', 'NONE',  #3148 ) ;
#2757 = EDGE_LOOP ( 'NONE', ( #149, #2964, #1292, #1503 ) ) ;
#2758 = CONICAL_SURFACE ( 'NONE', #1319, 7.499999999999992895, 0.7853981633974453924 ) ;
#2759 = CARTESIAN_POINT ( 'NONE',  ( -85.00000000000000000, 0.000000000000000000, 7.500000000000000000 ) ) ;
#2760 = DIRECTION ( 'NONE',  ( 0.000000000000000000, 0.000000000000000000, 1.000000000000000000 ) ) ;
#2761 = AXIS2_PLACEMENT_3D ( 'NONE', #536, #1858, #2593 ) ;
#2762 = CIRCLE ( 'NONE', #282, 1.000000000000000222 ) ;
#2763 = CARTESIAN_POINT ( 'NONE',  ( -73.96067281627192358, -14.67330378764597754, 12.50000000000000000 ) ) ;
#2764 = CARTESIAN_POINT ( 'NONE',  ( -79.71805685096521188, -15.33072078570915409, 12.21125264017295997 ) ) ;
#2765 = ORIENTED_EDGE ( 'NONE', *, *, #2510, .F. ) ;
#2766 = DIRECTION ( 'NONE',  ( -0.9986295347545743883, 0.05233595624293323895, 0.000000000000000000 ) ) ;
#2767 = EDGE_LOOP ( 'NONE', ( #1004, #258, #93, #888, #1652, #1428, #1448 ) ) ;
#2768 = CARTESIAN_POINT ( 'NONE',  ( -96.25398970823380296, -11.88470606526634299, 11.50000000000000000 ) ) ;
#2769 = PERSON_AND_ORGANIZATION ( #2596, #755 ) ;
#2770 = ORIENTED_EDGE ( 'NONE', *, *, #1623, .T. ) ;
#2771 = CARTESIAN_POINT ( 'NONE',  ( 0.000000000000000000, 0.000000000000000000, -7.500000000000000000 ) ) ;
#2772 = DIRECTION ( 'NONE',  ( -0.000000000000000000, -0.000000000000000000, 1.000000000000000000 ) ) ;
#2773 = DIRECTION ( 'NONE',  ( -0.000000000000000000, -0.000000000000000000, -1.000000000000000000 ) ) ;
#2774 = FACE_OUTER_BOUND ( 'NONE', #2961, .T. ) ;
#2775 = ORIENTED_EDGE ( 'NONE', *, *, #285, .F. ) ;
#2776 = CARTESIAN_POINT ( 'NONE',  ( 86.98435942173480839, -7.232725467302893563, 5.000000000000219380 ) ) ;
#2777 = ORIENTED_EDGE ( 'NONE', *, *, #1565, .F. ) ;
#2778 = DIRECTION ( 'NONE',  ( 0.8386705679454287132, 0.5446390350150198678, 0.000000000000000000 ) ) ;
#2779 = B_SPLINE_CURVE_WITH_KNOTS ( 'NONE', 3,
 ( #696, #1758, #1958, #193, #2764, #2959, #1437, #206, #2201, #451 ),
 .UNSPECIFIED., .F., .F.,
 ( 4, 2, 2, 2, 4 ),
 ( 0.000000000000000000, 0.0004980977809551874252, 0.0009961955619103748504, 0.001494293342865562167, 0.001992391123820749701 ),
 .UNSPECIFIED. ) ;
#2780 = ORIENTED_EDGE ( 'NONE', *, *, #576, .T. ) ;
#2781 = PERSON_AND_ORGANIZATION ( #2596, #755 ) ;
#2782 = ADVANCED_FACE ( 'NONE', ( #3227 ), #3209, .T. ) ;
#2783 = EDGE_LOOP ( 'NONE', ( #2937, #3077 ) ) ;
#2784 = CARTESIAN_POINT ( 'NONE',  ( 112.4999999999999716, 5.000000000000000000, 15.00000000000013500 ) ) ;
#2785 = CARTESIAN_POINT ( 'NONE',  ( -91.81324677626186315, -14.82106587514696194, 12.10367703706568143 ) ) ;
#2786 = CARTESIAN_POINT ( 'NONE',  ( 90.31246819652598390, -5.294117647058824261, 5.045170085417455930 ) ) ;
#2787 = ORIENTED_EDGE ( 'NONE', *, *, #1737, .F. ) ;
#2788 = CIRCLE ( 'NONE', #678, 20.00000000000000355 ) ;
#2789 = CARTESIAN_POINT ( 'NONE',  ( -99.78070122198900549, 7.030604099015818953, 7.500000000000000888 ) ) ;
#2790 = ORIENTED_EDGE ( 'NONE', *, *, #2924, .T. ) ;
#2791 = CARTESIAN_POINT ( 'NONE',  ( 89.48119746935756780, 5.454398539514090594, -5.454918353812998610 ) ) ;
#2792 = EDGE_CURVE ( 'NONE', #720, #811, #2275, .T. ) ;
#2793 = AXIS2_PLACEMENT_3D ( 'NONE', #3160, #241, #899 ) ;
#2794 = EDGE_CURVE ( 'NONE', #83, #1299, #795, .T. ) ;
#2795 = VERTEX_POINT ( 'NONE', #151 ) ;
#2796 = DIRECTION ( 'NONE',  ( 1.000000000000000000, 0.000000000000000000, 0.000000000000000000 ) ) ;
#2797 = ORIENTED_EDGE ( 'NONE', *, *, #2924, .F. ) ;
#2798 = EDGE_CURVE ( 'NONE', #1009, #505, #2906, .T. ) ;
#2799 = DIRECTION ( 'NONE',  ( 1.000000000000000000, 0.000000000000000000, 0.000000000000000000 ) ) ;
#2800 = CARTESIAN_POINT ( 'NONE',  ( -85.00000000000000000, 0.000000000000000000, 11.50000000000000000 ) ) ;
#2801 = CARTESIAN_POINT ( 'NONE',  ( -85.41092364180185825, 16.36244677214908450, 11.50000000000000000 ) ) ;
#2802 = AXIS2_PLACEMENT_3D ( 'NONE', #3219, #955, #831 ) ;
#2803 = DIRECTION ( 'NONE',  ( -0.000000000000000000, -0.000000000000000000, -1.000000000000000000 ) ) ;
#2804 = ORIENTED_EDGE ( 'NONE', *, *, #355, .F. ) ;
#2805 = AXIS2_PLACEMENT_3D ( 'NONE', #779, #1558, #304 ) ;
#2806 = VECTOR ( 'NONE', #930, 1000.000000000000114 ) ;
#2807 = CARTESIAN_POINT ( 'NONE',  ( 0.000000000000000000, 0.000000000000000000, 7.500000000000000000 ) ) ;
#2808 = AXIS2_PLACEMENT_3D ( 'NONE', #1684, #408, #1002 ) ;
#2809 = VERTEX_POINT ( 'NONE', #373 ) ;
#2810 = AXIS2_PLACEMENT_3D ( 'NONE', #480, #1469, #1989 ) ;
#2811 = CARTESIAN_POINT ( 'NONE',  ( 87.80014087663160183, 5.372743631335312742, -6.448196138886060247 ) ) ;
#2812 = ORIENTED_EDGE ( 'NONE', *, *, #2897, .T. ) ;
#2813 = CARTESIAN_POINT ( 'NONE',  ( -68.90967611852357777, 2.999999999999999556, 11.50000000000000000 ) ) ;
#2814 = ORIENTED_EDGE ( 'NONE', *, *, #1445, .F. ) ;
#2815 = CARTESIAN_POINT ( 'NONE',  ( 74.54044117646974144, 1007.445704556437590, 5.000000000000219380 ) ) ;
#2816 = CARTESIAN_POINT ( 'NONE',  ( 92.49210482911898623, 0.3468861554638698608, 1.179730184966991668 ) ) ;
#2817 = AXIS2_PLACEMENT_3D ( 'NONE', #2949, #1461, #3239 ) ;
#2818 = CARTESIAN_POINT ( 'NONE',  ( 85.94517369546852592, 5.303860469115269538, -7.112580470164992619 ) ) ;
#2819 = ORIENTED_EDGE ( 'NONE', *, *, #1417, .T. ) ;
#2820 = ADVANCED_FACE ( 'NONE', ( #447 ), #3190, .T. ) ;
#2821 = DIRECTION ( 'NONE',  ( 0.000000000000000000, 1.000000000000000000, 0.000000000000000000 ) ) ;
#2822 = FACE_OUTER_BOUND ( 'NONE', #303, .T. ) ;
#2823 = ORIENTED_EDGE ( 'NONE', *, *, #260, .T. ) ;
#2824 = CARTESIAN_POINT ( 'NONE',  ( 87.09417253841138518, 5.000000000000000000, -7.570925952840200424 ) ) ;
#2825 = VERTEX_POINT ( 'NONE', #1674 ) ;
#2826 = CARTESIAN_POINT ( 'NONE',  ( 92.49866319451020047, -0.1566287198103053224, -1.318446961339587498 ) ) ;
#2827 = ORIENTED_EDGE ( 'NONE', *, *, #596, .T. ) ;
#2828 = CARTESIAN_POINT ( 'NONE',  ( -85.00000000000000000, 0.000000000000000000, 7.500000000000000000 ) ) ;
#2829 = DIRECTION ( 'NONE',  ( 1.000000000000000000, 0.000000000000000000, 0.000000000000000000 ) ) ;
#2830 = EDGE_CURVE ( 'NONE', #771, #1159, #1706, .T. ) ;
#2831 = CARTESIAN_POINT ( 'NONE',  ( -68.78741112829645488, 0.2859761899352785686, 12.21125592503880064 ) ) ;
#2832 = EDGE_LOOP ( 'NONE', ( #665, #1218, #1527, #1817, #194, #2605 ) ) ;
#2833 = DIRECTION ( 'NONE',  ( -0.000000000000000000, 0.000000000000000000, 1.000000000000000000 ) ) ;
#2834 = CARTESIAN_POINT ( 'NONE',  ( 87.85529291193599022, 5.000000000000000000, 7.281787566903878073 ) ) ;
#2835 = ORIENTED_EDGE ( 'NONE', *, *, #1797, .T. ) ;
#2836 = EDGE_CURVE ( 'NONE', #1289, #1270, #1153, .T. ) ;
#2837 = CARTESIAN_POINT ( 'NONE',  ( 92.48514757088523197, 0.4800958980735662851, -0.9850234090922425079 ) ) ;
#2838 = VERTEX_POINT ( 'NONE', #639 ) ;
#2839 = DIRECTION ( 'NONE',  ( 0.000000000000000000, 0.000000000000000000, 1.000000000000000000 ) ) ;
#2840 = VECTOR ( 'NONE', #1656, 1000.000000000000000 ) ;
#2841 = VERTEX_POINT ( 'NONE', #2685 ) ;
#2842 = CARTESIAN_POINT ( 'NONE',  ( 86.53491565637258986, -5.000000000000000888, 7.272073109225994259 ) ) ;
#2843 = DIRECTION ( 'NONE',  ( -0.000000000000000000, -0.000000000000000000, -1.000000000000000000 ) ) ;
#2844 = CARTESIAN_POINT ( 'NONE',  ( 86.45906356030951656, -5.318092103414608474, 6.985385771114842157 ) ) ;
#2845 = CARTESIAN_POINT ( 'NONE',  ( -68.54406235263137148, 0.06602650874102054812, 11.83148804205153759 ) ) ;
#2846 = ORIENTED_EDGE ( 'NONE', *, *, #727, .T. ) ;
#2847 = ADVANCED_FACE ( 'NONE', ( #927 ), #2758, .T. ) ;
#2848 = CIRCLE ( 'NONE', #276, 16.50000000000000000 ) ;
#2849 = DIRECTION ( 'NONE',  ( 0.000000000000000000, 0.000000000000000000, 1.000000000000000000 ) ) ;
#2850 = VECTOR ( 'NONE', #1043, 1000.000000000000000 ) ;
#2851 = VECTOR ( 'NONE', #106, 1000.000000000000000 ) ;
#2852 = CIRCLE ( 'NONE', #852, 5.000000000000004441 ) ;
#2853 = PLANE ( 'NONE',  #1288 ) ;
#2854 = AXIS2_PLACEMENT_3D ( 'NONE', #3249, #2803, #2597 ) ;
#2855 = CARTESIAN_POINT ( 'NONE',  ( 92.50000000000000000, 3.122502256758252770E-14, 6.255846535241360584E-14 ) ) ;
#2856 = ORIENTED_EDGE ( 'NONE', *, *, #260, .F. ) ;
#2857 = FACE_OUTER_BOUND ( 'NONE', #394, .T. ) ;
#2858 = VERTEX_POINT ( 'NONE', #1399 ) ;
#2859 = DIRECTION ( 'NONE',  ( -0.000000000000000000, 0.000000000000000000, 1.000000000000000000 ) ) ;
#2860 = CARTESIAN_POINT ( 'NONE',  ( -96.86051158957721441, -9.978890962101383266, 12.50000000000000000 ) ) ;
#2861 = CARTESIAN_POINT ( 'NONE',  ( -85.00000000000000000, 0.000000000000000000, 12.50000000000000000 ) ) ;
#2862 = EDGE_CURVE ( 'NONE', #95, #2899, #2583, .T. ) ;
#2863 = PLANE ( 'NONE',  #27 ) ;
#2864 = CARTESIAN_POINT ( 'NONE',  ( 88.07197092062419586, 5.000000000000198952, -6.648067270501496928 ) ) ;
#2865 = EDGE_LOOP ( 'NONE', ( #784, #2398 ) ) ;
#2866 = AXIS2_PLACEMENT_3D ( 'NONE', #2828, #2270, #2288 ) ;
#2867 = CIRCLE ( 'NONE', #1727, 12.42900736601909983 ) ;
#2868 = EDGE_CURVE ( 'NONE', #2144, #2160, #1689, .T. ) ;
#2869 = CARTESIAN_POINT ( 'NONE',  ( -97.65880001209180250, -9.802168037516198140, 12.36993840020067736 ) ) ;
#2870 = PLANE ( 'NONE',  #2115 ) ;
#2871 = ORIENTED_EDGE ( 'NONE', *, *, #3232, .T. ) ;
#2872 = DIRECTION ( 'NONE',  ( 0.8386705679454287132, 0.5446390350150198678, -0.000000000000000000 ) ) ;
#2873 = ORIENTED_EDGE ( 'NONE', *, *, #2661, .F. ) ;
#2874 = DIRECTION ( 'NONE',  ( 1.000000000000000000, 0.000000000000000000, 0.000000000000000000 ) ) ;
#2875 = DIRECTION ( 'NONE',  ( 1.000000000000000000, 0.000000000000000000, 0.000000000000000000 ) ) ;
#2876 = CARTESIAN_POINT ( 'NONE',  ( -85.00000000000000000, 0.000000000000000000, -17.50000000000000000 ) ) ;
#2877 = ADVANCED_FACE ( 'NONE', ( #1205 ), #397, .T. ) ;
#2878 = DIRECTION ( 'NONE',  ( 0.000000000000000000, 0.000000000000000000, 1.000000000000000000 ) ) ;
#2879 = DIRECTION ( 'NONE',  ( 1.000000000000000000, 0.000000000000000000, 0.000000000000000000 ) ) ;
#2880 = VERTEX_POINT ( 'NONE', #1190 ) ;
#2881 = CARTESIAN_POINT ( 'NONE',  ( -85.41092364180185825, 16.36244677214908450, 7.500000000000000888 ) ) ;
#2882 = CARTESIAN_POINT ( 'NONE',  ( -98.35194262319438963, 9.619140894116613438, 11.83148804205152516 ) ) ;
#2883 = CARTESIAN_POINT ( 'NONE',  ( 90.52099905727213525, 5.124009542950881624, 5.154491251553484865 ) ) ;
#2884 = CYLINDRICAL_SURFACE ( 'NONE', #2187, 3.000000000000002665 ) ;
#2885 = CARTESIAN_POINT ( 'NONE',  ( 92.49209218411564848, 0.3471558660259240758, -0.1629186501142880217 ) ) ;
#2886 = ADVANCED_FACE ( 'NONE', ( #2145 ), #3153, .T. ) ;
#2887 = ORIENTED_EDGE ( 'NONE', *, *, #904, .T. ) ;
#2888 = CYLINDRICAL_SURFACE ( 'NONE', #2963, 16.50000000000000000 ) ;
#2889 = EDGE_CURVE ( 'NONE', #2116, #1151, #1465, .T. ) ;
#2890 = CIRCLE ( 'NONE', #1101, 3.000000000000002665 ) ;
#2891 = ORIENTED_EDGE ( 'NONE', *, *, #3265, .T. ) ;
#2892 = DIRECTION ( 'NONE',  ( -0.000000000000000000, -0.000000000000000000, -1.000000000000000000 ) ) ;
#2893 = CARTESIAN_POINT ( 'NONE',  ( 104.9108722611873219, 5.000000000000000000, -0.6711734656911141350 ) ) ;
#2894 = DIRECTION ( 'NONE',  ( 0.05233595624293324589, 0.9986295347545744994, -0.000000000000000000 ) ) ;
#2895 = EDGE_CURVE ( 'NONE', #1745, #668, #497, .T. ) ;
#2896 = CARTESIAN_POINT ( 'NONE',  ( 86.13749866772154462, -5.317962724258594065, 7.070510117686505502 ) ) ;
#2897 = EDGE_CURVE ( 'NONE', #1739, #209, #2230, .T. ) ;
#2898 = DIRECTION ( 'NONE',  ( -1.000000000000000000, 0.000000000000000000, 0.000000000000000000 ) ) ;
#2899 = VERTEX_POINT ( 'NONE', #3019 ) ;
#2900 = ORIENTED_EDGE ( 'NONE', *, *, #1346, .F. ) ;
#2901 = CARTESIAN_POINT ( 'NONE',  ( -14.69207447075442019, 22.62381072326984111, 7.500000000000000888 ) ) ;
#2902 = CARTESIAN_POINT ( 'NONE',  ( -82.72397815578361246, 19.22574696416608475, 11.50000000000000000 ) ) ;
#2903 = CARTESIAN_POINT ( 'NONE',  ( -79.87450157486659919, -15.68372614827086231, 11.50000000000000000 ) ) ;
#2904 = VECTOR ( 'NONE', #1082, 1000.000000000000000 ) ;
#2905 = CARTESIAN_POINT ( 'NONE',  ( 0.000000000000000000, 0.000000000000000000, 7.500000000000000000 ) ) ;
#2906 = CIRCLE ( 'NONE', #172, 3.000000000000016431 ) ;
#2907 = DIRECTION ( 'NONE',  ( 0.000000000000000000, 0.000000000000000000, 1.000000000000000000 ) ) ;
#2908 = VERTEX_POINT ( 'NONE', #3003 ) ;
#2909 = PLANE ( 'NONE',  #2167 ) ;
#2910 = VECTOR ( 'NONE', #2778, 1000.000000000000000 ) ;
#2911 = DIRECTION ( 'NONE',  ( 1.000000000000000000, 0.000000000000000000, 0.000000000000000000 ) ) ;
#2912 = VECTOR ( 'NONE', #1838, 1000.000000000000000 ) ;
#2913 = ORIENTED_EDGE ( 'NONE', *, *, #3121, .T. ) ;
#2914 = CARTESIAN_POINT ( 'NONE',  ( 84.92213727922931810, 7.499595815556637568, 5.000000000000219380 ) ) ;
#2915 = CYLINDRICAL_SURFACE ( 'NONE', #3028, 5.000000000000004441 ) ;
#2916 = DIRECTION ( 'NONE',  ( 1.000000000000000000, 0.000000000000000000, 0.000000000000000000 ) ) ;
#2917 = VECTOR ( 'NONE', #3267, 1000.000000000000000 ) ;
#2918 = DIRECTION ( 'NONE',  ( -0.000000000000000000, 0.000000000000000000, 1.000000000000000000 ) ) ;
#2919 = ORIENTED_EDGE ( 'NONE', *, *, #3236, .F. ) ;
#2920 = ORIENTED_EDGE ( 'NONE', *, *, #120, .F. ) ;
#2921 = DIRECTION ( 'NONE',  ( 1.000000000000000000, 0.000000000000000000, 0.000000000000000000 ) ) ;
#2922 = CARTESIAN_POINT ( 'NONE',  ( -88.40305123091302164, 16.14525448296748422, 10.00000000000000000 ) ) ;
#2923 = CARTESIAN_POINT ( 'NONE',  ( 86.22116487098570303, 5.000000000000000000, 7.791204200782390288 ) ) ;
#2924 = EDGE_CURVE ( 'NONE', #832, #2651, #1538, .T. ) ;
#2925 = CIRCLE ( 'NONE', #984, 2.000000000000001776 ) ;
#2926 = FACE_OUTER_BOUND ( 'NONE', #2221, .T. ) ;
#2927 = ORIENTED_EDGE ( 'NONE', *, *, #2244, .T. ) ;
#2928 = DIRECTION ( 'NONE',  ( 1.000000000000000000, 0.000000000000000000, 0.000000000000000000 ) ) ;
#2929 = ORIENTED_EDGE ( 'NONE', *, *, #1738, .F. ) ;
#2930 = DIRECTION ( 'NONE',  ( 1.000000000000000000, 0.000000000000000000, 0.000000000000000000 ) ) ;
#2931 = CARTESIAN_POINT ( 'NONE',  ( 90.31246819652598390, -5.294117647058824261, -5.045170085417342243 ) ) ;
#2932 = DIRECTION ( 'NONE',  ( 0.000000000000000000, 0.000000000000000000, 1.000000000000000000 ) ) ;
#2933 = DIRECTION ( 'NONE',  ( 1.000000000000000000, 0.000000000000000000, 0.000000000000000000 ) ) ;
#2934 = DIRECTION ( 'NONE',  ( -0.3583679495452841146, -0.9335804264972079602, 0.000000000000000000 ) ) ;
#2935 = ORIENTED_EDGE ( 'NONE', *, *, #762, .F. ) ;
#2936 = B_SPLINE_CURVE_WITH_KNOTS ( 'NONE', 3,
 ( #3078, #785, #1084, #86, #2031, #2092, #1577, #1305 ),
 .UNSPECIFIED., .F., .F.,
 ( 4, 2, 2, 4 ),
 ( 0.000000000000000000, 0.001041660168608749817, 0.002083320337217499634, 0.004166640674435035697 ),
 .UNSPECIFIED. ) ;
#2937 = ORIENTED_EDGE ( 'NONE', *, *, #1417, .F. ) ;
#2938 = EDGE_CURVE ( 'NONE', #1376, #2226, #697, .T. ) ;
#2939 = DIRECTION ( 'NONE',  ( 1.000000000000000000, 0.000000000000000000, 0.000000000000000000 ) ) ;
#2940 = CARTESIAN_POINT ( 'NONE',  ( -98.94925985664653467, -10.56731514869099087, 7.500000000000000888 ) ) ;
#2941 = CARTESIAN_POINT ( 'NONE',  ( 86.64615076076553635, -5.000000000000000000, -7.692492552301375852 ) ) ;
#2942 = CARTESIAN_POINT ( 'NONE',  ( 86.64615076076553635, -5.000000000000000000, -7.692492552301375852 ) ) ;
#2943 = CARTESIAN_POINT ( 'NONE',  ( 92.49999620534842393, -0.07878529140460102664, 1.342276763311861298 ) ) ;
#2944 = ADVANCED_FACE ( 'NONE', ( #521 ), #1530, .T. ) ;
#2945 = ORIENTED_EDGE ( 'NONE', *, *, #217, .T. ) ;
#2946 = CARTESIAN_POINT ( 'NONE',  ( -96.25398970823380296, -11.88470606526634299, 12.50000000000000000 ) ) ;
#2947 = VERTEX_POINT ( 'NONE', #218 ) ;
#2948 = CARTESIAN_POINT ( 'NONE',  ( -92.11904398022247165, 35.36118792585130421, 7.500000000000000888 ) ) ;
#2949 = CARTESIAN_POINT ( 'NONE',  ( -76.08536885671105665, -16.05309752954380187, 11.50000000000000000 ) ) ;
#2950 = VECTOR ( 'NONE', #2198, 1000.000000000000000 ) ;
#2951 = CARTESIAN_POINT ( 'NONE',  ( 0.7782335887233796656, 14.84958148141508083, 7.500000000000000888 ) ) ;
#2952 = FACE_OUTER_BOUND ( 'NONE', #1188, .T. ) ;
#2953 = ORIENTED_EDGE ( 'NONE', *, *, #2491, .T. ) ;
#2954 = DIRECTION ( 'NONE',  ( 1.000000000000000000, 0.000000000000000000, 0.000000000000000000 ) ) ;
#2955 = CARTESIAN_POINT ( 'NONE',  ( -85.41092364180185825, 16.36244677214908450, 11.50000000000000000 ) ) ;
#2956 = CARTESIAN_POINT ( 'NONE',  ( -99.78070122198900549, 7.030604099015818953, 11.50000000000000000 ) ) ;
#2957 = CARTESIAN_POINT ( 'NONE',  ( 86.04214445234237019, 5.130989466627675633, 7.303440529336474363 ) ) ;
#2958 = EDGE_LOOP ( 'NONE', ( #2659, #74, #2770, #767 ) ) ;
#2959 = CARTESIAN_POINT ( 'NONE',  ( -79.58936854623057400, -15.06827074528860422, 12.36993840020068980 ) ) ;
#2960 = ADVANCED_FACE ( 'NONE', ( #2974 ), #2526, .T. ) ;
#2961 = EDGE_LOOP ( 'NONE', ( #1143, #2308, #618, #1421, #2787, #880, #2042, #1562 ) ) ;
#2962 = FACE_OUTER_BOUND ( 'NONE', #1507, .T. ) ;
#2963 = AXIS2_PLACEMENT_3D ( 'NONE', #417, #2407, #629 ) ;
#2964 = ORIENTED_EDGE ( 'NONE', *, *, #793, .F. ) ;
#2965 = DIRECTION ( 'NONE',  ( -0.000000000000000000, 0.000000000000000000, 1.000000000000000000 ) ) ;
#2966 = FACE_OUTER_BOUND ( 'NONE', #1551, .T. ) ;
#2967 = PERSON_AND_ORGANIZATION_ROLE ( 'design_owner' ) ;
#2968 = VECTOR ( 'NONE', #2281, 1000.000000000000000 ) ;
#2969 = CARTESIAN_POINT ( 'NONE',  ( 74.54044117646974144, 1007.445704556437590, -5.000000000000108358 ) ) ;
#2970 = CIRCLE ( 'NONE', #2761, 3.000000000000002665 ) ;
#2971 = EDGE_LOOP ( 'NONE', ( #3016, #2679, #336, #416 ) ) ;
#2972 = EDGE_CURVE ( 'NONE', #1299, #1408, #915, .T. ) ;
#2973 = CARTESIAN_POINT ( 'NONE',  ( 90.11723868382185287, -5.483052822360638068, 5.000000000000219380 ) ) ;
#2974 = FACE_OUTER_BOUND ( 'NONE', #2017, .T. ) ;
#2975 = CARTESIAN_POINT ( 'NONE',  ( -79.92795239962761400, 15.70109337401560978, 7.500000000000000888 ) ) ;
#2976 = CARTESIAN_POINT ( 'NONE',  ( -70.69655117981081105, 8.225652062191098679, 11.50000000000000000 ) ) ;
#2977 = AXIS2_PLACEMENT_3D ( 'NONE', #401, #2907, #649 ) ;
#2978 = CARTESIAN_POINT ( 'NONE',  ( 92.49999999126058015, -0.0003620654552515808556, 1.342346769779183546 ) ) ;
#2979 = ORIENTED_EDGE ( 'NONE', *, *, #1373, .T. ) ;
#2980 = CARTESIAN_POINT ( 'NONE',  ( 85.97668634844461621, -5.317898179020191129, -7.112959229102966852 ) ) ;
#2981 = ADVANCED_FACE ( 'NONE', ( #2499 ), #1665, .F. ) ;
#2982 = B_SPLINE_CURVE_WITH_KNOTS ( 'NONE', 3,
 ( #1132, #370, #1686, #443, #2682, #425, #2158, #1649, #2668, #165 ),
 .UNSPECIFIED., .F., .F.,
 ( 4, 2, 2, 2, 4 ),
 ( 0.000000000000000000, 0.0004980977809551637896, 0.0009961955619103275792, 0.001494293342865491477, 0.001992391123820655158 ),
 .UNSPECIFIED. ) ;
#2983 = ORIENTED_EDGE ( 'NONE', *, *, #1799, .F. ) ;
#2984 = DIRECTION ( 'NONE',  ( -1.000000000000000000, 0.000000000000000000, 0.000000000000000000 ) ) ;
#2985 = DIRECTION ( 'NONE',  ( 0.000000000000000000, 0.000000000000000000, 1.000000000000000000 ) ) ;
#2986 = DATE_TIME_ROLE ( 'classification_date' ) ;
#2987 = EDGE_CURVE ( 'NONE', #830, #3007, #436, .T. ) ;
#2988 = EDGE_LOOP ( 'NONE', ( #851, #1952, #566, #1957 ) ) ;
#2989 = EDGE_CURVE ( 'NONE', #2520, #3189, #2374, .T. ) ;
#2990 = CARTESIAN_POINT ( 'NONE',  ( 87.12092259353765655, -5.342350087273937120, 6.758954285736358258 ) ) ;
#2991 = CARTESIAN_POINT ( 'NONE',  ( -92.21668257440461502, -13.82251917562138743, 12.49999999999999645 ) ) ;
#2992 = DIRECTION ( 'NONE',  ( -0.000000000000000000, -1.000000000000000000, 0.000000000000000000 ) ) ;
#2993 = PRODUCT ( 'Part_2_ARM_2_Default_sldprt', 'Part_2_ARM_2_Default_sldprt', '', ( #231 ) ) ;
#2994 = DIRECTION ( 'NONE',  ( 0.000000000000000000, -1.000000000000000000, 0.000000000000000000 ) ) ;
#2995 = VERTEX_POINT ( 'NONE', #995 ) ;
#2996 = CARTESIAN_POINT ( 'NONE',  ( 112.4999999999999716, -5.000000000000000000, 15.00000000000013500 ) ) ;
#2997 = EDGE_CURVE ( 'NONE', #811, #2302, #588, .T. ) ;
#2998 = EDGE_LOOP ( 'NONE', ( #1535, #1404, #2536, #3233 ) ) ;
#2999 = CARTESIAN_POINT ( 'NONE',  ( -80.26201403477283236, 15.50745979512461581, 12.21125592503878821 ) ) ;
#3000 = DATE_TIME_ROLE ( 'creation_date' ) ;
#3001 = VERTEX_POINT ( 'NONE', #821 ) ;
#3002 = CARTESIAN_POINT ( 'NONE',  ( 89.79921276888300952, 5.468725441819961119, 5.227462973159390458 ) ) ;
#3003 = CARTESIAN_POINT ( 'NONE',  ( -82.72397815578361246, 19.22574696416608475, 7.500000000000000888 ) ) ;
#3004 = CARTESIAN_POINT ( 'NONE',  ( -73.96067281627192358, -14.67330378764597221, 11.50000000000000000 ) ) ;
#3005 = AXIS2_PLACEMENT_3D ( 'NONE', #1929, #1349, #144 ) ;
#3006 = CARTESIAN_POINT ( 'NONE',  ( 90.40932931650381477, -5.196920785623780681, 5.096030744213226882 ) ) ;
#3007 = VERTEX_POINT ( 'NONE', #786 ) ;
#3008 = VECTOR ( 'NONE', #1900, 1000.000000000000227 ) ;
#3009 = CARTESIAN_POINT ( 'NONE',  ( 87.92899863150283579, 4.999999999999999112, 7.248571466939687014 ) ) ;
#3010 = ORIENTED_EDGE ( 'NONE', *, *, #857, .T. ) ;
#3011 = CARTESIAN_POINT ( 'NONE',  ( 90.25057968683884724, -5.356220675620329885, 5.012673141594208737 ) ) ;
#3012 = EDGE_LOOP ( 'NONE', ( #3158, #2489, #2929, #207 ) ) ;
#3013 = CARTESIAN_POINT ( 'NONE',  ( -75.04995088630195710, -12.99596265175510723, 7.500000000000000888 ) ) ;
#3014 = APPLICATION_PROTOCOL_DEFINITION ( 'international standard', 'config_control_design', 1994, #824 ) ;
#3015 = CIRCLE ( 'NONE', #2272, 1.000000000000001554 ) ;
#3016 = ORIENTED_EDGE ( 'NONE', *, *, #825, .T. ) ;
#3017 = VECTOR ( 'NONE', #428, 1000.000000000000000 ) ;
#3018 = CYLINDRICAL_SURFACE ( 'NONE', #3026, 2.999999999999988898 ) ;
#3019 = CARTESIAN_POINT ( 'NONE',  ( -101.6478620749834221, 7.747339998106373748, 12.50000000000000000 ) ) ;
#3020 = CARTESIAN_POINT ( 'NONE',  ( 86.11281044183161271, -4.879403565739712789, -7.499999999999981348 ) ) ;
#3021 = VERTEX_POINT ( 'NONE', #2046 ) ;
#3022 = CARTESIAN_POINT ( 'NONE',  ( 90.11723868382190972, 5.483052822360646061, 5.000000000000219380 ) ) ;
#3023 = ORIENTED_EDGE ( 'NONE', *, *, #205, .T. ) ;
#3024 = CARTESIAN_POINT ( 'NONE',  ( -82.88098602451239572, 16.22985835990235870, 11.50000000000000000 ) ) ;
#3025 = EDGE_CURVE ( 'NONE', #1151, #2825, #3243, .T. ) ;
#3026 = AXIS2_PLACEMENT_3D ( 'NONE', #3226, #1688, #185 ) ;
#3027 = EDGE_LOOP ( 'NONE', ( #1055, #1959, #525, #1321 ) ) ;
#3028 = AXIS2_PLACEMENT_3D ( 'NONE', #1147, #2355, #162 ) ;
#3029 = CIRCLE ( 'NONE', #293, 2.000000000000001776 ) ;
#3030 = ORIENTED_EDGE ( 'NONE', *, *, #1673, .F. ) ;
#3031 = CARTESIAN_POINT ( 'NONE',  ( -67.30567178844465559, 4.741180954897512123, 12.50000000000000000 ) ) ;
#3032 = DIRECTION ( 'NONE',  ( -0.000000000000000000, 0.000000000000000000, 1.000000000000000000 ) ) ;
#3033 = CARTESIAN_POINT ( 'NONE',  ( -72.04995088630195710, -12.99596265175510723, 7.500000000000000888 ) ) ;
#3034 = ADVANCED_FACE ( 'NONE', ( #1085 ), #2560, .T. ) ;
#3035 = ORIENTED_EDGE ( 'NONE', *, *, #2699, .T. ) ;
#3036 = CARTESIAN_POINT ( 'NONE',  ( -85.00000000000000000, 0.000000000000000000, 7.500000000000000000 ) ) ;
#3037 = ORIENTED_EDGE ( 'NONE', *, *, #3232, .F. ) ;
#3038 = EDGE_CURVE ( 'NONE', #3007, #2326, #2970, .T. ) ;
#3039 = EDGE_LOOP ( 'NONE', ( #2827, #1282, #1013, #2640, #638, #2159, #132, #1574, #438, #920, #561, #2238, #3214, #650, #2409, #468, #2504, #2251, #3218, #2704, #1933, #1495, #116, #878 ) ) ;
#3040 = CARTESIAN_POINT ( 'NONE',  ( 90.37241095577670080, -5.000000000000000000, -5.874417120447136931 ) ) ;
#3041 = CC_DESIGN_PERSON_AND_ORGANIZATION_ASSIGNMENT ( #2495, #2967, ( #2993 ) ) ;
#3042 = ORIENTED_EDGE ( 'NONE', *, *, #1878, .F. ) ;
#3043 =( BOUNDED_SURFACE ( )  B_SPLINE_SURFACE ( 3, 2, ( 
 ( #1845, #99, #344 ),
 ( #1097, #1800, #1816 ),
 ( #3048, #542, #850 ),
 ( #2306, #2612, #356 ),
 ( #3064, #810, #603 ),
 ( #89, #2864, #1308 ),
 ( #1614, #1862, #1338 ),
 ( #73, #3096, #2106 ),
 ( #1354, #2576, #55 ),
 ( #2818, #2321, #1070 ) ),
 .UNSPECIFIED., .F., .F., .T. ) 
 B_SPLINE_SURFACE_WITH_KNOTS ( ( 4, 2, 2, 2, 4 ),
 ( 3, 3 ),
 ( 0.03767955432882026667, 0.03904506381415071004, 0.04041057329948114646, 0.04177608278481158288, 0.04314159227014202624 ),
 ( 0.000000000000000000, 1.000000000000000000 ),
 .UNSPECIFIED. ) 
 GEOMETRIC_REPRESENTATION_ITEM ( )  RATIONAL_B_SPLINE_SURFACE ( (
 ( 1.000000000000000000, 0.8654561837008331038, 1.000000000000000000),
 ( 1.000000000000000000, 0.8699345279934435071, 1.000000000000000000),
 ( 1.000000000000000000, 0.8746835913340633706, 1.000000000000000000),
 ( 1.000000000000000000, 0.8846058522121073020, 1.000000000000000000),
 ( 1.000000000000000000, 0.8897920403977545023, 1.000000000000000000),
 ( 1.000000000000000000, 0.9002113943078774438, 1.000000000000000000),
 ( 1.000000000000000000, 0.9053492582445248349, 1.000000000000000000),
 ( 1.000000000000000000, 0.9144352074971704436, 1.000000000000000000),
 ( 1.000000000000000000, 0.9183688133507056373, 1.000000000000000000),
 ( 1.000000000000000000, 0.9209070340932167253, 1.000000000000000000) ) ) 
 REPRESENTATION_ITEM ( '' )  SURFACE ( )  );
#3044 = CIRCLE ( 'NONE', #1573, 3.000000000000002665 ) ;
#3045 = PLANE ( 'NONE',  #2719 ) ;
#3046 = FACE_OUTER_BOUND ( 'NONE', #1557, .T. ) ;
#3047 = PLANE ( 'NONE',  #382 ) ;
#3048 = CARTESIAN_POINT ( 'NONE',  ( 89.82445057827195001, 5.469906455289875957, -5.211671502940198764 ) ) ;
#3049 = ORIENTED_EDGE ( 'NONE', *, *, #2738, .F. ) ;
#3050 = B_SPLINE_CURVE_WITH_KNOTS ( 'NONE', 3,
 ( #2923, #2654, #663, #2957, #153, #1193 ),
 .UNSPECIFIED., .F., .F.,
 ( 4, 2, 4 ),
 ( 1.734723475976806902E-18, 0.0004014257174077389681, 0.0008028514348154762014 ),
 .UNSPECIFIED. ) ;
#3051 = VECTOR ( 'NONE', #1883, 1000.000000000000000 ) ;
#3052 = DIRECTION ( 'NONE',  ( 0.000000000000000000, 1.000000000000000000, 0.000000000000000000 ) ) ;
#3053 = EDGE_LOOP ( 'NONE', ( #1075, #1760, #1794, #3237 ) ) ;
#3054 = LINE ( 'NONE', #1571, #2850 ) ;
#3055 = ADVANCED_FACE ( 'NONE', ( #846 ), #1828, .T. ) ;
#3056 = ORIENTED_EDGE ( 'NONE', *, *, #224, .F. ) ;
#3057 = DIRECTION ( 'NONE',  ( 1.000000000000000000, 0.000000000000000000, 0.000000000000000000 ) ) ;
#3058 = ORIENTED_EDGE ( 'NONE', *, *, #2709, .F. ) ;
#3059 = DIRECTION ( 'NONE',  ( 1.000000000000000000, 0.000000000000000000, 0.000000000000000000 ) ) ;
#3060 = CARTESIAN_POINT ( 'NONE',  ( 92.49209367224682410, 0.3471016620748115233, 0.1629254363595842303 ) ) ;
#3061 = EDGE_CURVE ( 'NONE', #36, #3133, #1175, .T. ) ;
#3062 = CARTESIAN_POINT ( 'NONE',  ( 84.92213727922931810, 7.499595815556637568, 7.500000000000000000 ) ) ;
#3063 = TOROIDAL_SURFACE ( 'NONE', #3174, 1.999999999999996669, 1.000000000000000000 ) ;
#3064 = CARTESIAN_POINT ( 'NONE',  ( 88.71093190639639658, 5.416594530527585327, -5.941886550201671113 ) ) ;
#3065 = ORIENTED_EDGE ( 'NONE', *, *, #2110, .T. ) ;
#3066 = AXIS2_PLACEMENT_3D ( 'NONE', #1315, #289, #1028 ) ;
#3067 = AXIS2_PLACEMENT_3D ( 'NONE', #1372, #2414, #3150 ) ;
#3068 = FACE_OUTER_BOUND ( 'NONE', #107, .T. ) ;
#3069 = CARTESIAN_POINT ( 'NONE',  ( -85.00000000000000000, 0.000000000000000000, -17.50000000000000000 ) ) ;
#3070 = AXIS2_PLACEMENT_3D ( 'NONE', #2304, #1814, #2344 ) ;
#3071 = ORIENTED_EDGE ( 'NONE', *, *, #2627, .T. ) ;
#3072 = AXIS2_PLACEMENT_3D ( 'NONE', #2403, #1756, #1254 ) ;
#3073 = CARTESIAN_POINT ( 'NONE',  ( 88.33556592875447677, 5.000000000000000000, -7.057725612757062450 ) ) ;
#3074 = ADVANCED_FACE ( 'NONE', ( #834 ), #1351, .T. ) ;
#3075 = ORIENTED_EDGE ( 'NONE', *, *, #630, .T. ) ;
#3076 = CARTESIAN_POINT ( 'NONE',  ( 91.04495976034273497, -5.000000000000000000, -5.397081503742199970 ) ) ;
#3077 = ORIENTED_EDGE ( 'NONE', *, *, #45, .F. ) ;
#3078 = CARTESIAN_POINT ( 'NONE',  ( 86.45906356030951656, -5.318092103414593375, -6.985385771114832387 ) ) ;
#3079 = DIRECTION ( 'NONE',  ( 0.000000000000000000, 0.000000000000000000, -1.000000000000000000 ) ) ;
#3080 = AXIS2_PLACEMENT_3D ( 'NONE', #1698, #3259, #3203 ) ;
#3081 = FACE_OUTER_BOUND ( 'NONE', #345, .T. ) ;
#3082 = EDGE_CURVE ( 'NONE', #2326, #2160, #1810, .T. ) ;
#3083 = CARTESIAN_POINT ( 'NONE',  ( -69.53919962029327451, 1.101658576356767671, 12.50000000000000000 ) ) ;
#3084 = ORIENTED_EDGE ( 'NONE', *, *, #2862, .F. ) ;
#3085 = CARTESIAN_POINT ( 'NONE',  ( -85.00000000000000000, 0.000000000000000000, 11.50000000000000000 ) ) ;
#3086 = CARTESIAN_POINT ( 'NONE',  ( -101.5000000000000000, 0.000000000000000000, 7.500000000000000000 ) ) ;
#3087 = VERTEX_POINT ( 'NONE', #1547 ) ;
#3088 = CYLINDRICAL_SURFACE ( 'NONE', #278, 3.000000000000016431 ) ;
#3089 = ORIENTED_EDGE ( 'NONE', *, *, #2632, .T. ) ;
#3090 = CARTESIAN_POINT ( 'NONE',  ( 86.64615076076553635, -5.000000000000000000, -7.692492552301375852 ) ) ;
#3091 = ORIENTED_EDGE ( 'NONE', *, *, #1333, .F. ) ;
#3092 = CARTESIAN_POINT ( 'NONE',  ( 89.67107938123774602, -5.000000000000000000, 6.334777691582598180 ) ) ;
#3093 = DIRECTION ( 'NONE',  ( 1.000000000000000000, 1.156482317317875669E-15, 0.000000000000000000 ) ) ;
#3094 = CARTESIAN_POINT ( 'NONE',  ( 91.02079728939611414, -5.000000000000000000, -5.414213562373204169 ) ) ;
#3095 = EDGE_CURVE ( 'NONE', #2880, #1083, #2642, .T. ) ;
#3096 = CARTESIAN_POINT ( 'NONE',  ( 86.85167750442879253, 4.999999999999594102, -7.184371316895344250 ) ) ;
#3097 = ORIENTED_EDGE ( 'NONE', *, *, #2830, .F. ) ;
#3098 = CARTESIAN_POINT ( 'NONE',  ( -100.6885940138923843, 4.665462514913884640, 7.500000000000000888 ) ) ;
#3099 = ADVANCED_FACE ( 'NONE', ( #2093 ), #3178, .T. ) ;
#3100 = ADVANCED_FACE ( 'NONE', ( #3046 ), #26, .T. ) ;
#3101 = CARTESIAN_POINT ( 'NONE',  ( -88.40305123091302164, 16.14525448296748422, 11.50000000000000000 ) ) ;
#3102 = ORIENTED_EDGE ( 'NONE', *, *, #2432, .T. ) ;
#3103 = CARTESIAN_POINT ( 'NONE',  ( 92.49209367224679568, -0.3471016620747581216, -0.1629254363594148103 ) ) ;
#3104 = ORIENTED_EDGE ( 'NONE', *, *, #2792, .T. ) ;
#3105 = LINE ( 'NONE', #1667, #1331 ) ;
#3106 = DIRECTION ( 'NONE',  ( 0.000000000000000000, 0.000000000000000000, -1.000000000000000000 ) ) ;
#3107 = CARTESIAN_POINT ( 'NONE',  ( -67.63351911094382274, 5.964723819589833553, 12.50000000000000000 ) ) ;
#3108 = ADVANCED_FACE ( 'NONE', ( #2575 ), #581, .T. ) ;
#3109 = CARTESIAN_POINT ( 'NONE',  ( -68.90967611852357777, 2.999999999999999556, 11.50000000000000000 ) ) ;
#3110 = ORIENTED_EDGE ( 'NONE', *, *, #2268, .T. ) ;
#3111 = EDGE_CURVE ( 'NONE', #1836, #2520, #1709, .T. ) ;
#3112 = CARTESIAN_POINT ( 'NONE',  ( 90.31246819652605495, 5.294117647058822484, 7.500000000000000000 ) ) ;
#3113 = VECTOR ( 'NONE', #898, 1000.000000000000000 ) ;
#3114 = CARTESIAN_POINT ( 'NONE',  ( -82.26278654844297478, 17.28460767621307781, -7.500000000000000000 ) ) ;
#3115 = VECTOR ( 'NONE', #1520, 1000.000000000000000 ) ;
#3116 = AXIS2_PLACEMENT_3D ( 'NONE', #763, #1774, #1581 ) ;
#3117 = AXIS2_PLACEMENT_3D ( 'NONE', #2800, #2610, #1578 ) ;
#3118 = FACE_OUTER_BOUND ( 'NONE', #2767, .T. ) ;
#3119 = AXIS2_PLACEMENT_3D ( 'NONE', #1242, #2992, #2002 ) ;
#3120 = DIRECTION ( 'NONE',  ( 0.000000000000000000, -0.000000000000000000, -1.000000000000000000 ) ) ;
#3121 = EDGE_CURVE ( 'NONE', #2279, #512, #1237, .T. ) ;
#3122 = ORIENTED_EDGE ( 'NONE', *, *, #782, .T. ) ;
#3123 = DIRECTION ( 'NONE',  ( 1.000000000000000000, 0.000000000000000000, 0.000000000000000000 ) ) ;
#3124 = APPROVAL_PERSON_ORGANIZATION ( #723, #1453, #2737 ) ;
#3125 = ORIENTED_EDGE ( 'NONE', *, *, #776, .F. ) ;
#3126 = DIRECTION ( 'NONE',  ( -1.000000000000000000, 0.000000000000000000, 0.000000000000000000 ) ) ;
#3127 = AXIS2_PLACEMENT_3D ( 'NONE', #2436, #1416, #2183 ) ;
#3128 = CARTESIAN_POINT ( 'NONE',  ( -95.54380147658139322, -15.03332428760781347, 12.50000000000000000 ) ) ;
#3129 = DIRECTION ( 'NONE',  ( -0.000000000000000000, -0.000000000000000000, -1.000000000000000000 ) ) ;
#3130 = DIRECTION ( 'NONE',  ( -0.3583679495452842256, -0.9335804264972080713, 0.000000000000000000 ) ) ;
#3131 = AXIS2_PLACEMENT_3D ( 'NONE', #1795, #1019, #326 ) ;
#3132 = CARTESIAN_POINT ( 'NONE',  ( -77.17464692674111859, -14.37575639365296354, 11.50000000000000000 ) ) ;
#3133 = VERTEX_POINT ( 'NONE', #390 ) ;
#3134 = B_SPLINE_CURVE_WITH_KNOTS ( 'NONE', 3,
 ( #949, #2250, #3213, #1504, #3009, #1456, #243, #2690 ),
 .UNSPECIFIED., .F., .F.,
 ( 4, 2, 2, 4 ),
 ( 0.000000000000000000, 0.002698487314747007385, 0.004047730972120491995, 0.005396974629493977473 ),
 .UNSPECIFIED. ) ;
#3135 = CIRCLE ( 'NONE', #2817, 1.000000000000000000 ) ;
#3136 = ADVANCED_FACE ( 'NONE', ( #1165 ), #971, .T. ) ;
#3137 = CIRCLE ( 'NONE', #2720, 16.50000000000000000 ) ;
#3138 = LINE ( 'NONE', #1582, #121 ) ;
#3139 = EDGE_CURVE ( 'NONE', #1545, #1751, #2852, .T. ) ;
#3140 = CARTESIAN_POINT ( 'NONE',  ( -98.08063636888101655, -9.745833853231625099, 12.10367703706567788 ) ) ;
#3141 = ORIENTED_EDGE ( 'NONE', *, *, #1553, .T. ) ;
#3142 = DIRECTION ( 'NONE',  ( 1.000000000000000000, 0.000000000000000000, 0.000000000000000000 ) ) ;
#3143 = ADVANCED_FACE ( 'NONE', ( #1184 ), #1759, .T. ) ;
#3144 = ORIENTED_EDGE ( 'NONE', *, *, #766, .F. ) ;
#3145 = CARTESIAN_POINT ( 'NONE',  ( -85.00000000000000000, 0.000000000000000000, 12.50000000000000000 ) ) ;
#3146 = CARTESIAN_POINT ( 'NONE',  ( -73.14305389377678068, -11.06086114813008336, 12.21125592503881307 ) ) ;
#3147 = CARTESIAN_POINT ( 'NONE',  ( 86.22116487098573145, 5.000000000000000000, -7.791204200782360978 ) ) ;
#3148 = PRODUCT_DEFINITION ( 'UNKNOWN', '', #2539, #1622 ) ;
#3149 = CARTESIAN_POINT ( 'NONE',  ( 86.22585793229575302, -5.000000000000000000, -7.803511057891622471 ) ) ;
#3150 = DIRECTION ( 'NONE',  ( 1.000000000000000000, 0.000000000000000000, 0.000000000000000000 ) ) ;
#3151 = ORIENTED_EDGE ( 'NONE', *, *, #1358, .F. ) ;
#3152 = EDGE_LOOP ( 'NONE', ( #682, #750, #2531, #1487 ) ) ;
#3153 = PLANE ( 'NONE',  #1173 ) ;
#3154 = CARTESIAN_POINT ( 'NONE',  ( -102.1018084709350262, 6.564769206055633077, 12.50000000000000000 ) ) ;
#3155 = CARTESIAN_POINT ( 'NONE',  ( -69.56537076352196891, 5.447085729384806285, 12.50000000000000000 ) ) ;
#3156 = CYLINDRICAL_SURFACE ( 'NONE', #1447, 20.00000000000000355 ) ;
#3157 = CARTESIAN_POINT ( 'NONE',  ( 110.7282149570480669, 5.000000000000000000, -11.65474064869103010 ) ) ;
#3158 = ORIENTED_EDGE ( 'NONE', *, *, #913, .T. ) ;
#3159 = CARTESIAN_POINT ( 'NONE',  ( -73.04995088630195710, -12.99596265175510723, 11.50000000000000000 ) ) ;
#3160 = CARTESIAN_POINT ( 'NONE',  ( -102.5557548668868009, 5.382198414004473186, 11.50000000000000000 ) ) ;
#3161 = VERTEX_POINT ( 'NONE', #939 ) ;
#3162 = CARTESIAN_POINT ( 'NONE',  ( -96.17312186763123805, -15.81047024906478349, 7.500000000000000888 ) ) ;
#3163 = DIRECTION ( 'NONE',  ( -0.000000000000000000, 0.000000000000000000, 1.000000000000000000 ) ) ;
#3164 = FACE_OUTER_BOUND ( 'NONE', #2185, .T. ) ;
#3165 = DIRECTION ( 'NONE',  ( -0.9335804264972079602, 0.3583679495452841146, 0.000000000000000000 ) ) ;
#3166 = VERTEX_POINT ( 'NONE', #2120 ) ;
#3167 = ADVANCED_FACE ( 'NONE', ( #615 ), #1424, .T. ) ;
#3168 = ORIENTED_EDGE ( 'NONE', *, *, #2614, .F. ) ;
#3169 = DIRECTION ( 'NONE',  ( 0.000000000000000000, 0.000000000000000000, -1.000000000000000000 ) ) ;
#3170 = CARTESIAN_POINT ( 'NONE',  ( 89.64295168415831938, -4.999999999999999112, -6.332318709508474086 ) ) ;
#3171 = CARTESIAN_POINT ( 'NONE',  ( 86.22585793229575302, -5.000000000000000000, -7.803511057891622471 ) ) ;
#3172 = AXIS2_PLACEMENT_3D ( 'NONE', #1387, #2369, #2114 ) ;
#3173 = FACE_OUTER_BOUND ( 'NONE', #3027, .T. ) ;
#3174 = AXIS2_PLACEMENT_3D ( 'NONE', #1229, #2440, #1992 ) ;
#3175 = ORIENTED_EDGE ( 'NONE', *, *, #1830, .T. ) ;
#3176 = CARTESIAN_POINT ( 'NONE',  ( 90.31246819652598390, -5.294117647058824261, 5.045170085417455930 ) ) ;
#3177 = UNCERTAINTY_MEASURE_WITH_UNIT (LENGTH_MEASURE( 1.000000000000000082E-05 ), #3260, 'distance_accuracy_value', 'NONE');
#3178 = TOROIDAL_SURFACE ( 'NONE', #3117, 15.50000000000000711, 1.000000000000000000 ) ;
#3179 = CARTESIAN_POINT ( 'NONE',  ( -85.00000000000000000, 0.000000000000000000, 12.50000000000000000 ) ) ;
#3180 = CONICAL_SURFACE ( 'NONE', #1761, 447.5000000000001705, 0.7853981633974593812 ) ;
#3181 = ADVANCED_FACE ( 'NONE', ( #2395 ), #2171, .T. ) ;
#3182 = EDGE_LOOP ( 'NONE', ( #1803, #900, #2265, #2920 ) ) ;
#3183 = DIRECTION ( 'NONE',  ( 0.000000000000000000, 0.000000000000000000, 1.000000000000000000 ) ) ;
#3184 = CARTESIAN_POINT ( 'NONE',  ( -65.90967611852357777, 2.999999999999999556, 7.500000000000000888 ) ) ;
#3185 = DIRECTION ( 'NONE',  ( -0.9986295347545743883, 0.05233595624293323895, 0.000000000000000000 ) ) ;
#3186 = DIRECTION ( 'NONE',  ( -0.000000000000000000, -0.000000000000000000, -1.000000000000000000 ) ) ;
#3187 = FACE_OUTER_BOUND ( 'NONE', #2721, .T. ) ;
#3188 = ORIENTED_EDGE ( 'NONE', *, *, #3095, .T. ) ;
#3189 = VERTEX_POINT ( 'NONE', #131 ) ;
#3190 = CYLINDRICAL_SURFACE ( 'NONE', #912, 7.499999999999992895 ) ;
#3191 = LINE ( 'NONE', #219, #2950 ) ;
#3192 = CARTESIAN_POINT ( 'NONE',  ( 90.34041907564214569, -5.000000000000000000, -5.886249616144326957 ) ) ;
#3193 = ADVANCED_FACE ( 'NONE', ( #368 ), #1948, .T. ) ;
#3194 = CARTESIAN_POINT ( 'NONE',  ( 104.9108722611873219, 5.000000000000000000, -0.6711734656911141350 ) ) ;
#3195 = AXIS2_PLACEMENT_3D ( 'NONE', #1482, #1999, #2465 ) ;
#3196 = AXIS2_PLACEMENT_3D ( 'NONE', #1947, #1423, #2191 ) ;
#3197 = DIRECTION ( 'NONE',  ( -0.000000000000000000, 0.000000000000000000, 1.000000000000000000 ) ) ;
#3198 = ORIENTED_EDGE ( 'NONE', *, *, #3139, .F. ) ;
#3199 = CARTESIAN_POINT ( 'NONE',  ( -96.25398970823380296, -11.88470606526634299, 11.50000000000000000 ) ) ;
#3200 = CARTESIAN_POINT ( 'NONE',  ( -90.00000000000001421, 6.123233995736772199E-16, -17.50000000000000000 ) ) ;
#3201 = VERTEX_POINT ( 'NONE', #1931 ) ;
#3202 = CARTESIAN_POINT ( 'NONE',  ( -100.2609498195043614, 2.711717279985235596, 12.50000000000000000 ) ) ;
#3203 = DIRECTION ( 'NONE',  ( 1.000000000000000000, 0.000000000000000000, 0.000000000000000000 ) ) ;
#3204 = DIRECTION ( 'NONE',  ( -1.000000000000000000, 0.000000000000000000, 0.000000000000000000 ) ) ;
#3205 = DIRECTION ( 'NONE',  ( -0.000000000000000000, -0.000000000000000000, -1.000000000000000000 ) ) ;
#3206 = CYLINDRICAL_SURFACE ( 'NONE', #1228, 3.000000000000002665 ) ;
#3207 = ORIENTED_EDGE ( 'NONE', *, *, #1222, .T. ) ;
#3208 = CARTESIAN_POINT ( 'NONE',  ( 88.48558899808011802, 5.405607522203585980, 6.074495791219557184 ) ) ;
#3209 = CYLINDRICAL_SURFACE ( 'NONE', #3240, 3.000000000000002665 ) ;
#3210 = ADVANCED_FACE ( 'NONE', ( #2139 ), #1393, .T. ) ;
#3211 = CARTESIAN_POINT ( 'NONE',  ( -60.64582562299417390, -16.25000000000006395, 7.500000000000000888 ) ) ;
#3212 = EDGE_LOOP ( 'NONE', ( #628, #1605, #925, #897, #2077 ) ) ;
#3213 = CARTESIAN_POINT ( 'NONE',  ( 89.53159916324713663, 5.000000000000000000, 6.425753389054220222 ) ) ;
#3214 = ORIENTED_EDGE ( 'NONE', *, *, #3025, .T. ) ;
#3215 = DIRECTION ( 'NONE',  ( 1.000000000000000000, 0.000000000000000000, 0.000000000000000000 ) ) ;
#3216 = EDGE_CURVE ( 'NONE', #452, #1080, #251, .T. ) ;
#3217 = EDGE_CURVE ( 'NONE', #1386, #3001, #1016, .T. ) ;
#3218 = ORIENTED_EDGE ( 'NONE', *, *, #1213, .T. ) ;
#3219 = CARTESIAN_POINT ( 'NONE',  ( -68.90967611852357777, 2.999999999999999556, 12.50000000000000000 ) ) ;
#3220 = CYLINDRICAL_SURFACE ( 'NONE', #2129, 12.42900736601909628 ) ;
#3221 = VECTOR ( 'NONE', #2892, 1000.000000000000000 ) ;
#3222 = APPLICATION_PROTOCOL_DEFINITION ( 'international standard', 'config_control_design', 1994, #3242 ) ;
#3223 = CARTESIAN_POINT ( 'NONE',  ( -32.07720588235311254, 426.7308025708726973, 7.500000000000000000 ) ) ;
#3224 = CIRCLE ( 'NONE', #1262, 2.999999999999988898 ) ;
#3225 = VERTEX_POINT ( 'NONE', #1148 ) ;
#3226 = CARTESIAN_POINT ( 'NONE',  ( -82.88098602451239572, 16.22985835990235870, 7.500000000000000888 ) ) ;
#3227 = FACE_OUTER_BOUND ( 'NONE', #2514, .T. ) ;
#3228 = CARTESIAN_POINT ( 'NONE',  ( -75.04995088630195710, -12.99596265175510723, 11.50000000000000000 ) ) ;
#3229 = EDGE_CURVE ( 'NONE', #291, #1151, #2278, .T. ) ;
#3230 = EDGE_LOOP ( 'NONE', ( #838, #1018, #270, #3010, #2072 ) ) ;
#3231 = CARTESIAN_POINT ( 'NONE',  ( 92.49866818493947562, -0.1564158024228325394, 1.318542860795006932 ) ) ;
#3232 = EDGE_CURVE ( 'NONE', #1855, #3201, #1119, .T. ) ;
#3233 = ORIENTED_EDGE ( 'NONE', *, *, #727, .F. ) ;
#3234 = CARTESIAN_POINT ( 'NONE',  ( -100.6885940138923843, 4.665462514913884640, 11.50000000000000000 ) ) ;
#3235 = CIRCLE ( 'NONE', #908, 3.000000000000002665 ) ;
#3236 = EDGE_CURVE ( 'NONE', #1962, #729, #234, .T. ) ;
#3237 = ORIENTED_EDGE ( 'NONE', *, *, #1777, .T. ) ;
#3238 = CARTESIAN_POINT ( 'NONE',  ( -68.50002392889005876, 0.02810076154515775068, 7.500000000000000888 ) ) ;
#3239 = DIRECTION ( 'NONE',  ( 0.5446390350150182025, -0.8386705679454299345, 0.000000000000000000 ) ) ;
#3240 = AXIS2_PLACEMENT_3D ( 'NONE', #2453, #1918, #620 ) ;
#3241 = AXIS2_PLACEMENT_3D ( 'NONE', #2455, #204, #1206 ) ;
#3242 = APPLICATION_CONTEXT ( 'configuration controlled 3d designs of mechanical parts and assemblies' ) ;
#3243 = CIRCLE ( 'NONE', #175, 15.50000000000000000 ) ;
#3244 = ORIENTED_EDGE ( 'NONE', *, *, #1693, .T. ) ;
#3245 = AXIS2_PLACEMENT_3D ( 'NONE', #774, #2034, #1784 ) ;
#3246 = ORIENTED_EDGE ( 'NONE', *, *, #1141, .F. ) ;
#3247 = DIRECTION ( 'NONE',  ( -0.2588190451025202954, 0.9659258262890684232, 0.000000000000000000 ) ) ;
#3248 = DIRECTION ( 'NONE',  ( -0.8386705679454309337, -0.5446390350150165371, -9.447981199739025411E-16 ) ) ;
#3249 = CARTESIAN_POINT ( 'NONE',  ( 91.02079728939618519, 6.000000000000000000, 7.500000000000000000 ) ) ;
#3250 = EDGE_CURVE ( 'NONE', #756, #1083, #1877, .T. ) ;
#3251 = AXIS2_PLACEMENT_3D ( 'NONE', #478, #201, #994 ) ;
#3252 = DIRECTION ( 'NONE',  ( -0.000000000000000000, -0.000000000000000000, 1.000000000000000000 ) ) ;
#3253 = EDGE_CURVE ( 'NONE', #1559, #2380, #539, .T. ) ;
#3254 = EDGE_LOOP ( 'NONE', ( #1058, #1580, #3084, #1694 ) ) ;
#3255 = PLANE ( 'NONE',  #485 ) ;
#3256 = VECTOR ( 'NONE', #2574, 1000.000000000000114 ) ;
#3257 = ORIENTED_EDGE ( 'NONE', *, *, #2972, .T. ) ;
#3258 = DIRECTION ( 'NONE',  ( -0.000000000000000000, 0.000000000000000000, 1.000000000000000000 ) ) ;
#3259 = DIRECTION ( 'NONE',  ( 0.000000000000000000, 0.000000000000000000, 1.000000000000000000 ) ) ;
#3260 =( LENGTH_UNIT ( ) NAMED_UNIT ( * ) SI_UNIT ( .MILLI., .METRE. ) );
#3261 = CARTESIAN_POINT ( 'NONE',  ( -85.00000000000000000, 0.000000000000000000, 7.500000000000000000 ) ) ;
#3262 = ORIENTED_EDGE ( 'NONE', *, *, #766, .T. ) ;
#3263 = CARTESIAN_POINT ( 'NONE',  ( 87.75286778355621209, -5.370394767921387924, 6.471732438954823863 ) ) ;
#3264 = DIRECTION ( 'NONE',  ( 1.000000000000000000, 0.000000000000000000, 0.000000000000000000 ) ) ;
#3265 = EDGE_CURVE ( 'NONE', #2294, #1223, #2486, .T. ) ;
#3266 = B_SPLINE_CURVE_WITH_KNOTS ( 'NONE', 3,
 ( #2973, #1005, #2482, #237, #3263, #2990, #2741, #427 ),
 .UNSPECIFIED., .F., .F.,
 ( 4, 2, 2, 4 ),
 ( 8.673617379884035472E-19, 0.002096117851228385294, 0.003144176776842595288, 0.004192235702456805282 ),
 .UNSPECIFIED. ) ;
#3267 = DIRECTION ( 'NONE',  ( -0.000000000000000000, -1.000000000000000000, -0.000000000000000000 ) ) ;
ENDSEC;
END-ISO-10303-21;
