ISO-10303-21;
HEADER;
FILE_DESCRIPTION (( 'STEP AP203' ),
    '1' );
FILE_NAME ('Part_1_ARM_1_Default_sldprt.STEP',
    '2026-08-12T06:34:36',
    ( '' ),
    ( '' ),
    'SwSTEP 2.0',
    'SolidWorks 2025',
    '' );
FILE_SCHEMA (( 'CONFIG_CONTROL_DESIGN' ));
ENDSEC;

DATA;
#1 = ORIENTED_EDGE ( 'NONE', *, *, #91, .T. ) ;
#2 = ORIENTED_EDGE ( 'NONE', *, *, #1898, .F. ) ;
#3 = DIRECTION ( 'NONE',  ( -0.000000000000000000, 0.000000000000000000, 1.000000000000000000 ) ) ;
#4 = DIRECTION ( 'NONE',  ( -0.8386705679454298235, -0.5446390350150182025, 0.000000000000000000 ) ) ;
#5 = CARTESIAN_POINT ( 'NONE',  ( -82.74653979238750878, 19.87264242854271501, -5.000000000000330402 ) ) ;
#6 = DIRECTION ( 'NONE',  ( 1.000000000000000000, 8.881784197001250351E-16, 0.000000000000000000 ) ) ;
#7 = EDGE_CURVE ( 'NONE', #1748, #231, #751, .T. ) ;
#8 = DIRECTION ( 'NONE',  ( 1.000000000000000000, 0.000000000000000000, 0.000000000000000000 ) ) ;
#9 = ADVANCED_FACE ( 'NONE', ( #1036 ), #481, .T. ) ;
#10 = CONICAL_SURFACE ( 'NONE', #1329, 12.49999999999995559, 0.7853981633974570498 ) ;
#11 = CARTESIAN_POINT ( 'NONE',  ( -85.00000000000000000, 0.000000000000000000, 7.500000000000000000 ) ) ;
#12 = ORIENTED_EDGE ( 'NONE', *, *, #1395, .T. ) ;
#13 = CIRCLE ( 'NONE', #312, 15.50000000000000000 ) ;
#14 = AXIS2_PLACEMENT_3D ( 'NONE', #2202, #1217, #1990 ) ;
#15 = EDGE_LOOP ( 'NONE', ( #2241, #898, #2360, #576 ) ) ;
#16 = ORIENTED_EDGE ( 'NONE', *, *, #1955, .T. ) ;
#17 = AXIS2_PLACEMENT_3D ( 'NONE', #1573, #2317, #2126 ) ;
#18 = FACE_OUTER_BOUND ( 'NONE', #1005, .T. ) ;
#19 = CARTESIAN_POINT ( 'NONE',  ( 85.00000000000000000, 3.122849337825751327E-14, 7.500000000000000000 ) ) ;
#20 = CARTESIAN_POINT ( 'NONE',  ( -82.88098602451239572, 16.22985835990235870, 11.50000000000000000 ) ) ;
#21 = CARTESIAN_POINT ( 'NONE',  ( -85.25391577307304658, 19.35833537641282476, 11.50000000000000000 ) ) ;
#22 = CARTESIAN_POINT ( 'NONE',  ( -96.25398970823380296, -11.88470606526634299, 7.500000000000000888 ) ) ;
#23 = CIRCLE ( 'NONE', #934, 3.000000000000002665 ) ;
#24 = ORIENTED_EDGE ( 'NONE', *, *, #1283, .F. ) ;
#25 = CIRCLE ( 'NONE', #217, 12.50000000000023270 ) ;
#26 = LINE ( 'NONE', #1859, #80 ) ;
#27 = EDGE_CURVE ( 'NONE', #1447, #1077, #257, .T. ) ;
#28 = ORIENTED_EDGE ( 'NONE', *, *, #562, .F. ) ;
#29 = CARTESIAN_POINT ( 'NONE',  ( -69.53919962029327451, 1.101658576356767671, 12.50000000000000000 ) ) ;
#30 = APPLICATION_PROTOCOL_DEFINITION ( 'international standard', 'config_control_design', 1994, #2278 ) ;
#31 = AXIS2_PLACEMENT_3D ( 'NONE', #1312, #390, #192 ) ;
#32 = LINE ( 'NONE', #743, #2242 ) ;
#33 = CARTESIAN_POINT ( 'NONE',  ( -91.73681620105990930, -15.06204858155547299, 10.00000000000000000 ) ) ;
#34 = VECTOR ( 'NONE', #1427, 1000.000000000000000 ) ;
#35 = DIRECTION ( 'NONE',  ( -0.9986295347545744994, 0.05233595624293280180, 0.000000000000000000 ) ) ;
#36 = ORIENTED_EDGE ( 'NONE', *, *, #163, .F. ) ;
#37 = CARTESIAN_POINT ( 'NONE',  ( -68.90967611852357777, 2.999999999999999556, 7.500000000000000888 ) ) ;
#38 = VERTEX_POINT ( 'NONE', #1085 ) ;
#39 = DIRECTION ( 'NONE',  ( 1.000000000000000000, 0.000000000000000000, 0.000000000000000000 ) ) ;
#40 = ADVANCED_FACE ( 'NONE', ( #1461 ), #1387, .T. ) ;
#41 = DATE_TIME_ROLE ( 'classification_date' ) ;
#42 = DIRECTION ( 'NONE',  ( 1.000000000000000000, 0.000000000000000000, 0.000000000000000000 ) ) ;
#43 = CARTESIAN_POINT ( 'NONE',  ( -68.90967611852357777, 2.999999999999999556, 7.500000000000000888 ) ) ;
#44 = DIRECTION ( 'NONE',  ( 0.000000000000000000, -0.000000000000000000, -1.000000000000000000 ) ) ;
#45 = ORIENTED_EDGE ( 'NONE', *, *, #1926, .T. ) ;
#46 = CARTESIAN_POINT ( 'NONE',  ( -73.41603378125691393, -15.51197435559140914, 7.500000000000000888 ) ) ;
#47 = AXIS2_PLACEMENT_3D ( 'NONE', #784, #2197, #218 ) ;
#48 = ORIENTED_EDGE ( 'NONE', *, *, #1795, .T. ) ;
#49 = CIRCLE ( 'NONE', #1986, 16.50000000000000000 ) ;
#50 = DIRECTION ( 'NONE',  ( 0.000000000000000000, 0.000000000000000000, 1.000000000000000000 ) ) ;
#51 = CALENDAR_DATE ( 2026, 12, 8 ) ;
#52 = EDGE_CURVE ( 'NONE', #1349, #2195, #2083, .T. ) ;
#53 = DIRECTION ( 'NONE',  ( 1.000000000000000000, 0.000000000000000000, 0.000000000000000000 ) ) ;
#54 = DIRECTION ( 'NONE',  ( -0.000000000000000000, -0.000000000000000000, -1.000000000000000000 ) ) ;
#55 = EDGE_LOOP ( 'NONE', ( #2146, #1355, #1102, #369 ) ) ;
#56 = ORIENTED_EDGE ( 'NONE', *, *, #1047, .F. ) ;
#57 = LINE ( 'NONE', #956, #614 ) ;
#58 = ORIENTED_EDGE ( 'NONE', *, *, #1170, .F. ) ;
#59 = AXIS2_PLACEMENT_3D ( 'NONE', #480, #729, #1991 ) ;
#60 = LINE ( 'NONE', #1008, #707 ) ;
#61 = APPROVAL_STATUS ( 'not_yet_approved' ) ;
#62 = VECTOR ( 'NONE', #926, 1000.000000000000000 ) ;
#63 = FACE_OUTER_BOUND ( 'NONE', #2109, .T. ) ;
#64 = CIRCLE ( 'NONE', #293, 15.50000000000000000 ) ;
#65 = CARTESIAN_POINT ( 'NONE',  ( -91.73681620105990930, -15.06204858155547299, 11.50000000000000000 ) ) ;
#66 = EDGE_CURVE ( 'NONE', #937, #231, #2365, .T. ) ;
#67 = ORIENTED_EDGE ( 'NONE', *, *, #1604, .F. ) ;
#68 = AXIS2_PLACEMENT_3D ( 'NONE', #950, #259, #53 ) ;
#69 = ORIENTED_EDGE ( 'NONE', *, *, #1861, .F. ) ;
#70 = CARTESIAN_POINT ( 'NONE',  ( -97.02003129159156458, -9.932844078577526048, 12.49999999999999645 ) ) ;
#71 = ORIENTED_EDGE ( 'NONE', *, *, #963, .T. ) ;
#72 = CARTESIAN_POINT ( 'NONE',  ( -74.24753967128009435, -11.16398660332894899, 12.50000000000000000 ) ) ;
#73 = CARTESIAN_POINT ( 'NONE',  ( -85.25391577307304658, 19.35833537641282476, 7.500000000000000888 ) ) ;
#74 = PERSON_AND_ORGANIZATION ( #1146, #1296 ) ;
#75 = CARTESIAN_POINT ( 'NONE',  ( -98.14195088138329481, -14.21614394963727968, 7.500000000000000888 ) ) ;
#76 = DIRECTION ( 'NONE',  ( -0.000000000000000000, -0.000000000000000000, -1.000000000000000000 ) ) ;
#77 = ORIENTED_EDGE ( 'NONE', *, *, #2370, .T. ) ;
#78 = ORIENTED_EDGE ( 'NONE', *, *, #1751, .T. ) ;
#79 = EDGE_CURVE ( 'NONE', #1502, #748, #182, .T. ) ;
#80 = VECTOR ( 'NONE', #1313, 1000.000000000000227 ) ;
#81 = DIRECTION ( 'NONE',  ( 1.000000000000000000, 0.000000000000000000, 0.000000000000000000 ) ) ;
#82 = ORIENTED_EDGE ( 'NONE', *, *, #2229, .T. ) ;
#83 = AXIS2_PLACEMENT_3D ( 'NONE', #686, #1054, #1250 ) ;
#84 = DIRECTION ( 'NONE',  ( 1.000000000000000000, 1.156482317317870344E-15, 0.000000000000000000 ) ) ;
#85 = DIRECTION ( 'NONE',  ( 1.000000000000000000, 0.000000000000000000, 0.000000000000000000 ) ) ;
#86 = CIRCLE ( 'NONE', #1144, 12.50000000000023270 ) ;
#87 = DIRECTION ( 'NONE',  ( -0.000000000000000000, 0.000000000000000000, 1.000000000000000000 ) ) ;
#88 = DIRECTION ( 'NONE',  ( 0.1188587492999998302, 0.6970456209710088613, -0.7071067811865336949 ) ) ;
#89 = ORIENTED_EDGE ( 'NONE', *, *, #2075, .F. ) ;
#90 = CARTESIAN_POINT ( 'NONE',  ( -97.50130928205696534, -9.828439288238250526, 12.42226429100454510 ) ) ;
#91 = EDGE_CURVE ( 'NONE', #1438, #1746, #64, .T. ) ;
#92 = ORIENTED_EDGE ( 'NONE', *, *, #1202, .F. ) ;
#93 = CARTESIAN_POINT ( 'NONE',  ( -77.17464692674111859, -14.37575639365296354, 7.500000000000000888 ) ) ;
#94 = APPROVAL_ROLE ( '' ) ;
#95 = ADVANCED_FACE ( 'NONE', ( #2205 ), #1515, .T. ) ;
#96 = AXIS2_PLACEMENT_3D ( 'NONE', #268, #1371, #276 ) ;
#97 = ORIENTED_EDGE ( 'NONE', *, *, #717, .T. ) ;
#98 = AXIS2_PLACEMENT_3D ( 'NONE', #1439, #498, #1802 ) ;
#99 = LINE ( 'NONE', #1597, #519 ) ;
#100 = B_SPLINE_CURVE_WITH_KNOTS ( 'NONE', 3,
 ( #65, #1897, #964, #2266, #621, #1342, #1908, #1522, #1545, #261 ),
 .UNSPECIFIED., .F., .F.,
 ( 4, 2, 2, 2, 4 ),
 ( 0.000000000000000000, 0.0004980977809551779927, 0.0009961955619103559853, 0.001494293342865533978, 0.001992391123820711971 ),
 .UNSPECIFIED. ) ;
#101 = CARTESIAN_POINT ( 'NONE',  ( -82.77631411202654022, 18.22711742941149993, 11.50000000000000000 ) ) ;
#102 = PLANE ( 'NONE',  #2206 ) ;
#103 = VERTEX_POINT ( 'NONE', #1622 ) ;
#104 = CARTESIAN_POINT ( 'NONE',  ( -98.15558891806574593, 8.196369941557643202, 12.50000000000000000 ) ) ;
#105 = ORIENTED_EDGE ( 'NONE', *, *, #7, .F. ) ;
#106 = DIRECTION ( 'NONE',  ( -0.3583679495452841146, -0.9335804264972079602, 0.000000000000000000 ) ) ;
#107 = ORIENTED_EDGE ( 'NONE', *, *, #777, .F. ) ;
#108 = EDGE_CURVE ( 'NONE', #456, #166, #2177, .T. ) ;
#109 = CARTESIAN_POINT ( 'NONE',  ( 0.000000000000000000, 0.000000000000000000, 7.500000000000000000 ) ) ;
#110 = DIRECTION ( 'NONE',  ( -0.000000000000000000, -0.000000000000000000, -1.000000000000000000 ) ) ;
#111 = DIRECTION ( 'NONE',  ( 1.000000000000000000, 0.000000000000000000, 0.000000000000000000 ) ) ;
#112 = ORIENTED_EDGE ( 'NONE', *, *, #2272, .F. ) ;
#113 = DIRECTION ( 'NONE',  ( -0.000000000000000000, -0.000000000000000000, -1.000000000000000000 ) ) ;
#114 = ORIENTED_EDGE ( 'NONE', *, *, #1635, .F. ) ;
#115 = CARTESIAN_POINT ( 'NONE',  ( -80.96022774343782658, 15.16448932228952984, 12.48730452859747864 ) ) ;
#116 = CARTESIAN_POINT ( 'NONE',  ( -80.00000000000000000, 0.000000000000000000, -17.50000000000000000 ) ) ;
#117 = ORIENTED_EDGE ( 'NONE', *, *, #2073, .F. ) ;
#118 = CARTESIAN_POINT ( 'NONE',  ( -14.69207447075442019, 22.62381072326984111, 7.500000000000000888 ) ) ;
#119 = CIRCLE ( 'NONE', #1029, 447.5000000000000000 ) ;
#120 = AXIS2_PLACEMENT_3D ( 'NONE', #1866, #1287, #1844 ) ;
#121 = CARTESIAN_POINT ( 'NONE',  ( -68.50002392889005876, 0.02810076154515775068, 11.50000000000000000 ) ) ;
#122 = CARTESIAN_POINT ( 'NONE',  ( -85.00000000000000000, 0.000000000000000000, 7.500000000000000000 ) ) ;
#123 = EDGE_CURVE ( 'NONE', #760, #532, #572, .T. ) ;
#124 = ORIENTED_EDGE ( 'NONE', *, *, #717, .F. ) ;
#125 = DIRECTION ( 'NONE',  ( 0.000000000000000000, 0.000000000000000000, 1.000000000000000000 ) ) ;
#126 = EDGE_LOOP ( 'NONE', ( #1177, #2144, #1321, #593 ) ) ;
#127 = DIRECTION ( 'NONE',  ( 1.000000000000000000, 0.000000000000000000, 0.000000000000000000 ) ) ;
#128 = DIRECTION ( 'NONE',  ( -0.000000000000000000, 0.000000000000000000, 1.000000000000000000 ) ) ;
#129 = ORIENTED_EDGE ( 'NONE', *, *, #413, .T. ) ;
#130 = DIRECTION ( 'NONE',  ( 0.000000000000000000, 0.000000000000000000, -1.000000000000000000 ) ) ;
#131 = AXIS2_PLACEMENT_3D ( 'NONE', #786, #1850, #1519 ) ;
#132 = FACE_OUTER_BOUND ( 'NONE', #543, .T. ) ;
#133 = CARTESIAN_POINT ( 'NONE',  ( -85.00000000000000000, 0.000000000000000000, 11.50000000000000000 ) ) ;
#134 = DIRECTION ( 'NONE',  ( 1.000000000000000000, 0.000000000000000000, 0.000000000000000000 ) ) ;
#135 = ADVANCED_FACE ( 'NONE', ( #718 ), #2123, .T. ) ;
#136 = FACE_OUTER_BOUND ( 'NONE', #331, .T. ) ;
#137 = VERTEX_POINT ( 'NONE', #21 ) ;
#138 = DIRECTION ( 'NONE',  ( -0.000000000000000000, -0.000000000000000000, -1.000000000000000000 ) ) ;
#139 = CARTESIAN_POINT ( 'NONE',  ( -67.63351911094382274, 5.964723819589833553, 12.50000000000000000 ) ) ;
#140 = CIRCLE ( 'NONE', #263, 3.000000000000016431 ) ;
#141 = ORIENTED_EDGE ( 'NONE', *, *, #1426, .T. ) ;
#142 = EDGE_LOOP ( 'NONE', ( #1889, #319, #1359, #1612, #1001 ) ) ;
#143 = ADVANCED_FACE ( 'NONE', ( #1979 ), #972, .T. ) ;
#144 = CIRCLE ( 'NONE', #1779, 999.9999999999998863 ) ;
#145 = DIRECTION ( 'NONE',  ( 0.000000000000000000, -0.000000000000000000, -1.000000000000000000 ) ) ;
#146 = CARTESIAN_POINT ( 'NONE',  ( -88.36183310533515112, -19.71542741539915156, 4.999999999999997335 ) ) ;
#147 = EDGE_LOOP ( 'NONE', ( #28, #2337, #780, #1064, #1706, #1061, #150, #1154, #1904, #1882, #2246, #238, #622, #997, #2182, #1434, #913, #162 ) ) ;
#148 = CARTESIAN_POINT ( 'NONE',  ( -94.28516069448170356, -13.47903236469386457, 11.50000000000000000 ) ) ;
#149 = APPROVAL ( #308, 'UNSPECIFIED' ) ;
#150 = ORIENTED_EDGE ( 'NONE', *, *, #1095, .F. ) ;
#151 = ADVANCED_FACE ( 'NONE', ( #2031 ), #350, .T. ) ;
#152 = DIRECTION ( 'NONE',  ( 0.000000000000000000, 0.000000000000000000, 1.000000000000000000 ) ) ;
#153 = DIRECTION ( 'NONE',  ( -0.2588190451025219607, 0.9659258262890678681, 0.000000000000000000 ) ) ;
#154 = ORIENTED_EDGE ( 'NONE', *, *, #431, .F. ) ;
#155 = ORIENTED_EDGE ( 'NONE', *, *, #1216, .F. ) ;
#156 = CARTESIAN_POINT ( 'NONE',  ( 85.00000000000000000, 3.122849337825751327E-14, -2.500000000000000444 ) ) ;
#157 = DIRECTION ( 'NONE',  ( 0.000000000000000000, 0.000000000000000000, 1.000000000000000000 ) ) ;
#158 = AXIS2_PLACEMENT_3D ( 'NONE', #1051, #125, #352 ) ;
#159 = VERTEX_POINT ( 'NONE', #2006 ) ;
#160 = AXIS2_PLACEMENT_3D ( 'NONE', #2080, #2251, #646 ) ;
#161 = FACE_OUTER_BOUND ( 'NONE', #2210, .T. ) ;
#162 = ORIENTED_EDGE ( 'NONE', *, *, #79, .F. ) ;
#163 = EDGE_CURVE ( 'NONE', #2019, #2349, #1071, .T. ) ;
#164 = CARTESIAN_POINT ( 'NONE',  ( -85.00000000000000000, 0.000000000000000000, 11.50000000000000000 ) ) ;
#165 = DIRECTION ( 'NONE',  ( -0.000000000000000000, 0.000000000000000000, 1.000000000000000000 ) ) ;
#166 = VERTEX_POINT ( 'NONE', #1842 ) ;
#167 = ORIENTED_EDGE ( 'NONE', *, *, #2370, .F. ) ;
#168 = CARTESIAN_POINT ( 'NONE',  ( -66.66759328465475676, 6.223542864692347187, 7.500000000000000888 ) ) ;
#169 = ADVANCED_FACE ( 'NONE', ( #211 ), #1442, .T. ) ;
#170 = DIRECTION ( 'NONE',  ( 0.000000000000000000, 0.000000000000000000, 1.000000000000000000 ) ) ;
#171 = FACE_OUTER_BOUND ( 'NONE', #322, .T. ) ;
#172 = CIRCLE ( 'NONE', #1807, 15.00000000000000000 ) ;
#173 = CARTESIAN_POINT ( 'NONE',  ( -14.69207447075442019, 22.62381072326984111, 7.500000000000000888 ) ) ;
#174 = AXIS2_PLACEMENT_3D ( 'NONE', #594, #50, #255 ) ;
#175 = ORIENTED_EDGE ( 'NONE', *, *, #637, .F. ) ;
#176 = CARTESIAN_POINT ( 'NONE',  ( -101.4066501463505148, 1.752663965298880910, 11.50000000000000000 ) ) ;
#177 = DIRECTION ( 'NONE',  ( 1.000000000000000000, 0.000000000000000000, 0.000000000000000000 ) ) ;
#178 = B_SPLINE_CURVE_WITH_KNOTS ( 'NONE', 3,
 ( #1574, #1920, #291, #1000, #2329, #859, #1935, #1376, #1815, #1587 ),
 .UNSPECIFIED., .F., .F.,
 ( 4, 2, 2, 2, 4 ),
 ( -6.578102695102534924E-06, 0.0004905520520395296969, 0.0009876822067741619551, 0.001484812361508794105, 0.001981942516243426471 ),
 .UNSPECIFIED. ) ;
#179 = EDGE_LOOP ( 'NONE', ( #48, #2, #736, #358, #878 ) ) ;
#180 = EDGE_CURVE ( 'NONE', #456, #2019, #140, .T. ) ;
#181 = ORIENTED_EDGE ( 'NONE', *, *, #1220, .F. ) ;
#182 = CIRCLE ( 'NONE', #2045, 2.999999999999988898 ) ;
#183 = CARTESIAN_POINT ( 'NONE',  ( -70.69655117981081105, 8.225652062191098679, 11.50000000000000000 ) ) ;
#184 = DIRECTION ( 'NONE',  ( 1.000000000000000000, 0.000000000000000000, 0.000000000000000000 ) ) ;
#185 = LINE ( 'NONE', #5, #1849 ) ;
#186 = CARTESIAN_POINT ( 'NONE',  ( 84.32175456389452961, 12.48158576176978407, -7.500000000000000000 ) ) ;
#187 = VECTOR ( 'NONE', #2213, 1000.000000000000000 ) ;
#188 = EDGE_CURVE ( 'NONE', #1746, #1238, #1891, .T. ) ;
#189 = CARTESIAN_POINT ( 'NONE',  ( -85.00000000000000000, 0.000000000000000000, 12.50000000000000000 ) ) ;
#190 = CARTESIAN_POINT ( 'NONE',  ( -98.33224383509326572, -9.721176591422358015, 7.500000000000000888 ) ) ;
#191 = ORIENTED_EDGE ( 'NONE', *, *, #2254, .F. ) ;
#192 = DIRECTION ( 'NONE',  ( 1.000000000000000000, 0.000000000000000000, 0.000000000000000000 ) ) ;
#193 = CARTESIAN_POINT ( 'NONE',  ( -85.00000000000000000, 0.000000000000000000, 11.50000000000000000 ) ) ;
#194 = VERTEX_POINT ( 'NONE', #1431 ) ;
#195 = ORIENTED_EDGE ( 'NONE', *, *, #961, .F. ) ;
#196 = CARTESIAN_POINT ( 'NONE',  ( -73.04995088630195710, -12.99596265175510723, 12.50000000000000000 ) ) ;
#197 = DIRECTION ( 'NONE',  ( -0.000000000000000000, 0.000000000000000000, 1.000000000000000000 ) ) ;
#198 = CARTESIAN_POINT ( 'NONE',  ( 84.32175456389454382, 12.48158576176950696, 7.500000000000000000 ) ) ;
#199 = DIRECTION ( 'NONE',  ( 1.000000000000000000, 0.000000000000000000, 0.000000000000000000 ) ) ;
#200 = VECTOR ( 'NONE', #1953, 1000.000000000000000 ) ;
#201 = DIRECTION ( 'NONE',  ( 1.000000000000000000, 0.000000000000000000, 0.000000000000000000 ) ) ;
#202 = ADVANCED_FACE ( 'NONE', ( #171 ), #2166, .T. ) ;
#203 = ORIENTED_EDGE ( 'NONE', *, *, #1322, .T. ) ;
#204 = VECTOR ( 'NONE', #851, 1000.000000000000000 ) ;
#205 = CARTESIAN_POINT ( 'NONE',  ( -99.78070122198900549, 7.030604099015818953, 11.50000000000000000 ) ) ;
#206 = AXIS2_PLACEMENT_3D ( 'NONE', #1080, #197, #1562 ) ;
#207 = VERTEX_POINT ( 'NONE', #768 ) ;
#208 = CARTESIAN_POINT ( 'NONE',  ( -88.40305123091303585, 16.14525448296748422, 11.66876121442356862 ) ) ;
#209 = DIRECTION ( 'NONE',  ( 0.000000000000000000, 0.000000000000000000, 1.000000000000000000 ) ) ;
#210 = DIRECTION ( 'NONE',  ( -0.000000000000000000, -0.000000000000000000, -1.000000000000000000 ) ) ;
#211 = FACE_OUTER_BOUND ( 'NONE', #953, .T. ) ;
#212 = DIRECTION ( 'NONE',  ( -1.000000000000000000, 0.000000000000000000, 0.000000000000000000 ) ) ;
#213 = TOROIDAL_SURFACE ( 'NONE', #819, 1.999999999999992228, 1.000000000000000000 ) ;
#214 = ORIENTED_EDGE ( 'NONE', *, *, #1019, .F. ) ;
#215 = EDGE_CURVE ( 'NONE', #1899, #2072, #1169, .T. ) ;
#216 = DIRECTION ( 'NONE',  ( 0.000000000000000000, 0.000000000000000000, 1.000000000000000000 ) ) ;
#217 = AXIS2_PLACEMENT_3D ( 'NONE', #1776, #145, #970 ) ;
#218 = DIRECTION ( 'NONE',  ( 1.000000000000000000, 0.000000000000000000, 0.000000000000000000 ) ) ;
#219 = ORIENTED_EDGE ( 'NONE', *, *, #2371, .T. ) ;
#220 = DIRECTION ( 'NONE',  ( 1.000000000000000000, 0.000000000000000000, 0.000000000000000000 ) ) ;
#221 = COORDINATED_UNIVERSAL_TIME_OFFSET ( 5, 30, .AHEAD. ) ;
#222 = CIRCLE ( 'NONE', #31, 2.000000000000001776 ) ;
#223 = EDGE_CURVE ( 'NONE', #1652, #1617, #1532, .T. ) ;
#224 = CYLINDRICAL_SURFACE ( 'NONE', #446, 3.000000000000016431 ) ;
#225 = AXIS2_PLACEMENT_3D ( 'NONE', #1763, #130, #1021 ) ;
#226 = DIRECTION ( 'NONE',  ( 0.000000000000000000, 0.000000000000000000, 1.000000000000000000 ) ) ;
#227 = AXIS2_PLACEMENT_3D ( 'NONE', #1609, #916, #2354 ) ;
#228 = CARTESIAN_POINT ( 'NONE',  ( -85.00000000000000000, 0.000000000000000000, 12.50000000000000000 ) ) ;
#229 = EDGE_LOOP ( 'NONE', ( #517, #2295, #1870, #195, #1418, #2130 ) ) ;
#230 = DIRECTION ( 'NONE',  ( -1.000000000000000000, 0.000000000000000000, 0.000000000000000000 ) ) ;
#231 = VERTEX_POINT ( 'NONE', #1906 ) ;
#232 = DIRECTION ( 'NONE',  ( 1.000000000000000000, 0.000000000000000000, 0.000000000000000000 ) ) ;
#233 = CARTESIAN_POINT ( 'NONE',  ( -101.4066501463505148, 1.752663965298880910, 10.00000000000000000 ) ) ;
#234 = LOCAL_TIME ( 12, 4, 36.00000000000000000, #221 ) ;
#235 = DIRECTION ( 'NONE',  ( 0.000000000000000000, 0.000000000000000000, 1.000000000000000000 ) ) ;
#236 = VECTOR ( 'NONE', #138, 1000.000000000000000 ) ;
#237 = ORIENTED_EDGE ( 'NONE', *, *, #2262, .T. ) ;
#238 = ORIENTED_EDGE ( 'NONE', *, *, #630, .F. ) ;
#239 = CIRCLE ( 'NONE', #1801, 16.50000000000000000 ) ;
#240 = CARTESIAN_POINT ( 'NONE',  ( -82.88098602451239572, 16.22985835990235870, 11.50000000000000000 ) ) ;
#241 = AXIS2_PLACEMENT_3D ( 'NONE', #1155, #663, #1567 ) ;
#242 = ORIENTED_EDGE ( 'NONE', *, *, #2107, .F. ) ;
#243 = AXIS2_PLACEMENT_3D ( 'NONE', #1755, #1282, #545 ) ;
#244 = DIRECTION ( 'NONE',  ( -0.000000000000000000, 0.000000000000000000, 1.000000000000000000 ) ) ;
#245 = PERSON_AND_ORGANIZATION ( #1146, #1296 ) ;
#246 = EDGE_CURVE ( 'NONE', #771, #194, #1682, .T. ) ;
#247 = ADVANCED_FACE ( 'NONE', ( #1865 ), #1507, .F. ) ;
#248 = DIRECTION ( 'NONE',  ( -0.6293203910498469389, -0.7771459614569631302, 0.000000000000000000 ) ) ;
#249 = DIRECTION ( 'NONE',  ( 1.000000000000000000, 0.000000000000000000, 0.000000000000000000 ) ) ;
#250 = VERTEX_POINT ( 'NONE', #411 ) ;
#251 = VERTEX_POINT ( 'NONE', #1895 ) ;
#252 = CARTESIAN_POINT ( 'NONE',  ( -98.36527826152267551, 9.675708604131774138, 11.50000000000000000 ) ) ;
#253 = EDGE_LOOP ( 'NONE', ( #12, #1320, #1750, #418 ) ) ;
#254 = CIRCLE ( 'NONE', #1578, 3.000000000000002665 ) ;
#255 = DIRECTION ( 'NONE',  ( 1.000000000000000000, 0.000000000000000000, 0.000000000000000000 ) ) ;
#256 = APPROVAL_DATE_TIME ( #581, #1498 ) ;
#257 = B_SPLINE_CURVE_WITH_KNOTS ( 'NONE', 3,
 ( #1024, #860, #683, #1402, #2141, #503, #1218, #328, #696, #1416 ),
 .UNSPECIFIED., .F., .F.,
 ( 4, 2, 2, 2, 4 ),
 ( 0.000000000000000000, 0.0004980977809551637896, 0.0009961955619103275792, 0.001494293342865491477, 0.001992391123820655158 ),
 .UNSPECIFIED. ) ;
#258 = ADVANCED_FACE ( 'NONE', ( #800 ), #374, .T. ) ;
#259 = DIRECTION ( 'NONE',  ( 0.000000000000000000, 0.000000000000000000, 1.000000000000000000 ) ) ;
#260 = AXIS2_PLACEMENT_3D ( 'NONE', #1197, #1766, #1936 ) ;
#261 = CARTESIAN_POINT ( 'NONE',  ( -92.29488923401055445, -13.67605904723729715, 12.50000000000000000 ) ) ;
#262 = ORIENTED_EDGE ( 'NONE', *, *, #1817, .T. ) ;
#263 = AXIS2_PLACEMENT_3D ( 'NONE', #1472, #1671, #561 ) ;
#264 = VERTEX_POINT ( 'NONE', #2250 ) ;
#265 = CARTESIAN_POINT ( 'NONE',  ( -98.28435250697341985, 9.298161042623766193, 12.21125592503878821 ) ) ;
#266 = ORIENTED_EDGE ( 'NONE', *, *, #1430, .T. ) ;
#267 = DIRECTION ( 'NONE',  ( 1.000000000000000000, 1.734723475976805517E-15, 0.000000000000000000 ) ) ;
#268 = CARTESIAN_POINT ( 'NONE',  ( -100.6885940138923843, 4.665462514913884640, 7.500000000000000888 ) ) ;
#269 = DIRECTION ( 'NONE',  ( -0.000000000000000000, -0.000000000000000000, 1.000000000000000000 ) ) ;
#270 = FACE_OUTER_BOUND ( 'NONE', #468, .T. ) ;
#271 = ORIENTED_EDGE ( 'NONE', *, *, #2267, .T. ) ;
#272 = EDGE_CURVE ( 'NONE', #1799, #993, #1474, .T. ) ;
#273 = CARTESIAN_POINT ( 'NONE',  ( 85.00000000000000000, 3.122849337825751327E-14, -5.000000000000330402 ) ) ;
#274 = ORIENTED_EDGE ( 'NONE', *, *, #1783, .T. ) ;
#275 = CARTESIAN_POINT ( 'NONE',  ( -79.92795239962761400, 15.70109337401561334, 11.50000000000000000 ) ) ;
#276 = DIRECTION ( 'NONE',  ( 1.000000000000000000, 0.000000000000000000, 0.000000000000000000 ) ) ;
#277 = CIRCLE ( 'NONE', #349, 0.9999999999999980016 ) ;
#278 = ORIENTED_EDGE ( 'NONE', *, *, #637, .T. ) ;
#279 = VECTOR ( 'NONE', #1473, 1000.000000000000000 ) ;
#280 = CARTESIAN_POINT ( 'NONE',  ( -75.54072982169603279, -16.89176809748923347, 7.500000000000000888 ) ) ;
#281 = CARTESIAN_POINT ( 'NONE',  ( 29.92647058823589745, 1013.504763855667306, 4.999999999999997335 ) ) ;
#282 = ORIENTED_EDGE ( 'NONE', *, *, #1970, .T. ) ;
#283 = DIRECTION ( 'NONE',  ( 0.7771459614569664609, -0.6293203910498429421, 0.000000000000000000 ) ) ;
#284 = EDGE_CURVE ( 'NONE', #1391, #1976, #560, .T. ) ;
#285 = EDGE_LOOP ( 'NONE', ( #1393, #2342, #2346, #661 ) ) ;
#286 = CYLINDRICAL_SURFACE ( 'NONE', #1084, 3.000000000000002665 ) ;
#287 = AXIS2_PLACEMENT_3D ( 'NONE', #870, #726, #1092 ) ;
#288 = EDGE_LOOP ( 'NONE', ( #711, #69, #1780, #36 ) ) ;
#289 = CARTESIAN_POINT ( 'NONE',  ( -72.75693124186571481, -11.06152192890275465, 11.50000000000000000 ) ) ;
#290 = FACE_OUTER_BOUND ( 'NONE', #1688, .T. ) ;
#291 = CARTESIAN_POINT ( 'NONE',  ( -69.32935533306613252, 0.8440331826529305914, 12.48730452859748219 ) ) ;
#292 = ORIENTED_EDGE ( 'NONE', *, *, #2367, .F. ) ;
#293 = AXIS2_PLACEMENT_3D ( 'NONE', #189, #1484, #537 ) ;
#294 = CARTESIAN_POINT ( 'NONE',  ( -75.04995088630195710, -12.99596265175510723, 11.50000000000000000 ) ) ;
#295 = CIRCLE ( 'NONE', #2007, 1.000000000000001554 ) ;
#296 = ORIENTED_EDGE ( 'NONE', *, *, #630, .T. ) ;
#297 = CARTESIAN_POINT ( 'NONE',  ( -79.92795239962761400, 15.70109337401560978, 7.500000000000000888 ) ) ;
#298 = DIRECTION ( 'NONE',  ( -0.000000000000000000, -0.000000000000000000, 1.000000000000000000 ) ) ;
#299 = VERTEX_POINT ( 'NONE', #75 ) ;
#300 = EDGE_CURVE ( 'NONE', #445, #532, #1778, .T. ) ;
#301 = FACE_OUTER_BOUND ( 'NONE', #879, .T. ) ;
#302 = CARTESIAN_POINT ( 'NONE',  ( -85.00000000000000000, 0.000000000000000000, 7.500000000000000000 ) ) ;
#303 = DIRECTION ( 'NONE',  ( -0.7071067811865539010, 0.000000000000000000, -0.7071067811865411334 ) ) ;
#304 = ORIENTED_EDGE ( 'NONE', *, *, #356, .T. ) ;
#305 = CARTESIAN_POINT ( 'NONE',  ( -72.04995088630195710, -12.99596265175510723, 7.500000000000000888 ) ) ;
#306 = EDGE_LOOP ( 'NONE', ( #394, #436 ) ) ;
#307 = DIRECTION ( 'NONE',  ( -0.000000000000000000, 0.000000000000000000, 1.000000000000000000 ) ) ;
#308 = APPROVAL_STATUS ( 'not_yet_approved' ) ;
#309 = VECTOR ( 'NONE', #2185, 1000.000000000000000 ) ;
#310 = ADVANCED_FACE ( 'NONE', ( #1340 ), #861, .T. ) ;
#311 = DIRECTION ( 'NONE',  ( -0.000000000000000000, 0.000000000000000000, 1.000000000000000000 ) ) ;
#312 = AXIS2_PLACEMENT_3D ( 'NONE', #2310, #623, #2058 ) ;
#313 = EDGE_CURVE ( 'NONE', #1447, #1377, #441, .T. ) ;
#314 = CIRCLE ( 'NONE', #1645, 1002.500000000000000 ) ;
#315 = DIRECTION ( 'NONE',  ( 0.000000000000000000, 0.000000000000000000, 1.000000000000000000 ) ) ;
#316 = CARTESIAN_POINT ( 'NONE',  ( -82.88098602451239572, 16.22985835990235870, 11.50000000000000000 ) ) ;
#317 = ORIENTED_EDGE ( 'NONE', *, *, #2102, .F. ) ;
#318 = DIRECTION ( 'NONE',  ( 1.000000000000000000, 0.000000000000000000, 0.000000000000000000 ) ) ;
#319 = ORIENTED_EDGE ( 'NONE', *, *, #1186, .T. ) ;
#320 = DIRECTION ( 'NONE',  ( -1.000000000000000000, 0.000000000000000000, 0.000000000000000000 ) ) ;
#321 = CARTESIAN_POINT ( 'NONE',  ( 29.92647058823589745, 1013.504763855667306, 7.500000000000000888 ) ) ;
#322 = EDGE_LOOP ( 'NONE', ( #1575, #114, #334, #1770 ) ) ;
#323 = ORIENTED_EDGE ( 'NONE', *, *, #1828, .F. ) ;
#324 = DIRECTION ( 'NONE',  ( 1.000000000000000000, 0.000000000000000000, 0.000000000000000000 ) ) ;
#325 = TOROIDAL_SURFACE ( 'NONE', #1653, 2.000000000000015543, 1.000000000000000000 ) ;
#326 = CARTESIAN_POINT ( 'NONE',  ( -76.08536885671105665, -16.05309752954380542, 12.50000000000000000 ) ) ;
#327 = AXIS2_PLACEMENT_3D ( 'NONE', #1491, #1480, #948 ) ;
#328 = CARTESIAN_POINT ( 'NONE',  ( -100.4965815305900492, 2.477430687984545798, 12.48730321279972166 ) ) ;
#329 = AXIS2_PLACEMENT_3D ( 'NONE', #122, #2116, #1631 ) ;
#330 = DIRECTION ( 'NONE',  ( 1.000000000000000000, 0.000000000000000000, 0.000000000000000000 ) ) ;
#331 = EDGE_LOOP ( 'NONE', ( #1026, #872, #1569, #1053 ) ) ;
#332 = CARTESIAN_POINT ( 'NONE',  ( -75.02302083649162512, -15.36320065859497674, 11.50000000000000000 ) ) ;
#333 = ORIENTED_EDGE ( 'NONE', *, *, #1294, .F. ) ;
#334 = ORIENTED_EDGE ( 'NONE', *, *, #1835, .F. ) ;
#335 = CIRCLE ( 'NONE', #2088, 17.49999999999994671 ) ;
#336 = FACE_OUTER_BOUND ( 'NONE', #1880, .T. ) ;
#337 = DIRECTION ( 'NONE',  ( 0.7771459614569664609, -0.6293203910498429421, 0.000000000000000000 ) ) ;
#338 = ORIENTED_EDGE ( 'NONE', *, *, #1186, .F. ) ;
#339 = DIRECTION ( 'NONE',  ( 0.000000000000000000, 0.000000000000000000, -1.000000000000000000 ) ) ;
#340 = ORIENTED_EDGE ( 'NONE', *, *, #1110, .T. ) ;
#341 = ADVANCED_FACE ( 'NONE', ( #63 ), #2264, .T. ) ;
#342 = CARTESIAN_POINT ( 'NONE',  ( 87.80806288032461282, -12.18050831698529990, -7.500000000000000000 ) ) ;
#343 = DIRECTION ( 'NONE',  ( 0.7771459614569664609, -0.6293203910498429421, 0.000000000000000000 ) ) ;
#344 = EDGE_LOOP ( 'NONE', ( #2120, #45, #181, #97 ) ) ;
#345 = EDGE_LOOP ( 'NONE', ( #2234, #911 ) ) ;
#346 = APPROVAL_PERSON_ORGANIZATION ( #1492, #149, #94 ) ;
#347 = DIRECTION ( 'NONE',  ( -0.000000000000000000, -0.000000000000000000, -1.000000000000000000 ) ) ;
#348 = FACE_OUTER_BOUND ( 'NONE', #1627, .T. ) ;
#349 = AXIS2_PLACEMENT_3D ( 'NONE', #2255, #1164, #1537 ) ;
#350 = CYLINDRICAL_SURFACE ( 'NONE', #1700, 3.000000000000002665 ) ;
#351 = AXIS2_PLACEMENT_3D ( 'NONE', #228, #54, #1696 ) ;
#352 = DIRECTION ( 'NONE',  ( 1.000000000000000000, 0.000000000000000000, 0.000000000000000000 ) ) ;
#353 = VERTEX_POINT ( 'NONE', #778 ) ;
#354 = CARTESIAN_POINT ( 'NONE',  ( -79.87450157486659919, -15.68372614827086231, 11.66876012631443871 ) ) ;
#355 = FACE_OUTER_BOUND ( 'NONE', #678, .T. ) ;
#356 = EDGE_CURVE ( 'NONE', #2157, #1960, #597, .T. ) ;
#357 = ORIENTED_EDGE ( 'NONE', *, *, #1941, .T. ) ;
#358 = ORIENTED_EDGE ( 'NONE', *, *, #1886, .F. ) ;
#359 = CARTESIAN_POINT ( 'NONE',  ( -85.00000000000000000, 0.000000000000000000, 11.50000000000000000 ) ) ;
#360 = DIRECTION ( 'NONE',  ( 0.000000000000000000, -0.000000000000000000, -1.000000000000000000 ) ) ;
#361 = FACE_OUTER_BOUND ( 'NONE', #2313, .T. ) ;
#362 = LINE ( 'NONE', #1258, #34 ) ;
#363 = DIRECTION ( 'NONE',  ( -0.7771459614569664609, 0.6293203910498429421, -0.000000000000000000 ) ) ;
#364 = AXIS2_PLACEMENT_3D ( 'NONE', #2089, #474, #106 ) ;
#365 = DIRECTION ( 'NONE',  ( 0.9986295347545743883, -0.05233595624293323895, -0.000000000000000000 ) ) ;
#366 = AXIS2_PLACEMENT_3D ( 'NONE', #2287, #1710, #1200 ) ;
#367 = VERTEX_POINT ( 'NONE', #974 ) ;
#368 = DIRECTION ( 'NONE',  ( -0.000000000000000000, 0.000000000000000000, 1.000000000000000000 ) ) ;
#369 = ORIENTED_EDGE ( 'NONE', *, *, #2256, .F. ) ;
#370 = ORIENTED_EDGE ( 'NONE', *, *, #1657, .F. ) ;
#371 = DIRECTION ( 'NONE',  ( 0.000000000000000000, 0.000000000000000000, 1.000000000000000000 ) ) ;
#372 = DIRECTION ( 'NONE',  ( 0.000000000000000000, 0.000000000000000000, 1.000000000000000000 ) ) ;
#373 = DIRECTION ( 'NONE',  ( 1.000000000000000000, 0.000000000000000000, 0.000000000000000000 ) ) ;
#374 = CONICAL_SURFACE ( 'NONE', #443, 447.5000000000000000, 0.7853981633974593812 ) ;
#375 = EDGE_CURVE ( 'NONE', #2019, #1349, #295, .T. ) ;
#376 = DIRECTION ( 'NONE',  ( 0.000000000000000000, 0.000000000000000000, 1.000000000000000000 ) ) ;
#377 = ORIENTED_EDGE ( 'NONE', *, *, #587, .T. ) ;
#378 = DIRECTION ( 'NONE',  ( -0.000000000000000000, -0.000000000000000000, -1.000000000000000000 ) ) ;
#379 = ORIENTED_EDGE ( 'NONE', *, *, #356, .F. ) ;
#380 = DIRECTION ( 'NONE',  ( 0.000000000000000000, 0.000000000000000000, 1.000000000000000000 ) ) ;
#381 = DIRECTION ( 'NONE',  ( 0.000000000000000000, 0.000000000000000000, 1.000000000000000000 ) ) ;
#382 = CARTESIAN_POINT ( 'NONE',  ( -96.17312186763123805, -15.81047024906478349, 7.500000000000000888 ) ) ;
#383 = AXIS2_PLACEMENT_3D ( 'NONE', #602, #1823, #761 ) ;
#384 = ADVANCED_FACE ( 'NONE', ( #1713 ), #790, .T. ) ;
#385 = DIRECTION ( 'NONE',  ( 1.000000000000000000, 0.000000000000000000, 0.000000000000000000 ) ) ;
#386 = AXIS2_PLACEMENT_3D ( 'NONE', #2221, #566, #230 ) ;
#387 = LINE ( 'NONE', #1109, #1298 ) ;
#388 = ORIENTED_EDGE ( 'NONE', *, *, #823, .T. ) ;
#389 = CIRCLE ( 'NONE', #574, 999.9999999999998863 ) ;
#390 = DIRECTION ( 'NONE',  ( 0.000000000000000000, 0.000000000000000000, 1.000000000000000000 ) ) ;
#391 = FACE_OUTER_BOUND ( 'NONE', #664, .T. ) ;
#392 = ADVANCED_FACE ( 'NONE', ( #1328 ), #986, .F. ) ;
#393 = AXIS2_PLACEMENT_3D ( 'NONE', #770, #1119, #1086 ) ;
#394 = ORIENTED_EDGE ( 'NONE', *, *, #2134, .F. ) ;
#395 = CARTESIAN_POINT ( 'NONE',  ( -92.11904398022247165, 35.36118792585130421, 11.50000000000000000 ) ) ;
#396 =( LENGTH_UNIT ( ) NAMED_UNIT ( * ) SI_UNIT ( .MILLI., .METRE. ) );
#397 = DIRECTION ( 'NONE',  ( -0.000000000000000000, 0.000000000000000000, 1.000000000000000000 ) ) ;
#398 = DIRECTION ( 'NONE',  ( 1.000000000000000000, 0.000000000000000000, 0.000000000000000000 ) ) ;
#399 = DIRECTION ( 'NONE',  ( -0.000000000000000000, -0.000000000000000000, -1.000000000000000000 ) ) ;
#400 = VECTOR ( 'NONE', #565, 1000.000000000000000 ) ;
#401 = VERTEX_POINT ( 'NONE', #668 ) ;
#402 = ADVANCED_FACE ( 'NONE', ( #1361 ), #1180, .T. ) ;
#403 = CARTESIAN_POINT ( 'NONE',  ( 85.00000000000000000, 3.122849337825751327E-14, -2.500000000000000444 ) ) ;
#404 = DIRECTION ( 'NONE',  ( -0.05233595624293262139, -0.9986295347545746104, 0.000000000000000000 ) ) ;
#405 = VERTEX_POINT ( 'NONE', #146 ) ;
#406 = DIRECTION ( 'NONE',  ( -0.000000000000000000, 0.000000000000000000, 1.000000000000000000 ) ) ;
#407 = DIRECTION ( 'NONE',  ( 1.000000000000000000, 0.000000000000000000, 0.000000000000000000 ) ) ;
#408 = B_SPLINE_CURVE_WITH_KNOTS ( 'NONE', 3,
 ( #2138, #1942, #1386, #2125, #465, #871, #499, #1917, #1215, #289 ),
 .UNSPECIFIED., .F., .F.,
 ( 4, 2, 2, 2, 4 ),
 ( -6.578102695116801499E-06, 0.0004905520520395292633, 0.0009876822067741751823, 0.001484812361508821210, 0.001981942516243467237 ),
 .UNSPECIFIED. ) ;
#409 = AXIS2_PLACEMENT_3D ( 'NONE', #838, #2306, #550 ) ;
#410 = AXIS2_PLACEMENT_3D ( 'NONE', #1853, #1275, #1830 ) ;
#411 = CARTESIAN_POINT ( 'NONE',  ( -66.90967611852357777, 2.999999999999999556, 12.50000000000000000 ) ) ;
#412 = CARTESIAN_POINT ( 'NONE',  ( -85.30625172931598854, 18.35970584165825414, 11.50000000000000000 ) ) ;
#413 = EDGE_CURVE ( 'NONE', #1438, #993, #408, .T. ) ;
#414 = ORIENTED_EDGE ( 'NONE', *, *, #1795, .F. ) ;
#415 = ORIENTED_EDGE ( 'NONE', *, *, #848, .F. ) ;
#416 = LINE ( 'NONE', #2010, #2020 ) ;
#417 = EDGE_CURVE ( 'NONE', #2269, #1377, #1350, .T. ) ;
#418 = ORIENTED_EDGE ( 'NONE', *, *, #846, .F. ) ;
#419 = CARTESIAN_POINT ( 'NONE',  ( -85.00000000000000000, 0.000000000000000000, -17.50000000000000000 ) ) ;
#420 = CARTESIAN_POINT ( 'NONE',  ( 0.000000000000000000, 0.000000000000000000, 0.000000000000000000 ) ) ;
#421 = DIRECTION ( 'NONE',  ( 0.9335804264972070721, -0.3583679495452864461, 0.000000000000000000 ) ) ;
#422 = DIRECTION ( 'NONE',  ( 0.000000000000000000, 0.000000000000000000, 1.000000000000000000 ) ) ;
#423 = ORIENTED_EDGE ( 'NONE', *, *, #2305, .F. ) ;
#424 = ORIENTED_EDGE ( 'NONE', *, *, #1399, .F. ) ;
#425 = CIRCLE ( 'NONE', #2309, 16.50000000000000000 ) ;
#426 = CARTESIAN_POINT ( 'NONE',  ( -98.21051709690242149, 8.852288635824329788, 12.42226674930539687 ) ) ;
#427 = TOROIDAL_SURFACE ( 'NONE', #2066, 15.50000000000000711, 1.000000000000000000 ) ;
#428 = ORIENTED_EDGE ( 'NONE', *, *, #1621, .T. ) ;
#429 = TOROIDAL_SURFACE ( 'NONE', #695, 2.000000000000001776, 1.000000000000000000 ) ;
#430 = LINE ( 'NONE', #556, #62 ) ;
#431 = EDGE_CURVE ( 'NONE', #1502, #603, #99, .T. ) ;
#432 = CALENDAR_DATE ( 2026, 12, 8 ) ;
#433 = DIRECTION ( 'NONE',  ( -0.000000000000000000, -0.000000000000000000, -1.000000000000000000 ) ) ;
#434 = CARTESIAN_POINT ( 'NONE',  ( 84.18610547667346111, 14.97790291412319341, 4.999999999999997335 ) ) ;
#435 = ORIENTED_EDGE ( 'NONE', *, *, #417, .T. ) ;
#436 = ORIENTED_EDGE ( 'NONE', *, *, #720, .F. ) ;
#437 = LINE ( 'NONE', #897, #2341 ) ;
#438 = ORIENTED_EDGE ( 'NONE', *, *, #1861, .T. ) ;
#439 = AXIS2_PLACEMENT_3D ( 'NONE', #568, #2236, #1883 ) ;
#440 = CYLINDRICAL_SURFACE ( 'NONE', #1153, 1.000000000000003109 ) ;
#441 = LINE ( 'NONE', #233, #1585 ) ;
#442 = ADVANCED_FACE ( 'NONE', ( #2327 ), #1572, .T. ) ;
#443 = AXIS2_PLACEMENT_3D ( 'NONE', #1139, #816, #2238 ) ;
#444 = CARTESIAN_POINT ( 'NONE',  ( -88.36183310533515112, -19.71542741539915511, -5.000000000000330402 ) ) ;
#445 = VERTEX_POINT ( 'NONE', #1560 ) ;
#446 = AXIS2_PLACEMENT_3D ( 'NONE', #2043, #765, #941 ) ;
#447 = DIRECTION ( 'NONE',  ( -0.000000000000000000, 0.000000000000000000, 1.000000000000000000 ) ) ;
#448 = EDGE_LOOP ( 'NONE', ( #1810, #667, #1516, #379 ) ) ;
#449 = DIRECTION ( 'NONE',  ( 0.000000000000000000, 0.000000000000000000, 1.000000000000000000 ) ) ;
#450 = CARTESIAN_POINT ( 'NONE',  ( -101.4066501463505148, 1.752663965298880910, 7.500000000000000888 ) ) ;
#451 = DIRECTION ( 'NONE',  ( 1.000000000000000000, 0.000000000000000000, 0.000000000000000000 ) ) ;
#452 = ORIENTED_EDGE ( 'NONE', *, *, #987, .T. ) ;
#453 = DIRECTION ( 'NONE',  ( -0.9986295347545743883, 0.05233595624293323895, 0.000000000000000000 ) ) ;
#454 = DIRECTION ( 'NONE',  ( -0.9986295347545744994, 0.05233595624293261445, 0.000000000000000000 ) ) ;
#455 = EDGE_CURVE ( 'NONE', #2332, #1288, #1856, .T. ) ;
#456 = VERTEX_POINT ( 'NONE', #2301 ) ;
#457 = AXIS2_PLACEMENT_3D ( 'NONE', #2361, #2158, #1984 ) ;
#458 = DIRECTION ( 'NONE',  ( 1.000000000000000000, 0.000000000000000000, 0.000000000000000000 ) ) ;
#459 = VERTEX_POINT ( 'NONE', #326 ) ;
#460 = ADVANCED_FACE ( 'NONE', ( #1777 ), #1159, .T. ) ;
#461 = CARTESIAN_POINT ( 'NONE',  ( -96.17312186763123805, -15.81047024906478349, 7.500000000000000888 ) ) ;
#462 = AXIS2_PLACEMENT_3D ( 'NONE', #1184, #113, #1335 ) ;
#463 = AXIS2_PLACEMENT_3D ( 'NONE', #22, #734, #932 ) ;
#464 = AXIS2_PLACEMENT_3D ( 'NONE', #1655, #2260, #2226 ) ;
#465 = CARTESIAN_POINT ( 'NONE',  ( -73.43515867622849669, -11.07167599735055674, 12.36994125422457458 ) ) ;
#466 = LINE ( 'NONE', #444, #1212 ) ;
#467 = CARTESIAN_POINT ( 'NONE',  ( -85.41092364180185825, 16.36244677214908450, 7.500000000000000888 ) ) ;
#468 = EDGE_LOOP ( 'NONE', ( #1314, #752, #889, #839 ) ) ;
#469 = CC_DESIGN_PERSON_AND_ORGANIZATION_ASSIGNMENT ( #245, #1293, ( #805 ) ) ;
#470 = APPLICATION_CONTEXT ( 'configuration controlled 3d designs of mechanical parts and assemblies' ) ;
#471 = CARTESIAN_POINT ( 'NONE',  ( -96.52821598345779819, -14.23616113789375959, 11.50000000000000000 ) ) ;
#472 = EDGE_CURVE ( 'NONE', #2349, #1479, #634, .T. ) ;
#473 = ORIENTED_EDGE ( 'NONE', *, *, #1009, .T. ) ;
#474 = DIRECTION ( 'NONE',  ( -0.9335804264972079602, 0.3583679495452841146, 0.000000000000000000 ) ) ;
#475 = CARTESIAN_POINT ( 'NONE',  ( -85.41092364180185825, 16.36244677214908450, 11.50000000000000000 ) ) ;
#476 = VECTOR ( 'NONE', #1833, 1000.000000000000000 ) ;
#477 = AXIS2_PLACEMENT_3D ( 'NONE', #755, #380, #220 ) ;
#478 = CARTESIAN_POINT ( 'NONE',  ( -97.51263049033344998, -13.43899798818031321, 11.50000000000000000 ) ) ;
#479 = FACE_OUTER_BOUND ( 'NONE', #890, .T. ) ;
#480 = CARTESIAN_POINT ( 'NONE',  ( -77.17464692674111859, -14.37575639365296354, 12.50000000000000000 ) ) ;
#481 = CYLINDRICAL_SURFACE ( 'NONE', #260, 16.50000000000000000 ) ;
#482 = AXIS2_PLACEMENT_3D ( 'NONE', #569, #157, #882 ) ;
#483 = ORIENTED_EDGE ( 'NONE', *, *, #66, .T. ) ;
#484 = CARTESIAN_POINT ( 'NONE',  ( -94.28516069448170356, -13.47903236469386457, 7.500000000000000888 ) ) ;
#485 = LINE ( 'NONE', #116, #781 ) ;
#486 = ADVANCED_FACE ( 'NONE', ( #1046 ), #1032, .F. ) ;
#487 = ORIENTED_EDGE ( 'NONE', *, *, #1443, .T. ) ;
#488 = DIRECTION ( 'NONE',  ( 1.000000000000000000, 0.000000000000000000, 0.000000000000000000 ) ) ;
#489 = CARTESIAN_POINT ( 'NONE',  ( -76.08536885671105665, -16.05309752954380187, 11.50000000000000000 ) ) ;
#490 = FACE_OUTER_BOUND ( 'NONE', #1301, .T. ) ;
#491 = DIRECTION ( 'NONE',  ( -0.000000000000000000, -0.000000000000000000, -1.000000000000000000 ) ) ;
#492 = CARTESIAN_POINT ( 'NONE',  ( -85.00000000000000000, 0.000000000000000000, 11.50000000000000000 ) ) ;
#493 = ORIENTED_EDGE ( 'NONE', *, *, #1047, .T. ) ;
#494 = DIRECTION ( 'NONE',  ( -0.000000000000000000, -0.000000000000000000, -1.000000000000000000 ) ) ;
#495 = AXIS2_PLACEMENT_3D ( 'NONE', #484, #307, #1701 ) ;
#496 = ORIENTED_EDGE ( 'NONE', *, *, #2273, .F. ) ;
#497 = CC_DESIGN_DATE_AND_TIME_ASSIGNMENT ( #1669, #41, ( #2298 ) ) ;
#498 = DIRECTION ( 'NONE',  ( 0.000000000000000000, -1.000000000000000000, 0.000000000000000000 ) ) ;
#499 = CARTESIAN_POINT ( 'NONE',  ( -73.00974078721827709, -11.05974398380262969, 12.10368025391363567 ) ) ;
#500 = VECTOR ( 'NONE', #773, 1000.000000000000000 ) ;
#501 = CIRCLE ( 'NONE', #1797, 3.000000000000016431 ) ;
#502 = CARTESIAN_POINT ( 'NONE',  ( 84.32175456389452961, 12.48158576176978407, -7.500000000000000000 ) ) ;
#503 = CARTESIAN_POINT ( 'NONE',  ( -100.8639264106565037, 2.159526526606099672, 12.36993840020067026 ) ) ;
#504 = CARTESIAN_POINT ( 'NONE',  ( -85.30625172931598854, 18.35970584165824704, 12.50000000000000000 ) ) ;
#505 = VERTEX_POINT ( 'NONE', #2291 ) ;
#506 = CYLINDRICAL_SURFACE ( 'NONE', #1943, 2.999999999999988898 ) ;
#507 = EDGE_LOOP ( 'NONE', ( #92, #721, #1951, #1411 ) ) ;
#508 = ORIENTED_EDGE ( 'NONE', *, *, #1363, .T. ) ;
#509 = DIRECTION ( 'NONE',  ( 1.000000000000000000, 0.000000000000000000, 0.000000000000000000 ) ) ;
#510 = CIRCLE ( 'NONE', #704, 5.000000000000004441 ) ;
#511 = LINE ( 'NONE', #1228, #1432 ) ;
#512 = AXIS2_PLACEMENT_3D ( 'NONE', #419, #1281, #1136 ) ;
#513 = EDGE_CURVE ( 'NONE', #299, #567, #511, .T. ) ;
#514 = ORIENTED_EDGE ( 'NONE', *, *, #809, .T. ) ;
#515 = AXIS2_PLACEMENT_3D ( 'NONE', #2220, #738, #2035 ) ;
#516 = CARTESIAN_POINT ( 'NONE',  ( -85.00000000000000000, 0.000000000000000000, 4.999999999999997335 ) ) ;
#517 = ORIENTED_EDGE ( 'NONE', *, *, #836, .F. ) ;
#518 = DIRECTION ( 'NONE',  ( -0.9659258262890687563, -0.2588190451025195737, 0.000000000000000000 ) ) ;
#519 = VECTOR ( 'NONE', #845, 1000.000000000000000 ) ;
#520 = ORIENTED_EDGE ( 'NONE', *, *, #987, .F. ) ;
#521 = VERTEX_POINT ( 'NONE', #1203 ) ;
#522 = CARTESIAN_POINT ( 'NONE',  ( -70.77636455193805887, 7.985765311952969014, 12.10368025391361968 ) ) ;
#523 = DIRECTION ( 'NONE',  ( 0.000000000000000000, 0.000000000000000000, 1.000000000000000000 ) ) ;
#524 = DIRECTION ( 'NONE',  ( -0.2588190451025138561, 0.9659258262890701996, 0.000000000000000000 ) ) ;
#525 = ADVANCED_FACE ( 'NONE', ( #301 ), #2369, .T. ) ;
#526 = PLANE ( 'NONE',  #1330 ) ;
#527 = ADVANCED_FACE ( 'NONE', ( #1752 ), #857, .T. ) ;
#528 = ORIENTED_EDGE ( 'NONE', *, *, #1079, .T. ) ;
#529 = CYLINDRICAL_SURFACE ( 'NONE', #534, 0.9999999999999986677 ) ;
#530 = CARTESIAN_POINT ( 'NONE',  ( -75.04995088630195710, -12.99596265175510723, 7.500000000000000888 ) ) ;
#531 = ORIENTED_EDGE ( 'NONE', *, *, #1060, .T. ) ;
#532 = VERTEX_POINT ( 'NONE', #1059 ) ;
#533 = CARTESIAN_POINT ( 'NONE',  ( -100.6885940138923843, 4.665462514913884640, 7.500000000000000888 ) ) ;
#534 = AXIS2_PLACEMENT_3D ( 'NONE', #332, #1796, #1961 ) ;
#535 = CARTESIAN_POINT ( 'NONE',  ( 85.00000000000000000, 3.122849337825751327E-14, 7.500000000000000000 ) ) ;
#536 = CIRCLE ( 'NONE', #1105, 20.00000000000000355 ) ;
#537 = DIRECTION ( 'NONE',  ( 1.000000000000000000, 0.000000000000000000, 0.000000000000000000 ) ) ;
#538 = DIRECTION ( 'NONE',  ( 1.000000000000000000, 0.000000000000000000, 0.000000000000000000 ) ) ;
#539 = ORIENTED_EDGE ( 'NONE', *, *, #2215, .T. ) ;
#540 = DIRECTION ( 'NONE',  ( 1.000000000000000000, 0.000000000000000000, 0.000000000000000000 ) ) ;
#541 = ORIENTED_EDGE ( 'NONE', *, *, #1202, .T. ) ;
#542 = EDGE_CURVE ( 'NONE', #2257, #159, #645, .T. ) ;
#543 = EDGE_LOOP ( 'NONE', ( #1987, #2011, #1489, #377 ) ) ;
#544 = DIRECTION ( 'NONE',  ( -0.000000000000000000, 0.000000000000000000, 1.000000000000000000 ) ) ;
#545 = DIRECTION ( 'NONE',  ( 1.000000000000000000, 0.000000000000000000, 0.000000000000000000 ) ) ;
#546 = DIRECTION ( 'NONE',  ( 1.000000000000000000, 0.000000000000000000, -0.000000000000000000 ) ) ;
#547 = DIRECTION ( 'NONE',  ( -0.000000000000000000, -0.000000000000000000, -1.000000000000000000 ) ) ;
#548 = CARTESIAN_POINT ( 'NONE',  ( -69.56537076352196891, 5.447085729384806285, 11.50000000000000000 ) ) ;
#549 = CIRCLE ( 'NONE', #1470, 3.000000000000002665 ) ;
#550 = DIRECTION ( 'NONE',  ( 1.000000000000000000, 0.000000000000000000, 0.000000000000000000 ) ) ;
#551 = ORIENTED_EDGE ( 'NONE', *, *, #223, .T. ) ;
#552 = CARTESIAN_POINT ( 'NONE',  ( -84.04128292067126438, 18.29341163553488414, 11.50000000000000000 ) ) ;
#553 = AXIS2_PLACEMENT_3D ( 'NONE', #548, #1993, #758 ) ;
#554 = ORIENTED_EDGE ( 'NONE', *, *, #2082, .F. ) ;
#555 = AXIS2_PLACEMENT_3D ( 'NONE', #1543, #269, #1521 ) ;
#556 = CARTESIAN_POINT ( 'NONE',  ( -82.74653979238753720, 19.87264242854249119, 7.500000000000000000 ) ) ;
#557 = EDGE_CURVE ( 'NONE', #231, #1391, #1104, .T. ) ;
#558 = CARTESIAN_POINT ( 'NONE',  ( -102.3640709741918187, 2.176933440238289386, 7.500000000000000888 ) ) ;
#559 = DIRECTION ( 'NONE',  ( 1.000000000000000000, 0.000000000000000000, 0.000000000000000000 ) ) ;
#560 = CIRCLE ( 'NONE', #2085, 3.000000000000002665 ) ;
#561 = DIRECTION ( 'NONE',  ( 1.000000000000000000, 1.156482317317865020E-15, 0.000000000000000000 ) ) ;
#562 = EDGE_CURVE ( 'NONE', #1422, #1502, #1089, .T. ) ;
#563 = CARTESIAN_POINT ( 'NONE',  ( -96.17312186763123805, -15.81047024906478349, 11.50000000000000000 ) ) ;
#564 = VERTEX_POINT ( 'NONE', #2203 ) ;
#565 = DIRECTION ( 'NONE',  ( -0.8386705679454287132, -0.5446390350150198678, -0.000000000000000000 ) ) ;
#566 = DIRECTION ( 'NONE',  ( -0.000000000000000000, -0.000000000000000000, -1.000000000000000000 ) ) ;
#567 = VERTEX_POINT ( 'NONE', #382 ) ;
#568 = CARTESIAN_POINT ( 'NONE',  ( -73.04995088630195710, -12.99596265175510723, 11.50000000000000000 ) ) ;
#569 = CARTESIAN_POINT ( 'NONE',  ( -85.00000000000000000, 0.000000000000000000, 11.50000000000000000 ) ) ;
#570 = EDGE_CURVE ( 'NONE', #947, #1976, #1284, .T. ) ;
#571 = EDGE_CURVE ( 'NONE', #2364, #1479, #596, .T. ) ;
#572 = LINE ( 'NONE', #1242, #595 ) ;
#573 = AXIS2_PLACEMENT_3D ( 'NONE', #193, #912, #1869 ) ;
#574 = AXIS2_PLACEMENT_3D ( 'NONE', #1417, #1805, #2320 ) ;
#575 = CARTESIAN_POINT ( 'NONE',  ( -75.04995088630195710, -12.99596265175510723, 11.50000000000000000 ) ) ;
#576 = ORIENTED_EDGE ( 'NONE', *, *, #2065, .F. ) ;
#577 = CIRCLE ( 'NONE', #1368, 2.000000000000001776 ) ;
#578 = CARTESIAN_POINT ( 'NONE',  ( -81.27008950380860597, 15.04452617035184225, 12.50000000000000000 ) ) ;
#579 = ORIENTED_EDGE ( 'NONE', *, *, #628, .T. ) ;
#580 = DIRECTION ( 'NONE',  ( 1.000000000000000000, 0.000000000000000000, 0.000000000000000000 ) ) ;
#581 = DATE_AND_TIME ( #432, #690 ) ;
#582 = CARTESIAN_POINT ( 'NONE',  ( -105.0000000000000142, 0.000000000000000000, 7.500000000000000000 ) ) ;
#583 = EDGE_CURVE ( 'NONE', #1076, #1056, #32, .T. ) ;
#584 = DIRECTION ( 'NONE',  ( 0.000000000000000000, 0.000000000000000000, 1.000000000000000000 ) ) ;
#585 = ADVANCED_FACE ( 'NONE', ( #730 ), #1518, .T. ) ;
#586 = LINE ( 'NONE', #1661, #279 ) ;
#587 = EDGE_CURVE ( 'NONE', #1062, #792, #1820, .T. ) ;
#588 = AXIS2_PLACEMENT_3D ( 'NONE', #1711, #996, #85 ) ;
#589 = EDGE_LOOP ( 'NONE', ( #2048, #1909, #2275, #2161 ) ) ;
#590 = CARTESIAN_POINT ( 'NONE',  ( -82.88098602451239572, 16.22985835990235870, 7.500000000000000888 ) ) ;
#591 = AXIS2_PLACEMENT_3D ( 'NONE', #2201, #1863, #232 ) ;
#592 = DIRECTION ( 'NONE',  ( 1.000000000000000000, 0.000000000000000000, 0.000000000000000000 ) ) ;
#593 = ORIENTED_EDGE ( 'NONE', *, *, #1057, .F. ) ;
#594 = CARTESIAN_POINT ( 'NONE',  ( -85.00000000000000000, 0.000000000000000000, 7.500000000000000000 ) ) ;
#595 = VECTOR ( 'NONE', #1117, 1000.000000000000000 ) ;
#596 = CIRCLE ( 'NONE', #1932, 2.000000000000001776 ) ;
#597 = LINE ( 'NONE', #1150, #754 ) ;
#598 = CARTESIAN_POINT ( 'NONE',  ( -68.90967611852357777, 2.999999999999999556, 11.50000000000000000 ) ) ;
#599 = ORIENTED_EDGE ( 'NONE', *, *, #2289, .T. ) ;
#600 = VERTEX_POINT ( 'NONE', #1658 ) ;
#601 = ADVANCED_FACE ( 'NONE', ( #894 ), #1295, .T. ) ;
#602 = CARTESIAN_POINT ( 'NONE',  ( -12.72058823529426341, 423.8816894310817247, -5.000000000000330402 ) ) ;
#603 = VERTEX_POINT ( 'NONE', #705 ) ;
#604 = CYLINDRICAL_SURFACE ( 'NONE', #893, 3.000000000000002665 ) ;
#605 = DIRECTION ( 'NONE',  ( 1.000000000000000000, 0.000000000000000000, 0.000000000000000000 ) ) ;
#606 =( NAMED_UNIT ( * ) SI_UNIT ( $, .STERADIAN. ) SOLID_ANGLE_UNIT ( ) );
#607 = CARTESIAN_POINT ( 'NONE',  ( -85.00000000000000000, 0.000000000000000000, 11.50000000000000000 ) ) ;
#608 = CARTESIAN_POINT ( 'NONE',  ( -75.04995088630195710, -12.99596265175510723, 7.500000000000000888 ) ) ;
#609 = CIRCLE ( 'NONE', #1404, 20.00000000000000355 ) ;
#610 = ORIENTED_EDGE ( 'NONE', *, *, #215, .T. ) ;
#611 = ORIENTED_EDGE ( 'NONE', *, *, #2165, .F. ) ;
#612 =( GEOMETRIC_REPRESENTATION_CONTEXT ( 3 ) GLOBAL_UNCERTAINTY_ASSIGNED_CONTEXT ( ( #1168 ) ) GLOBAL_UNIT_ASSIGNED_CONTEXT ( ( #396, #960, #606 ) ) REPRESENTATION_CONTEXT ( 'NONE', 'WORKASPACE' ) );
#613 = DIRECTION ( 'NONE',  ( -0.000000000000000000, -0.000000000000000000, -1.000000000000000000 ) ) ;
#614 = VECTOR ( 'NONE', #1847, 1000.000000000000000 ) ;
#615 = EDGE_LOOP ( 'NONE', ( #1042, #107, #1121, #2117 ) ) ;
#616 = CIRCLE ( 'NONE', #994, 16.50000000000000000 ) ;
#617 = FACE_OUTER_BOUND ( 'NONE', #55, .T. ) ;
#618 = EDGE_CURVE ( 'NONE', #2290, #1391, #362, .T. ) ;
#619 = CIRCLE ( 'NONE', #1952, 1.000000000000000000 ) ;
#620 = DIRECTION ( 'NONE',  ( 1.000000000000000000, -3.469446951953611033E-15, 0.000000000000000000 ) ) ;
#621 = CARTESIAN_POINT ( 'NONE',  ( -91.85550479632084375, -14.69462409272971115, 12.21125264017294931 ) ) ;
#622 = ORIENTED_EDGE ( 'NONE', *, *, #2289, .F. ) ;
#623 = DIRECTION ( 'NONE',  ( 0.000000000000000000, 0.000000000000000000, 1.000000000000000000 ) ) ;
#624 = CIRCLE ( 'NONE', #2153, 16.50000000000000000 ) ;
#625 = ORIENTED_EDGE ( 'NONE', *, *, #2016, .T. ) ;
#626 = AXIS2_PLACEMENT_3D ( 'NONE', #1977, #347, #1965 ) ;
#627 = DIRECTION ( 'NONE',  ( -0.000000000000000000, -0.000000000000000000, -1.000000000000000000 ) ) ;
#628 = EDGE_CURVE ( 'NONE', #874, #1709, #1552, .T. ) ;
#629 = ORIENTED_EDGE ( 'NONE', *, *, #1353, .T. ) ;
#630 = EDGE_CURVE ( 'NONE', #166, #1899, #863, .T. ) ;
#631 = VECTOR ( 'NONE', #1450, 1000.000000000000000 ) ;
#632 = CARTESIAN_POINT ( 'NONE',  ( -99.78070122198900549, 7.030604099015818953, 11.50000000000000000 ) ) ;
#633 = AXIS2_PLACEMENT_3D ( 'NONE', #1106, #2017, #385 ) ;
#634 = CIRCLE ( 'NONE', #1967, 1.000000000000001554 ) ;
#635 = DIRECTION ( 'NONE',  ( -0.000000000000000000, 0.000000000000000000, 1.000000000000000000 ) ) ;
#636 = VERTEX_POINT ( 'NONE', #1978 ) ;
#637 = EDGE_CURVE ( 'NONE', #2307, #1288, #2368, .T. ) ;
#638 = CIRCLE ( 'NONE', #1160, 17.50000000000023803 ) ;
#639 = CARTESIAN_POINT ( 'NONE',  ( -98.08063636888101655, -9.745833853231625099, 12.10367703706567788 ) ) ;
#640 = EDGE_LOOP ( 'NONE', ( #452, #1879, #713, #869 ) ) ;
#641 = DIRECTION ( 'NONE',  ( -0.000000000000000000, -0.000000000000000000, 1.000000000000000000 ) ) ;
#642 = CARTESIAN_POINT ( 'NONE',  ( -75.04995088630195710, -12.99596265175510723, 7.500000000000000888 ) ) ;
#643 = CYLINDRICAL_SURFACE ( 'NONE', #1082, 5.000000000000004441 ) ;
#644 = ADVANCED_FACE ( 'NONE', ( #348 ), #1351, .T. ) ;
#645 = LINE ( 'NONE', #186, #2047 ) ;
#646 = DIRECTION ( 'NONE',  ( 0.000000000000000000, 0.000000000000000000, -1.000000000000000000 ) ) ;
#647 = FACE_OUTER_BOUND ( 'NONE', #229, .T. ) ;
#648 = EDGE_CURVE ( 'NONE', #990, #38, #638, .T. ) ;
#649 = ORIENTED_EDGE ( 'NONE', *, *, #2272, .T. ) ;
#650 = CARTESIAN_POINT ( 'NONE',  ( -98.27432454564973341, -9.725973971402721574, 11.83148599391332212 ) ) ;
#651 = VERTEX_POINT ( 'NONE', #1457 ) ;
#652 = DIRECTION ( 'NONE',  ( -0.000000000000000000, 0.000000000000000000, 1.000000000000000000 ) ) ;
#653 = FACE_OUTER_BOUND ( 'NONE', #688, .T. ) ;
#654 = CIRCLE ( 'NONE', #731, 15.00000000000000000 ) ;
#655 = ORIENTED_EDGE ( 'NONE', *, *, #1926, .F. ) ;
#656 = AXIS2_PLACEMENT_3D ( 'NONE', #791, #989, #1012 ) ;
#657 = DIRECTION ( 'NONE',  ( 0.000000000000000000, 0.000000000000000000, 1.000000000000000000 ) ) ;
#658 = DIRECTION ( 'NONE',  ( 0.000000000000000000, 0.000000000000000000, 1.000000000000000000 ) ) ;
#659 = FACE_OUTER_BOUND ( 'NONE', #345, .T. ) ;
#660 = EDGE_CURVE ( 'NONE', #1976, #2350, #1968, .T. ) ;
#661 = ORIENTED_EDGE ( 'NONE', *, *, #1245, .T. ) ;
#662 = ADVANCED_FACE ( 'NONE', ( #1094 ), #2286, .T. ) ;
#663 = DIRECTION ( 'NONE',  ( -0.8386705679454309337, -0.5446390350150165371, -9.447981199739025411E-16 ) ) ;
#664 = EDGE_LOOP ( 'NONE', ( #274, #1221, #1800, #1867 ) ) ;
#665 = CARTESIAN_POINT ( 'NONE',  ( -80.26201403477283236, 15.50745979512461581, 12.21125592503878821 ) ) ;
#666 = CONICAL_SURFACE ( 'NONE', #327, 1002.499999999999773, 0.7853981633974594923 ) ;
#667 = ORIENTED_EDGE ( 'NONE', *, *, #2015, .F. ) ;
#668 = CARTESIAN_POINT ( 'NONE',  ( 90.00000000000001421, 3.122849337825751327E-14, -2.500000000000000444 ) ) ;
#669 = DIRECTION ( 'NONE',  ( 1.000000000000000000, 0.000000000000000000, 0.000000000000000000 ) ) ;
#670 = CARTESIAN_POINT ( 'NONE',  ( -73.96067281627192358, -14.67330378764597754, 12.50000000000000000 ) ) ;
#671 = VERTEX_POINT ( 'NONE', #198 ) ;
#672 = DIRECTION ( 'NONE',  ( 0.000000000000000000, 0.000000000000000000, 1.000000000000000000 ) ) ;
#673 = VECTOR ( 'NONE', #1728, 1000.000000000000114 ) ;
#674 = ADVANCED_FACE ( 'NONE', ( #1306 ), #224, .T. ) ;
#675 = ORIENTED_EDGE ( 'NONE', *, *, #2355, .T. ) ;
#676 = EDGE_CURVE ( 'NONE', #2232, #1697, #335, .T. ) ;
#677 = DIRECTION ( 'NONE',  ( 1.000000000000000000, 0.000000000000000000, 0.000000000000000000 ) ) ;
#678 = EDGE_LOOP ( 'NONE', ( #675, #1556, #864, #16 ) ) ;
#679 = DIRECTION ( 'NONE',  ( 1.000000000000000000, 0.000000000000000000, 0.000000000000000000 ) ) ;
#680 = DIRECTION ( 'NONE',  ( 1.000000000000000000, 0.000000000000000000, 0.000000000000000000 ) ) ;
#681 = CARTESIAN_POINT ( 'NONE',  ( 97.50000000000024158, 3.122849337825751327E-14, -7.500000000000000000 ) ) ;
#682 = DIRECTION ( 'NONE',  ( 0.000000000000000000, 0.000000000000000000, 1.000000000000000000 ) ) ;
#683 = CARTESIAN_POINT ( 'NONE',  ( -101.3588892603134326, 1.785778262955250328, 11.83148599391331324 ) ) ;
#684 = ORIENTED_EDGE ( 'NONE', *, *, #1248, .F. ) ;
#685 = CIRCLE ( 'NONE', #1712, 2.999999999999988898 ) ;
#686 = CARTESIAN_POINT ( 'NONE',  ( -85.00000000000000000, 0.000000000000000000, 4.999999999999997335 ) ) ;
#687 = TOROIDAL_SURFACE ( 'NONE', #573, 15.50000000000000711, 1.000000000000000000 ) ;
#688 = EDGE_LOOP ( 'NONE', ( #1065, #141, #1782, #1098, #435 ) ) ;
#689 = VERTEX_POINT ( 'NONE', #1852 ) ;
#690 = LOCAL_TIME ( 12, 4, 36.00000000000000000, #1504 ) ;
#691 = CARTESIAN_POINT ( 'NONE',  ( -85.00000000000000000, 0.000000000000000000, 7.500000000000000000 ) ) ;
#692 = EDGE_CURVE ( 'NONE', #925, #1726, #2227, .T. ) ;
#693 = DIRECTION ( 'NONE',  ( 0.000000000000000000, -0.000000000000000000, -1.000000000000000000 ) ) ;
#694 = TOROIDAL_SURFACE ( 'NONE', #1366, 2.000000000000000888, 1.000000000000000000 ) ;
#695 = AXIS2_PLACEMENT_3D ( 'NONE', #598, #1919, #1151 ) ;
#696 = CARTESIAN_POINT ( 'NONE',  ( -100.3760744920905665, 2.592079658080820082, 12.49999999999999822 ) ) ;
#697 = DIRECTION ( 'NONE',  ( -0.000000000000000000, -0.000000000000000000, -1.000000000000000000 ) ) ;
#698 = ORIENTED_EDGE ( 'NONE', *, *, #123, .F. ) ;
#699 = DIRECTION ( 'NONE',  ( 0.000000000000000000, 0.000000000000000000, -1.000000000000000000 ) ) ;
#700 = CARTESIAN_POINT ( 'NONE',  ( -60.64582562299417390, -16.25000000000006395, 7.500000000000000888 ) ) ;
#701 = ORIENTED_EDGE ( 'NONE', *, *, #648, .F. ) ;
#702 = ORIENTED_EDGE ( 'NONE', *, *, #1445, .T. ) ;
#703 = CARTESIAN_POINT ( 'NONE',  ( 100.0000000000000000, 3.122849337825751327E-14, -5.000000000000330402 ) ) ;
#704 = AXIS2_PLACEMENT_3D ( 'NONE', #156, #1454, #324 ) ;
#705 = CARTESIAN_POINT ( 'NONE',  ( -79.88098602451240993, 16.22985835990235870, 11.50000000000000000 ) ) ;
#706 = ADVANCED_FACE ( 'NONE', ( #1196 ), #102, .T. ) ;
#707 = VECTOR ( 'NONE', #2074, 1000.000000000000000 ) ;
#708 = ORIENTED_EDGE ( 'NONE', *, *, #1095, .T. ) ;
#709 = DIRECTION ( 'NONE',  ( 0.000000000000000000, 0.000000000000000000, 1.000000000000000000 ) ) ;
#710 = AXIS2_PLACEMENT_3D ( 'NONE', #885, #491, #134 ) ;
#711 = ORIENTED_EDGE ( 'NONE', *, *, #375, .T. ) ;
#712 = DIRECTION ( 'NONE',  ( -0.2588190451025202954, 0.9659258262890684232, 0.000000000000000000 ) ) ;
#713 = ORIENTED_EDGE ( 'NONE', *, *, #1324, .F. ) ;
#714 = ORIENTED_EDGE ( 'NONE', *, *, #1299, .F. ) ;
#715 = CARTESIAN_POINT ( 'NONE',  ( -79.92795239962761400, 15.70109337401561334, 10.00000000000000000 ) ) ;
#716 = CARTESIAN_POINT ( 'NONE',  ( -69.56537076352196891, 5.447085729384806285, 7.500000000000000888 ) ) ;
#717 = EDGE_CURVE ( 'NONE', #1892, #2253, #144, .T. ) ;
#718 = FACE_OUTER_BOUND ( 'NONE', #903, .T. ) ;
#719 = DIRECTION ( 'NONE',  ( 0.000000000000000000, -0.000000000000000000, -1.000000000000000000 ) ) ;
#720 = EDGE_CURVE ( 'NONE', #1044, #505, #757, .T. ) ;
#721 = ORIENTED_EDGE ( 'NONE', *, *, #1767, .F. ) ;
#722 = CARTESIAN_POINT ( 'NONE',  ( -79.77330014237766420, -15.45205274091500947, 12.10367703706569564 ) ) ;
#723 = CARTESIAN_POINT ( 'NONE',  ( -68.50002392889005876, 0.02810076154515775068, 10.00000000000000000 ) ) ;
#724 = ORIENTED_EDGE ( 'NONE', *, *, #1753, .T. ) ;
#725 = ORIENTED_EDGE ( 'NONE', *, *, #52, .F. ) ;
#726 = DIRECTION ( 'NONE',  ( 0.000000000000000000, 0.000000000000000000, -1.000000000000000000 ) ) ;
#727 = CARTESIAN_POINT ( 'NONE',  ( -98.14195088138329481, -14.21614394963727968, 7.500000000000000888 ) ) ;
#728 = CIRCLE ( 'NONE', #1637, 1.000000000000002665 ) ;
#729 = DIRECTION ( 'NONE',  ( 0.000000000000000000, 0.000000000000000000, 1.000000000000000000 ) ) ;
#730 = FACE_OUTER_BOUND ( 'NONE', #2086, .T. ) ;
#731 = AXIS2_PLACEMENT_3D ( 'NONE', #273, #2268, #1900 ) ;
#732 = CARTESIAN_POINT ( 'NONE',  ( -82.88098602451239572, 16.22985835990235870, 7.500000000000000888 ) ) ;
#733 = AXIS2_PLACEMENT_3D ( 'NONE', #281, #422, #1331 ) ;
#734 = DIRECTION ( 'NONE',  ( -0.000000000000000000, 0.000000000000000000, 1.000000000000000000 ) ) ;
#735 = AXIS2_PLACEMENT_3D ( 'NONE', #905, #315, #184 ) ;
#736 = ORIENTED_EDGE ( 'NONE', *, *, #27, .F. ) ;
#737 = EDGE_CURVE ( 'NONE', #1699, #925, #1272, .T. ) ;
#738 = DIRECTION ( 'NONE',  ( 0.000000000000000000, 0.000000000000000000, 1.000000000000000000 ) ) ;
#739 = CARTESIAN_POINT ( 'NONE',  ( 87.80806288032461282, -12.18050831698529990, -7.500000000000000000 ) ) ;
#740 = ORIENTED_EDGE ( 'NONE', *, *, #2016, .F. ) ;
#741 = ORIENTED_EDGE ( 'NONE', *, *, #1107, .T. ) ;
#742 = FACE_OUTER_BOUND ( 'NONE', #344, .T. ) ;
#743 = CARTESIAN_POINT ( 'NONE',  ( 88.36967545638945865, -14.61660998038209947, 7.500000000000000000 ) ) ;
#744 = CIRCLE ( 'NONE', #2114, 1002.500000000000000 ) ;
#745 = DIRECTION ( 'NONE',  ( -0.000000000000000000, -0.000000000000000000, 1.000000000000000000 ) ) ;
#746 = AXIS2_PLACEMENT_3D ( 'NONE', #2136, #1425, #1788 ) ;
#747 = CYLINDRICAL_SURFACE ( 'NONE', #1876, 5.000000000000004441 ) ;
#748 = VERTEX_POINT ( 'NONE', #1182 ) ;
#749 = CARTESIAN_POINT ( 'NONE',  ( -85.00000000000000000, 0.000000000000000000, -5.000000000000330402 ) ) ;
#750 = PRODUCT_DEFINITION ( 'UNKNOWN', '', #805, #2314 ) ;
#751 = CIRCLE ( 'NONE', #710, 3.000000000000002665 ) ;
#752 = ORIENTED_EDGE ( 'NONE', *, *, #284, .F. ) ;
#753 = ADVANCED_FACE ( 'NONE', ( #659 ), #2318, .T. ) ;
#754 = VECTOR ( 'NONE', #453, 1000.000000000000114 ) ;
#755 = CARTESIAN_POINT ( 'NONE',  ( -85.00000000000000000, 0.000000000000000000, 7.500000000000000000 ) ) ;
#756 = CARTESIAN_POINT ( 'NONE',  ( -96.25398970823380296, -11.88470606526634299, 12.50000000000000000 ) ) ;
#757 = CIRCLE ( 'NONE', #1185, 5.000000000000004441 ) ;
#758 = DIRECTION ( 'NONE',  ( 1.000000000000000000, 0.000000000000000000, 0.000000000000000000 ) ) ;
#759 = CARTESIAN_POINT ( 'NONE',  ( -82.72397815578361246, 19.22574696416608475, 11.50000000000000000 ) ) ;
#760 = VERTEX_POINT ( 'NONE', #849 ) ;
#761 = DIRECTION ( 'NONE',  ( 1.000000000000000000, 0.000000000000000000, 0.000000000000000000 ) ) ;
#762 = ORIENTED_EDGE ( 'NONE', *, *, #884, .T. ) ;
#763 = CARTESIAN_POINT ( 'NONE',  ( -99.78070122198900549, 7.030604099015818953, 7.500000000000000888 ) ) ;
#764 = PERSON_AND_ORGANIZATION_ROLE ( 'design_owner' ) ;
#765 = DIRECTION ( 'NONE',  ( 0.000000000000000000, 0.000000000000000000, 1.000000000000000000 ) ) ;
#766 = EDGE_CURVE ( 'NONE', #521, #38, #185, .T. ) ;
#767 = CIRCLE ( 'NONE', #457, 5.000000000000004441 ) ;
#768 = CARTESIAN_POINT ( 'NONE',  ( -88.40305123091302164, 16.14525448296748067, 7.500000000000000888 ) ) ;
#769 = AXIS2_PLACEMENT_3D ( 'NONE', #552, #946, #404 ) ;
#770 = CARTESIAN_POINT ( 'NONE',  ( -82.88098602451239572, 16.22985835990235870, 12.50000000000000000 ) ) ;
#771 = VERTEX_POINT ( 'NONE', #1765 ) ;
#772 = AXIS2_PLACEMENT_3D ( 'NONE', #608, #635, #2069 ) ;
#773 = DIRECTION ( 'NONE',  ( 0.000000000000000000, 0.000000000000000000, 1.000000000000000000 ) ) ;
#774 = ORIENTED_EDGE ( 'NONE', *, *, #1138, .F. ) ;
#775 = CARTESIAN_POINT ( 'NONE',  ( -87.28596392670546322, 15.42437162536263173, 12.50000000000000000 ) ) ;
#776 = APPROVAL_ROLE ( '' ) ;
#777 = EDGE_CURVE ( 'NONE', #2350, #1799, #624, .T. ) ;
#778 = CARTESIAN_POINT ( 'NONE',  ( -88.29540628867820828, 17.18692227807347450, 7.500000000000000888 ) ) ;
#779 = DIRECTION ( 'NONE',  ( 1.000000000000000000, 0.000000000000000000, 0.000000000000000000 ) ) ;
#780 = ORIENTED_EDGE ( 'NONE', *, *, #587, .F. ) ;
#781 = VECTOR ( 'NONE', #984, 1000.000000000000000 ) ;
#782 = ORIENTED_EDGE ( 'NONE', *, *, #1621, .F. ) ;
#783 = AXIS2_PLACEMENT_3D ( 'NONE', #959, #1689, #580 ) ;
#784 = CARTESIAN_POINT ( 'NONE',  ( -75.04995088630195710, -12.99596265175510723, 12.50000000000000000 ) ) ;
#785 = ORIENTED_EDGE ( 'NONE', *, *, #1767, .T. ) ;
#786 = CARTESIAN_POINT ( 'NONE',  ( -96.25398970823380296, -11.88470606526634299, 11.50000000000000000 ) ) ;
#787 = SECURITY_CLASSIFICATION_LEVEL ( 'unclassified' ) ;
#788 = VECTOR ( 'NONE', #1633, 1000.000000000000000 ) ;
#789 = AXIS2_PLACEMENT_3D ( 'NONE', #716, #907, #928 ) ;
#790 = CYLINDRICAL_SURFACE ( 'NONE', #555, 5.000000000000004441 ) ;
#791 = CARTESIAN_POINT ( 'NONE',  ( -12.72058823529426341, 423.8816894310817247, 7.500000000000000000 ) ) ;
#792 = VERTEX_POINT ( 'NONE', #906 ) ;
#793 = ORIENTED_EDGE ( 'NONE', *, *, #91, .F. ) ;
#794 = EDGE_CURVE ( 'NONE', #1238, #2350, #178, .T. ) ;
#795 = CARTESIAN_POINT ( 'NONE',  ( -101.6478620749834221, 7.747339998106373748, 12.50000000000000000 ) ) ;
#796 = ORIENTED_EDGE ( 'NONE', *, *, #2367, .T. ) ;
#797 = CARTESIAN_POINT ( 'NONE',  ( 80.00000000000000000, 3.184081677783118901E-14, 7.500000000000000000 ) ) ;
#798 = CARTESIAN_POINT ( 'NONE',  ( -77.17464692674111859, -14.37575639365296354, 11.50000000000000000 ) ) ;
#799 = PERSON_AND_ORGANIZATION_ROLE ( 'creator' ) ;
#800 = FACE_OUTER_BOUND ( 'NONE', #1142, .T. ) ;
#801 = CYLINDRICAL_SURFACE ( 'NONE', #656, 450.0000000000000568 ) ;
#802 = AXIS2_PLACEMENT_3D ( 'NONE', #2347, #699, #677 ) ;
#803 = VERTEX_POINT ( 'NONE', #670 ) ;
#804 = ORIENTED_EDGE ( 'NONE', *, *, #1657, .T. ) ;
#805 = PRODUCT_DEFINITION_FORMATION_WITH_SPECIFIED_SOURCE ( 'ANY', '', #2037, .NOT_KNOWN. ) ;
#806 = ADVANCED_FACE ( 'NONE', ( #647 ), #1419, .T. ) ;
#807 = CARTESIAN_POINT ( 'NONE',  ( -68.50000000000000000, 0.000000000000000000, 11.50000000000000000 ) ) ;
#808 = AXIS2_PLACEMENT_3D ( 'NONE', #1025, #2168, #1791 ) ;
#809 = EDGE_CURVE ( 'NONE', #967, #459, #1039, .T. ) ;
#810 = VERTEX_POINT ( 'NONE', #1390 ) ;
#811 = AXIS2_PLACEMENT_3D ( 'NONE', #11, #1647, #212 ) ;
#812 = DIRECTION ( 'NONE',  ( 1.000000000000000000, 0.000000000000000000, 0.000000000000000000 ) ) ;
#813 = PLANE ( 'NONE',  #588 ) ;
#814 = SHAPE_DEFINITION_REPRESENTATION ( #2214, #1467 ) ;
#815 = ADVANCED_FACE ( 'NONE', ( #490 ), #213, .T. ) ;
#816 = DIRECTION ( 'NONE',  ( 0.000000000000000000, 0.000000000000000000, -1.000000000000000000 ) ) ;
#817 = CARTESIAN_POINT ( 'NONE',  ( -68.90967611852357777, 2.999999999999999556, 12.50000000000000000 ) ) ;
#818 = CARTESIAN_POINT ( 'NONE',  ( -97.18171793331487152, -9.893808677205480961, 12.48730321279972166 ) ) ;
#819 = AXIS2_PLACEMENT_3D ( 'NONE', #316, #1034, #1401 ) ;
#820 = ORIENTED_EDGE ( 'NONE', *, *, #1138, .T. ) ;
#821 = VECTOR ( 'NONE', #1103, 1000.000000000000000 ) ;
#822 = LINE ( 'NONE', #461, #1118 ) ;
#823 = EDGE_CURVE ( 'NONE', #2091, #2070, #1563, .T. ) ;
#824 = CIRCLE ( 'NONE', #515, 2.000000000000001776 ) ;
#825 = CC_DESIGN_PERSON_AND_ORGANIZATION_ASSIGNMENT ( #1839, #764, ( #2037 ) ) ;
#826 = DIRECTION ( 'NONE',  ( 0.05233595624293324589, 0.9986295347545744994, -0.000000000000000000 ) ) ;
#827 = AXIS2_PLACEMENT_3D ( 'NONE', #1193, #2315, #1933 ) ;
#828 = CARTESIAN_POINT ( 'NONE',  ( -85.00000000000000000, 0.000000000000000000, -17.50000000000000000 ) ) ;
#829 = DIRECTION ( 'NONE',  ( 0.000000000000000000, 0.000000000000000000, 1.000000000000000000 ) ) ;
#830 = ORIENTED_EDGE ( 'NONE', *, *, #1525, .F. ) ;
#831 = CARTESIAN_POINT ( 'NONE',  ( -98.23419902657519742, 9.010190916918425330, 12.36994125422456214 ) ) ;
#832 = EDGE_LOOP ( 'NONE', ( #1639, #1224, #762, #1912, #528 ) ) ;
#833 = DIRECTION ( 'NONE',  ( 0.000000000000000000, 0.000000000000000000, -1.000000000000000000 ) ) ;
#834 = ADVANCED_FACE ( 'NONE', ( #361 ), #2105, .T. ) ;
#835 = DIRECTION ( 'NONE',  ( -0.9986295347545743883, 0.05233595624293323895, 0.000000000000000000 ) ) ;
#836 = EDGE_CURVE ( 'NONE', #1699, #810, #1004, .T. ) ;
#837 = DIRECTION ( 'NONE',  ( 1.000000000000000000, 0.000000000000000000, 0.000000000000000000 ) ) ;
#838 = CARTESIAN_POINT ( 'NONE',  ( -85.00000000000000000, 0.000000000000000000, 7.500000000000000000 ) ) ;
#839 = ORIENTED_EDGE ( 'NONE', *, *, #1009, .F. ) ;
#840 = ORIENTED_EDGE ( 'NONE', *, *, #1322, .F. ) ;
#841 = CARTESIAN_POINT ( 'NONE',  ( -80.66324749619703027, 15.29945599621942165, 12.42226674930539687 ) ) ;
#842 = CIRCLE ( 'NONE', #808, 16.50000000000000000 ) ;
#843 = VERTEX_POINT ( 'NONE', #1446 ) ;
#844 = AXIS2_PLACEMENT_3D ( 'NONE', #952, #719, #2231 ) ;
#845 = DIRECTION ( 'NONE',  ( 0.000000000000000000, 0.000000000000000000, 1.000000000000000000 ) ) ;
#846 = EDGE_CURVE ( 'NONE', #1822, #2350, #2348, .T. ) ;
#847 = CYLINDRICAL_SURFACE ( 'NONE', #17, 1000.000000000000000 ) ;
#848 = EDGE_CURVE ( 'NONE', #367, #207, #1985, .T. ) ;
#849 = CARTESIAN_POINT ( 'NONE',  ( -98.36527826152267551, 9.675708604131774138, 7.500000000000000888 ) ) ;
#850 = EDGE_LOOP ( 'NONE', ( #1888, #1226, #793, #129 ) ) ;
#851 = DIRECTION ( 'NONE',  ( 0.8386705679454287132, 0.5446390350150198678, 0.000000000000000000 ) ) ;
#852 = ORIENTED_EDGE ( 'NONE', *, *, #777, .T. ) ;
#853 = CARTESIAN_POINT ( 'NONE',  ( -97.51263049033346419, -13.43899798818030256, 12.50000000000000000 ) ) ;
#854 = APPROVAL_DATE_TIME ( #2300, #149 ) ;
#855 = CIRCLE ( 'NONE', #1922, 17.49999999999994671 ) ;
#856 = ORIENTED_EDGE ( 'NONE', *, *, #1060, .F. ) ;
#857 = PLANE ( 'NONE',  #1232 ) ;
#858 = CARTESIAN_POINT ( 'NONE',  ( -66.66759328465475676, 6.223542864692347187, 7.500000000000000888 ) ) ;
#859 = CARTESIAN_POINT ( 'NONE',  ( -68.78741112829645488, 0.2859761899352785686, 12.21125592503880064 ) ) ;
#860 = CARTESIAN_POINT ( 'NONE',  ( -101.4066501463505148, 1.752663965298881354, 11.66876012631442983 ) ) ;
#861 = CONICAL_SURFACE ( 'NONE', #1279, 15.00000000000000000, 0.7853981633974680410 ) ;
#862 = CARTESIAN_POINT ( 'NONE',  ( -82.74653979238753720, 19.87264242854249119, 4.999999999999997335 ) ) ;
#863 = CIRCLE ( 'NONE', #1893, 16.50000000000000000 ) ;
#864 = ORIENTED_EDGE ( 'NONE', *, *, #618, .F. ) ;
#865 = EDGE_CURVE ( 'NONE', #264, #748, #744, .T. ) ;
#866 = FACE_OUTER_BOUND ( 'NONE', #1268, .T. ) ;
#867 = CARTESIAN_POINT ( 'NONE',  ( -65.90967611852357777, 2.999999999999999556, 7.500000000000000888 ) ) ;
#868 = ORIENTED_EDGE ( 'NONE', *, *, #908, .F. ) ;
#869 = ORIENTED_EDGE ( 'NONE', *, *, #2033, .T. ) ;
#870 = CARTESIAN_POINT ( 'NONE',  ( 85.00000000000000000, 3.122849337825751327E-14, 4.999999999999997335 ) ) ;
#871 = CARTESIAN_POINT ( 'NONE',  ( -73.14305389377678068, -11.06086114813008336, 12.21125592503881307 ) ) ;
#872 = ORIENTED_EDGE ( 'NONE', *, *, #809, .F. ) ;
#873 = CARTESIAN_POINT ( 'NONE',  ( -85.00000000000000000, 0.000000000000000000, -5.000000000000330402 ) ) ;
#874 = VERTEX_POINT ( 'NONE', #876 ) ;
#875 = FACE_OUTER_BOUND ( 'NONE', #1527, .T. ) ;
#876 = CARTESIAN_POINT ( 'NONE',  ( -71.05972482015535263, 6.776335876431387462, 12.50000000000000000 ) ) ;
#877 = ADVANCED_FACE ( 'NONE', ( #355 ), #1772, .T. ) ;
#878 = ORIENTED_EDGE ( 'NONE', *, *, #1541, .F. ) ;
#879 = EDGE_LOOP ( 'NONE', ( #2243, #1396, #282, #840, #1143, #493, #1636 ) ) ;
#880 = AXIS2_PLACEMENT_3D ( 'NONE', #294, #613, #2296 ) ;
#881 = CARTESIAN_POINT ( 'NONE',  ( -71.00680703342962374, 7.104368155652403871, 12.48730452859747864 ) ) ;
#882 = DIRECTION ( 'NONE',  ( 1.000000000000000000, 0.000000000000000000, 0.000000000000000000 ) ) ;
#883 = CIRCLE ( 'NONE', #393, 1.999999999999988010 ) ;
#884 = EDGE_CURVE ( 'NONE', #1132, #159, #172, .T. ) ;
#885 = CARTESIAN_POINT ( 'NONE',  ( -69.56537076352196891, 5.447085729384806285, 11.50000000000000000 ) ) ;
#886 = CARTESIAN_POINT ( 'NONE',  ( -79.87450157486659919, -15.68372614827086586, 7.500000000000000888 ) ) ;
#887 = ORIENTED_EDGE ( 'NONE', *, *, #2229, .F. ) ;
#888 = DIRECTION ( 'NONE',  ( 0.000000000000000000, 0.000000000000000000, 1.000000000000000000 ) ) ;
#889 = ORIENTED_EDGE ( 'NONE', *, *, #1511, .F. ) ;
#890 = EDGE_LOOP ( 'NONE', ( #969, #868, #1605, #2094 ) ) ;
#891 = ADVANCED_FACE ( 'NONE', ( #900 ), #1266, .T. ) ;
#892 = LINE ( 'NONE', #703, #1222 ) ;
#893 = AXIS2_PLACEMENT_3D ( 'NONE', #2087, #449, #2062 ) ;
#894 = FACE_OUTER_BOUND ( 'NONE', #1304, .T. ) ;
#895 = CIRCLE ( 'NONE', #966, 3.000000000000002665 ) ;
#896 = CARTESIAN_POINT ( 'NONE',  ( -102.1018084709350262, 6.564769206055636630, 11.50000000000000000 ) ) ;
#897 = CARTESIAN_POINT ( 'NONE',  ( 84.18610547667346111, 14.97790291412319341, 7.500000000000000000 ) ) ;
#898 = ORIENTED_EDGE ( 'NONE', *, *, #1430, .F. ) ;
#899 = DIRECTION ( 'NONE',  ( -0.000000000000000000, -0.000000000000000000, -1.000000000000000000 ) ) ;
#900 = FACE_OUTER_BOUND ( 'NONE', #1595, .T. ) ;
#901 = AXIS2_PLACEMENT_3D ( 'NONE', #607, #1318, #1352 ) ;
#902 = ORIENTED_EDGE ( 'NONE', *, *, #542, .T. ) ;
#903 = EDGE_LOOP ( 'NONE', ( #338, #531, #1723, #830 ) ) ;
#904 = CARTESIAN_POINT ( 'NONE',  ( 88.36967545638945865, -14.61660998038209947, -5.000000000000330402 ) ) ;
#905 = CARTESIAN_POINT ( 'NONE',  ( -85.00000000000000000, 0.000000000000000000, 11.50000000000000000 ) ) ;
#906 = CARTESIAN_POINT ( 'NONE',  ( -70.69655117981081105, 8.225652062191098679, 7.500000000000000000 ) ) ;
#907 = DIRECTION ( 'NONE',  ( -0.000000000000000000, 0.000000000000000000, 1.000000000000000000 ) ) ;
#908 = EDGE_CURVE ( 'NONE', #651, #671, #1962, .T. ) ;
#909 = DIRECTION ( 'NONE',  ( 1.000000000000000000, 0.000000000000000000, 0.000000000000000000 ) ) ;
#910 = CARTESIAN_POINT ( 'NONE',  ( -85.00000000000000000, 0.000000000000000000, 11.50000000000000000 ) ) ;
#911 = ORIENTED_EDGE ( 'NONE', *, *, #1074, .T. ) ;
#912 = DIRECTION ( 'NONE',  ( 0.000000000000000000, 0.000000000000000000, 1.000000000000000000 ) ) ;
#913 = ORIENTED_EDGE ( 'NONE', *, *, #2273, .T. ) ;
#914 = ORIENTED_EDGE ( 'NONE', *, *, #1248, .T. ) ;
#915 = CARTESIAN_POINT ( 'NONE',  ( -101.5000000000000000, 0.000000000000000000, 7.500000000000000000 ) ) ;
#916 = DIRECTION ( 'NONE',  ( -0.000000000000000000, -0.000000000000000000, -1.000000000000000000 ) ) ;
#917 = CIRCLE ( 'NONE', #2302, 17.49999999999994671 ) ;
#918 = CARTESIAN_POINT ( 'NONE',  ( -94.28516069448170356, -13.47903236469386457, 12.50000000000000000 ) ) ;
#919 = CIRCLE ( 'NONE', #206, 3.000000000000016431 ) ;
#920 = CC_DESIGN_PERSON_AND_ORGANIZATION_ASSIGNMENT ( #1482, #799, ( #750 ) ) ;
#921 = CYLINDRICAL_SURFACE ( 'NONE', #811, 20.00000000000000355 ) ;
#922 = VECTOR ( 'NONE', #1586, 1000.000000000000000 ) ;
#923 = ORIENTED_EDGE ( 'NONE', *, *, #1441, .T. ) ;
#924 = FACE_OUTER_BOUND ( 'NONE', #1091, .T. ) ;
#925 = VERTEX_POINT ( 'NONE', #1041 ) ;
#926 = DIRECTION ( 'NONE',  ( -0.000000000000000000, -0.000000000000000000, -1.000000000000000000 ) ) ;
#927 = APPROVAL_ROLE ( '' ) ;
#928 = DIRECTION ( 'NONE',  ( 1.000000000000000000, 0.000000000000000000, 0.000000000000000000 ) ) ;
#929 = AXIS2_PLACEMENT_3D ( 'NONE', #359, #371, #509 ) ;
#930 = CARTESIAN_POINT ( 'NONE',  ( -45.82128951475345957, -56.58458013053758862, 11.50000000000000000 ) ) ;
#931 = CIRCLE ( 'NONE', #98, 1.000000000000000888 ) ;
#932 = DIRECTION ( 'NONE',  ( 1.000000000000000000, 0.000000000000000000, 0.000000000000000000 ) ) ;
#933 = ORIENTED_EDGE ( 'NONE', *, *, #1003, .T. ) ;
#934 = AXIS2_PLACEMENT_3D ( 'NONE', #530, #165, #177 ) ;
#935 = CARTESIAN_POINT ( 'NONE',  ( -72.75693124186571481, -11.06152192890275288, 7.500000000000000888 ) ) ;
#936 = EDGE_CURVE ( 'NONE', #1954, #1969, #23, .T. ) ;
#937 = VERTEX_POINT ( 'NONE', #139 ) ;
#938 = AXIS2_PLACEMENT_3D ( 'NONE', #109, #1583, #1011 ) ;
#939 = CARTESIAN_POINT ( 'NONE',  ( -87.13689645504975090, 15.35199249414863765, 12.50000000000000000 ) ) ;
#940 = CALENDAR_DATE ( 2026, 12, 8 ) ;
#941 = DIRECTION ( 'NONE',  ( 1.000000000000000000, 0.000000000000000000, 0.000000000000000000 ) ) ;
#942 = VECTOR ( 'NONE', #1471, 1000.000000000000000 ) ;
#943 = DIRECTION ( 'NONE',  ( 1.000000000000000000, 0.000000000000000000, 0.000000000000000000 ) ) ;
#944 = CARTESIAN_POINT ( 'NONE',  ( 85.00000000000000000, 3.122849337825751327E-14, -7.500000000000000000 ) ) ;
#945 = ORIENTED_EDGE ( 'NONE', *, *, #1426, .F. ) ;
#946 = DIRECTION ( 'NONE',  ( -0.9986295347545744994, 0.05233595624293324589, 0.000000000000000000 ) ) ;
#947 = VERTEX_POINT ( 'NONE', #867 ) ;
#948 = DIRECTION ( 'NONE',  ( -1.000000000000000000, 0.000000000000000000, 0.000000000000000000 ) ) ;
#949 = ADVANCED_FACE ( 'NONE', ( #2362 ), #2171, .T. ) ;
#950 = CARTESIAN_POINT ( 'NONE',  ( -77.17464692674111859, -14.37575639365296354, 7.500000000000000888 ) ) ;
#951 = CIRCLE ( 'NONE', #1066, 3.000000000000002665 ) ;
#952 = CARTESIAN_POINT ( 'NONE',  ( -12.72058823529426341, 423.8816894310817247, -7.500000000000000000 ) ) ;
#953 = EDGE_LOOP ( 'NONE', ( #1253, #852, #1735, #1786, #708 ) ) ;
#954 = ORIENTED_EDGE ( 'NONE', *, *, #417, .F. ) ;
#955 = CIRCLE ( 'NONE', #14, 1.999999999999988010 ) ;
#956 = CARTESIAN_POINT ( 'NONE',  ( 90.00000000000001421, 3.122849337825751327E-14, -2.500000000000000444 ) ) ;
#957 = ADVANCED_FACE ( 'NONE', ( #653 ), #1167, .T. ) ;
#958 = ORIENTED_EDGE ( 'NONE', *, *, #1220, .T. ) ;
#959 = CARTESIAN_POINT ( 'NONE',  ( -85.00000000000000000, 0.000000000000000000, 7.500000000000000888 ) ) ;
#960 =( NAMED_UNIT ( * ) PLANE_ANGLE_UNIT ( ) SI_UNIT ( $, .RADIAN. ) );
#961 = EDGE_CURVE ( 'NONE', #1697, #405, #1201, .T. ) ;
#962 = DIRECTION ( 'NONE',  ( -0.3583679495452842256, -0.9335804264972080713, 0.000000000000000000 ) ) ;
#963 = EDGE_CURVE ( 'NONE', #1030, #2332, #485, .T. ) ;
#964 = CARTESIAN_POINT ( 'NONE',  ( -91.75355084417665807, -15.00639239893327570, 11.83148599391332390 ) ) ;
#965 = ORIENTED_EDGE ( 'NONE', *, *, #1299, .T. ) ;
#966 = AXIS2_PLACEMENT_3D ( 'NONE', #1270, #2366, #2189 ) ;
#967 = VERTEX_POINT ( 'NONE', #1929 ) ;
#968 = CARTESIAN_POINT ( 'NONE',  ( -98.33224383509327993, -9.721176591422358015, 11.66876012631443515 ) ) ;
#969 = ORIENTED_EDGE ( 'NONE', *, *, #2075, .T. ) ;
#970 = DIRECTION ( 'NONE',  ( 1.000000000000000000, 0.000000000000000000, 0.000000000000000000 ) ) ;
#971 = DATE_AND_TIME ( #51, #1406 ) ;
#972 = TOROIDAL_SURFACE ( 'NONE', #553, 2.000000000000002665, 1.000000000000000000 ) ;
#973 = AXIS2_PLACEMENT_3D ( 'NONE', #896, #962, #421 ) ;
#974 = CARTESIAN_POINT ( 'NONE',  ( -88.40305123091302164, 16.14525448296748422, 11.50000000000000000 ) ) ;
#975 = ADVANCED_FACE ( 'NONE', ( #2099, #2111 ), #813, .T. ) ;
#976 = DIRECTION ( 'NONE',  ( 0.000000000000000000, 0.000000000000000000, -1.000000000000000000 ) ) ;
#977 = ADVANCED_FACE ( 'NONE', ( #2288 ), #643, .F. ) ;
#978 = ORIENTED_EDGE ( 'NONE', *, *, #1110, .F. ) ;
#979 = ORIENTED_EDGE ( 'NONE', *, *, #692, .F. ) ;
#980 = DIRECTION ( 'NONE',  ( 0.6293203910498461617, 0.7771459614569637964, 0.000000000000000000 ) ) ;
#981 = ORIENTED_EDGE ( 'NONE', *, *, #848, .T. ) ;
#982 = ADVANCED_FACE ( 'NONE', ( #2271 ), #325, .T. ) ;
#983 = CARTESIAN_POINT ( 'NONE',  ( -81.27008950380860597, 15.04452617035184225, 12.50000000000000000 ) ) ;
#984 = DIRECTION ( 'NONE',  ( -0.000000000000000000, -0.000000000000000000, 1.000000000000000000 ) ) ;
#985 = CC_DESIGN_SECURITY_CLASSIFICATION ( #2298, ( #805 ) ) ;
#986 = PLANE ( 'NONE',  #1584 ) ;
#987 = EDGE_CURVE ( 'NONE', #1982, #137, #1028, .T. ) ;
#988 = CIRCLE ( 'NONE', #83, 20.00000000000000355 ) ;
#989 = DIRECTION ( 'NONE',  ( -0.000000000000000000, -0.000000000000000000, -1.000000000000000000 ) ) ;
#990 = VERTEX_POINT ( 'NONE', #1725 ) ;
#991 = CARTESIAN_POINT ( 'NONE',  ( -98.33224383509326572, -9.721176591422358015, 11.50000000000000000 ) ) ;
#992 = AXIS2_PLACEMENT_3D ( 'NONE', #999, #76, #2280 ) ;
#993 = VERTEX_POINT ( 'NONE', #1348 ) ;
#994 = AXIS2_PLACEMENT_3D ( 'NONE', #910, #399, #1462 ) ;
#995 = CARTESIAN_POINT ( 'NONE',  ( -85.00000000000000000, 0.000000000000000000, -17.50000000000000000 ) ) ;
#996 = DIRECTION ( 'NONE',  ( -0.000000000000000000, 0.000000000000000000, 1.000000000000000000 ) ) ;
#997 = ORIENTED_EDGE ( 'NONE', *, *, #676, .T. ) ;
#998 = DIRECTION ( 'NONE',  ( 0.000000000000000000, 0.000000000000000000, 1.000000000000000000 ) ) ;
#999 = CARTESIAN_POINT ( 'NONE',  ( -82.88098602451239572, 16.22985835990235870, 11.50000000000000000 ) ) ;
#1000 = CARTESIAN_POINT ( 'NONE',  ( -69.10922245495133609, 0.6032951792222391862, 12.42226674930540575 ) ) ;
#1001 = ORIENTED_EDGE ( 'NONE', *, *, #1739, .T. ) ;
#1002 = DIRECTION ( 'NONE',  ( -0.000000000000000000, 0.000000000000000000, 1.000000000000000000 ) ) ;
#1003 = EDGE_CURVE ( 'NONE', #1957, #194, #2259, .T. ) ;
#1004 = CIRCLE ( 'NONE', #409, 17.49999999999994671 ) ;
#1005 = EDGE_LOOP ( 'NONE', ( #2326, #1825, #2152, #655 ) ) ;
#1006 = ADVANCED_FACE ( 'NONE', ( #1289 ), #1487, .T. ) ;
#1007 = CIRCLE ( 'NONE', #1547, 2.999999999999988898 ) ;
#1008 = CARTESIAN_POINT ( 'NONE',  ( -82.72397815578361246, 19.22574696416608475, 7.500000000000000888 ) ) ;
#1009 = EDGE_CURVE ( 'NONE', #250, #843, #222, .T. ) ;
#1010 = ORIENTED_EDGE ( 'NONE', *, *, #1336, .T. ) ;
#1011 = DIRECTION ( 'NONE',  ( 1.000000000000000000, 0.000000000000000000, 0.000000000000000000 ) ) ;
#1012 = DIRECTION ( 'NONE',  ( -1.000000000000000000, 0.000000000000000000, 0.000000000000000000 ) ) ;
#1013 = DIRECTION ( 'NONE',  ( -0.000000000000000000, -0.000000000000000000, -1.000000000000000000 ) ) ;
#1014 = ORIENTED_EDGE ( 'NONE', *, *, #375, .F. ) ;
#1015 = CARTESIAN_POINT ( 'NONE',  ( -12.72058823529426341, 423.8816894310817247, 7.500000000000000000 ) ) ;
#1016 = ORIENTED_EDGE ( 'NONE', *, *, #188, .T. ) ;
#1017 = CARTESIAN_POINT ( 'NONE',  ( -100.6885940138923843, 4.665462514913884640, 11.50000000000000000 ) ) ;
#1018 = ORIENTED_EDGE ( 'NONE', *, *, #2065, .T. ) ;
#1019 = EDGE_CURVE ( 'NONE', #937, #874, #824, .T. ) ;
#1020 = ADVANCED_FACE ( 'NONE', ( #1264 ), #1858, .F. ) ;
#1021 = DIRECTION ( 'NONE',  ( -1.000000000000000000, 0.000000000000000000, 0.000000000000000000 ) ) ;
#1022 = CARTESIAN_POINT ( 'NONE',  ( -66.01189863965637983, 3.776457135307591972, 7.500000000000000888 ) ) ;
#1023 = DIRECTION ( 'NONE',  ( 1.000000000000000000, 0.000000000000000000, -0.000000000000000000 ) ) ;
#1024 = CARTESIAN_POINT ( 'NONE',  ( -101.4066501463505148, 1.752663965298880910, 11.50000000000000000 ) ) ;
#1025 = CARTESIAN_POINT ( 'NONE',  ( -85.00000000000000000, 0.000000000000000000, 11.50000000000000000 ) ) ;
#1026 = ORIENTED_EDGE ( 'NONE', *, *, #2353, .T. ) ;
#1027 = DIRECTION ( 'NONE',  ( 1.000000000000000000, 1.776356839400251254E-15, 0.000000000000000000 ) ) ;
#1028 = LINE ( 'NONE', #73, #1380 ) ;
#1029 = AXIS2_PLACEMENT_3D ( 'NONE', #1015, #447, #458 ) ;
#1030 = VERTEX_POINT ( 'NONE', #1927 ) ;
#1031 = AXIS2_PLACEMENT_3D ( 'NONE', #817, #2240, #1162 ) ;
#1032 = PLANE ( 'NONE',  #827 ) ;
#1033 = CARTESIAN_POINT ( 'NONE',  ( -69.56537076352196891, 5.447085729384806285, 7.500000000000000888 ) ) ;
#1034 = DIRECTION ( 'NONE',  ( 0.000000000000000000, 0.000000000000000000, 1.000000000000000000 ) ) ;
#1035 = ADVANCED_FACE ( 'NONE', ( #1517 ), #604, .T. ) ;
#1036 = FACE_OUTER_BOUND ( 'NONE', #1995, .T. ) ;
#1037 = DIRECTION ( 'NONE',  ( 1.000000000000000000, 0.000000000000000000, 0.000000000000000000 ) ) ;
#1038 = EDGE_LOOP ( 'NONE', ( #796, #965, #1988, #1868, #1018 ) ) ;
#1039 = CIRCLE ( 'NONE', #59, 2.000000000000001776 ) ;
#1040 = LINE ( 'NONE', #1771, #236 ) ;
#1041 = CARTESIAN_POINT ( 'NONE',  ( -105.0000000000000142, 0.000000000000000000, 4.999999999999997335 ) ) ;
#1042 = ORIENTED_EDGE ( 'NONE', *, *, #1339, .F. ) ;
#1043 = CIRCLE ( 'NONE', #1344, 3.000000000000002665 ) ;
#1044 = VERTEX_POINT ( 'NONE', #797 ) ;
#1045 = CARTESIAN_POINT ( 'NONE',  ( -70.81649808102417865, 7.858631790490265168, 12.21125592503880242 ) ) ;
#1046 = FACE_OUTER_BOUND ( 'NONE', #1332, .T. ) ;
#1047 = EDGE_CURVE ( 'NONE', #264, #1892, #1528, .T. ) ;
#1048 = ORIENTED_EDGE ( 'NONE', *, *, #2353, .F. ) ;
#1049 = AXIS2_PLACEMENT_3D ( 'NONE', #2372, #1286, #943 ) ;
#1050 = ADVANCED_FACE ( 'NONE', ( #1616 ), #2235, .T. ) ;
#1051 = CARTESIAN_POINT ( 'NONE',  ( -77.17464692674111859, -14.37575639365296354, 11.50000000000000000 ) ) ;
#1052 = AXIS2_PLACEMENT_3D ( 'NONE', #2192, #547, #373 ) ;
#1053 = ORIENTED_EDGE ( 'NONE', *, *, #1363, .F. ) ;
#1054 = DIRECTION ( 'NONE',  ( 0.000000000000000000, 0.000000000000000000, -1.000000000000000000 ) ) ;
#1055 = ORIENTED_EDGE ( 'NONE', *, *, #884, .F. ) ;
#1056 = VERTEX_POINT ( 'NONE', #904 ) ;
#1057 = EDGE_CURVE ( 'NONE', #1422, #564, #1058, .T. ) ;
#1058 = LINE ( 'NONE', #715, #2274 ) ;
#1059 = CARTESIAN_POINT ( 'NONE',  ( -98.36527826152267551, 9.675708604131774138, 11.50000000000000000 ) ) ;
#1060 = EDGE_CURVE ( 'NONE', #2363, #1132, #892, .T. ) ;
#1061 = ORIENTED_EDGE ( 'NONE', *, *, #1395, .F. ) ;
#1062 = VERTEX_POINT ( 'NONE', #168 ) ;
#1063 = DIRECTION ( 'NONE',  ( -0.000000000000000000, -0.000000000000000000, -1.000000000000000000 ) ) ;
#1064 = ORIENTED_EDGE ( 'NONE', *, *, #1955, .F. ) ;
#1065 = ORIENTED_EDGE ( 'NONE', *, *, #313, .F. ) ;
#1066 = AXIS2_PLACEMENT_3D ( 'NONE', #37, #1302, #1464 ) ;
#1067 = CARTESIAN_POINT ( 'NONE',  ( -88.36183310533515112, -19.71542741539915156, 7.500000000000000000 ) ) ;
#1068 = DIRECTION ( 'NONE',  ( 1.000000000000000000, 0.000000000000000000, 0.000000000000000000 ) ) ;
#1069 = AXIS2_PLACEMENT_3D ( 'NONE', #828, #976, #1354 ) ;
#1070 = VECTOR ( 'NONE', #1455, 1000.000000000000000 ) ;
#1071 = LINE ( 'NONE', #930, #1158 ) ;
#1072 = CARTESIAN_POINT ( 'NONE',  ( 0.000000000000000000, 0.000000000000000000, -7.500000000000000000 ) ) ;
#1073 = ORIENTED_EDGE ( 'NONE', *, *, #660, .F. ) ;
#1074 = EDGE_CURVE ( 'NONE', #103, #401, #510, .T. ) ;
#1075 = FACE_OUTER_BOUND ( 'NONE', #1963, .T. ) ;
#1076 = VERTEX_POINT ( 'NONE', #2174 ) ;
#1077 = VERTEX_POINT ( 'NONE', #1629 ) ;
#1078 = DIRECTION ( 'NONE',  ( 1.000000000000000000, 8.881784197001256268E-16, 0.000000000000000000 ) ) ;
#1079 = EDGE_CURVE ( 'NONE', #2253, #1076, #2357, .T. ) ;
#1080 = CARTESIAN_POINT ( 'NONE',  ( -94.28516069448170356, -13.47903236469386457, 7.500000000000000888 ) ) ;
#1081 = CARTESIAN_POINT ( 'NONE',  ( -85.00000000000000000, 0.000000000000000000, 12.50000000000000000 ) ) ;
#1082 = AXIS2_PLACEMENT_3D ( 'NONE', #1915, #298, #1540 ) ;
#1083 = CARTESIAN_POINT ( 'NONE',  ( -90.00000000000001421, 6.123233995736772199E-16, -17.50000000000000000 ) ) ;
#1084 = AXIS2_PLACEMENT_3D ( 'NONE', #642, #1358, #1338 ) ;
#1085 = CARTESIAN_POINT ( 'NONE',  ( -83.02822231833901867, 17.38856212497535125, -7.500000000000000000 ) ) ;
#1086 = DIRECTION ( 'NONE',  ( 1.000000000000000000, 0.000000000000000000, 0.000000000000000000 ) ) ;
#1087 = ORIENTED_EDGE ( 'NONE', *, *, #1898, .T. ) ;
#1088 = DIRECTION ( 'NONE',  ( 1.000000000000000000, 0.000000000000000000, 0.000000000000000000 ) ) ;
#1089 = CIRCLE ( 'NONE', #1623, 2.999999999999988898 ) ;
#1090 = VERTEX_POINT ( 'NONE', #915 ) ;
#1091 = EDGE_LOOP ( 'NONE', ( #2112, #2336, #323, #945 ) ) ;
#1092 = DIRECTION ( 'NONE',  ( 1.000000000000000000, 0.000000000000000000, 0.000000000000000000 ) ) ;
#1093 = FACE_OUTER_BOUND ( 'NONE', #1760, .T. ) ;
#1094 = FACE_OUTER_BOUND ( 'NONE', #2172, .T. ) ;
#1095 = EDGE_CURVE ( 'NONE', #1663, #1822, #1613, .T. ) ;
#1096 = DIRECTION ( 'NONE',  ( -0.000000000000000000, -0.000000000000000000, 1.000000000000000000 ) ) ;
#1097 = CARTESIAN_POINT ( 'NONE',  ( -85.00000000000000000, 0.000000000000000000, -17.50000000000000000 ) ) ;
#1098 = ORIENTED_EDGE ( 'NONE', *, *, #1131, .T. ) ;
#1099 = CARTESIAN_POINT ( 'NONE',  ( -83.02822231833904709, 17.38856212497507414, 7.500000000000000000 ) ) ;
#1100 = CARTESIAN_POINT ( 'NONE',  ( -14.69207447075442019, 22.62381072326984111, 11.50000000000000000 ) ) ;
#1101 = CARTESIAN_POINT ( 'NONE',  ( 29.92647058823589745, 1013.504763855667306, -7.500000000000000000 ) ) ;
#1102 = ORIENTED_EDGE ( 'NONE', *, *, #66, .F. ) ;
#1103 = DIRECTION ( 'NONE',  ( -0.000000000000000000, -0.000000000000000000, 1.000000000000000000 ) ) ;
#1104 = LINE ( 'NONE', #1840, #1315 ) ;
#1105 = AXIS2_PLACEMENT_3D ( 'NONE', #516, #339, #2018 ) ;
#1106 = CARTESIAN_POINT ( 'NONE',  ( -75.04995088630195710, -12.99596265175510723, 11.50000000000000000 ) ) ;
#1107 = EDGE_CURVE ( 'NONE', #603, #689, #931, .T. ) ;
#1108 = CIRCLE ( 'NONE', #772, 3.000000000000002665 ) ;
#1109 = CARTESIAN_POINT ( 'NONE',  ( 0.7782335887233796656, 14.84958148141508083, 7.500000000000000888 ) ) ;
#1110 = EDGE_CURVE ( 'NONE', #803, #1147, #2316, .T. ) ;
#1111 = ORIENTED_EDGE ( 'NONE', *, *, #1120, .T. ) ;
#1112 = CYLINDRICAL_SURFACE ( 'NONE', #386, 15.00000000000000000 ) ;
#1113 = ORIENTED_EDGE ( 'NONE', *, *, #1122, .T. ) ;
#1114 = CARTESIAN_POINT ( 'NONE',  ( -88.40305123091302164, 16.14525448296748422, 11.50000000000000000 ) ) ;
#1115 = DIRECTION ( 'NONE',  ( -0.000000000000000000, 0.000000000000000000, 1.000000000000000000 ) ) ;
#1116 = AXIS2_PLACEMENT_3D ( 'NONE', #1251, #1593, #2334 ) ;
#1117 = DIRECTION ( 'NONE',  ( 0.000000000000000000, 0.000000000000000000, 1.000000000000000000 ) ) ;
#1118 = VECTOR ( 'NONE', #1157, 1000.000000000000000 ) ;
#1119 = DIRECTION ( 'NONE',  ( 0.000000000000000000, 0.000000000000000000, 1.000000000000000000 ) ) ;
#1120 = EDGE_CURVE ( 'NONE', #564, #1748, #1811, .T. ) ;
#1121 = ORIENTED_EDGE ( 'NONE', *, *, #794, .F. ) ;
#1122 = EDGE_CURVE ( 'NONE', #251, #1652, #895, .T. ) ;
#1123 = DIRECTION ( 'NONE',  ( 1.000000000000000000, 1.156482317317875669E-15, 0.000000000000000000 ) ) ;
#1124 = AXIS2_PLACEMENT_3D ( 'NONE', #2216, #524, #1819 ) ;
#1125 = ORIENTED_EDGE ( 'NONE', *, *, #1149, .T. ) ;
#1126 = VECTOR ( 'NONE', #998, 1000.000000000000000 ) ;
#1127 = DIRECTION ( 'NONE',  ( 1.000000000000000000, 0.000000000000000000, 0.000000000000000000 ) ) ;
#1128 = DATE_TIME_ROLE ( 'creation_date' ) ;
#1129 = CARTESIAN_POINT ( 'NONE',  ( -92.11904398022247165, 35.36118792585130421, 7.500000000000000888 ) ) ;
#1130 = DIRECTION ( 'NONE',  ( 1.000000000000000000, 0.000000000000000000, 0.000000000000000000 ) ) ;
#1131 = EDGE_CURVE ( 'NONE', #1617, #2269, #1656, .T. ) ;
#1132 = VERTEX_POINT ( 'NONE', #2352 ) ;
#1133 = ORIENTED_EDGE ( 'NONE', *, *, #2305, .T. ) ;
#1134 = CARTESIAN_POINT ( 'NONE',  ( -102.5814425014806375, 8.105707947651652034, 7.500000000000000888 ) ) ;
#1135 = ORIENTED_EDGE ( 'NONE', *, *, #223, .F. ) ;
#1136 = DIRECTION ( 'NONE',  ( -1.000000000000000000, 0.000000000000000000, 0.000000000000000000 ) ) ;
#1137 = DATE_AND_TIME ( #940, #2140 ) ;
#1138 = EDGE_CURVE ( 'NONE', #874, #1748, #2097, .T. ) ;
#1139 = CARTESIAN_POINT ( 'NONE',  ( -12.72058823529426341, 423.8816894310817247, 7.500000000000000000 ) ) ;
#1140 = TOROIDAL_SURFACE ( 'NONE', #1641, 2.000000000000011546, 1.000000000000000000 ) ;
#1141 = CARTESIAN_POINT ( 'NONE',  ( -92.29488923401055445, -13.67605904723729715, 12.50000000000000000 ) ) ;
#1142 = EDGE_LOOP ( 'NONE', ( #1369, #1381, #2319, #1666 ) ) ;
#1143 = ORIENTED_EDGE ( 'NONE', *, *, #1817, .F. ) ;
#1144 = AXIS2_PLACEMENT_3D ( 'NONE', #944, #44, #1130 ) ;
#1145 = CARTESIAN_POINT ( 'NONE',  ( -98.35194262319438963, 9.619140894116613438, 11.83148804205152516 ) ) ;
#1146 = PERSON ( 'UNSPECIFIED', 'UNSPECIFIED', 'UNSPECIFIED', ('UNSPECIFIED'), ('UNSPECIFIED'), ('UNSPECIFIED') ) ;
#1147 = VERTEX_POINT ( 'NONE', #196 ) ;
#1148 = DIRECTION ( 'NONE',  ( 0.3583679495452841146, 0.9335804264972079602, -0.000000000000000000 ) ) ;
#1149 = EDGE_CURVE ( 'NONE', #367, #137, #1996, .T. ) ;
#1150 = CARTESIAN_POINT ( 'NONE',  ( -84.04128292067126438, 18.29341163553488414, 12.50000000000000000 ) ) ;
#1151 = DIRECTION ( 'NONE',  ( 1.000000000000000000, 0.000000000000000000, 0.000000000000000000 ) ) ;
#1152 = ORIENTED_EDGE ( 'NONE', *, *, #52, .T. ) ;
#1153 = AXIS2_PLACEMENT_3D ( 'NONE', #1190, #1737, #1529 ) ;
#1154 = ORIENTED_EDGE ( 'NONE', *, *, #2244, .F. ) ;
#1155 = CARTESIAN_POINT ( 'NONE',  ( -73.96067281627192358, -14.67330378764597221, 11.50000000000000000 ) ) ;
#1156 = ORIENTED_EDGE ( 'NONE', *, *, #79, .T. ) ;
#1157 = DIRECTION ( 'NONE',  ( 0.000000000000000000, 0.000000000000000000, 1.000000000000000000 ) ) ;
#1158 = VECTOR ( 'NONE', #363, 1000.000000000000000 ) ;
#1159 = TOROIDAL_SURFACE ( 'NONE', #1662, 15.50000000000000711, 1.000000000000000000 ) ;
#1160 = AXIS2_PLACEMENT_3D ( 'NONE', #1803, #1816, #6 ) ;
#1161 = DIRECTION ( 'NONE',  ( 1.000000000000000000, -6.216092455583553496E-15, 0.000000000000000000 ) ) ;
#1162 = DIRECTION ( 'NONE',  ( 1.000000000000000000, 0.000000000000000000, 0.000000000000000000 ) ) ;
#1163 = EDGE_LOOP ( 'NONE', ( #1205, #1619, #923, #1333 ) ) ;
#1164 = DIRECTION ( 'NONE',  ( 0.3583679495452939956, 0.9335804264972041855, -3.353850478354004418E-15 ) ) ;
#1165 = ORIENTED_EDGE ( 'NONE', *, *, #1131, .F. ) ;
#1166 = FACE_OUTER_BOUND ( 'NONE', #1187, .T. ) ;
#1167 = CYLINDRICAL_SURFACE ( 'NONE', #96, 3.000000000000002665 ) ;
#1168 = UNCERTAINTY_MEASURE_WITH_UNIT (LENGTH_MEASURE( 1.000000000000000082E-05 ), #396, 'distance_accuracy_value', 'NONE');
#1169 = LINE ( 'NONE', #1694, #1126 ) ;
#1170 = EDGE_CURVE ( 'NONE', #405, #1512, #2148, .T. ) ;
#1171 = FACE_OUTER_BOUND ( 'NONE', #1183, .T. ) ;
#1172 = ORIENTED_EDGE ( 'NONE', *, *, #2033, .F. ) ;
#1173 = CIRCLE ( 'NONE', #1566, 15.50000000000000000 ) ;
#1174 = ADVANCED_FACE ( 'NONE', ( #336 ), #1813, .T. ) ;
#1175 = CARTESIAN_POINT ( 'NONE',  ( -100.6885940138923843, 4.665462514913884640, 11.50000000000000000 ) ) ;
#1176 = CIRCLE ( 'NONE', #160, 1.000000000000000888 ) ;
#1177 = ORIENTED_EDGE ( 'NONE', *, *, #562, .T. ) ;
#1178 = DIRECTION ( 'NONE',  ( -0.000000000000000000, 0.000000000000000000, 1.000000000000000000 ) ) ;
#1179 = CARTESIAN_POINT ( 'NONE',  ( -87.94160396716824835, -17.25099898847421542, 7.500000000000000000 ) ) ;
#1180 = PLANE ( 'NONE',  #938 ) ;
#1181 = CARTESIAN_POINT ( 'NONE',  ( -92.43617975643758200, -15.84150342075985662, 7.500000000000000888 ) ) ;
#1182 = CARTESIAN_POINT ( 'NONE',  ( -79.99506728628996655, 17.04929294324418976, 7.500000000000000888 ) ) ;
#1183 = EDGE_LOOP ( 'NONE', ( #89, #124, #56, #1938, #496 ) ) ;
#1184 = CARTESIAN_POINT ( 'NONE',  ( -85.00000000000000000, 0.000000000000000000, 12.50000000000000000 ) ) ;
#1185 = AXIS2_PLACEMENT_3D ( 'NONE', #535, #1731, #2175 ) ;
#1186 = EDGE_CURVE ( 'NONE', #2363, #1625, #25, .T. ) ;
#1187 = EDGE_LOOP ( 'NONE', ( #914, #1790 ) ) ;
#1188 = CIRCLE ( 'NONE', #512, 5.000000000000004441 ) ;
#1189 = DIRECTION ( 'NONE',  ( 1.000000000000000000, 0.000000000000000000, 0.000000000000000000 ) ) ;
#1190 = CARTESIAN_POINT ( 'NONE',  ( -67.30567178844465559, 4.741180954897512123, 11.50000000000000000 ) ) ;
#1191 = COORDINATED_UNIVERSAL_TIME_OFFSET ( 5, 30, .AHEAD. ) ;
#1192 = EDGE_LOOP ( 'NONE', ( #610, #2169, #1947, #296 ) ) ;
#1193 = CARTESIAN_POINT ( 'NONE',  ( 0.000000000000000000, 0.000000000000000000, 7.500000000000000888 ) ) ;
#1194 = AXIS2_PLACEMENT_3D ( 'NONE', #632, #1308, #620 ) ;
#1195 = CARTESIAN_POINT ( 'NONE',  ( 29.92647058823589745, 1013.504763855667306, 7.500000000000000000 ) ) ;
#1196 = FACE_OUTER_BOUND ( 'NONE', #1975, .T. ) ;
#1197 = CARTESIAN_POINT ( 'NONE',  ( -85.00000000000000000, 0.000000000000000000, 12.50000000000000000 ) ) ;
#1198 = DIRECTION ( 'NONE',  ( 1.000000000000000000, 0.000000000000000000, 0.000000000000000000 ) ) ;
#1199 = ORIENTED_EDGE ( 'NONE', *, *, #2335, .T. ) ;
#1200 = DIRECTION ( 'NONE',  ( 0.000000000000000000, 0.000000000000000000, -1.000000000000000000 ) ) ;
#1201 = LINE ( 'NONE', #1179, #1229 ) ;
#1202 = EDGE_CURVE ( 'NONE', #636, #1147, #1618, .T. ) ;
#1203 = CARTESIAN_POINT ( 'NONE',  ( -82.74653979238753720, 19.87264242854249119, -5.000000000000330402 ) ) ;
#1204 = CARTESIAN_POINT ( 'NONE',  ( -98.14195088138329481, -14.21614394963727968, 11.50000000000000000 ) ) ;
#1205 = ORIENTED_EDGE ( 'NONE', *, *, #936, .T. ) ;
#1206 = DIRECTION ( 'NONE',  ( -0.000000000000000000, 0.000000000000000000, 1.000000000000000000 ) ) ;
#1207 = ORIENTED_EDGE ( 'NONE', *, *, #1691, .T. ) ;
#1208 = LINE ( 'NONE', #1808, #2178 ) ;
#1209 = DIRECTION ( 'NONE',  ( 1.000000000000000000, 0.000000000000000000, 0.000000000000000000 ) ) ;
#1210 = CIRCLE ( 'NONE', #1495, 1002.499999999999773 ) ;
#1211 = EDGE_LOOP ( 'NONE', ( #856, #117, #902, #1055 ) ) ;
#1212 = VECTOR ( 'NONE', #88, 1000.000000000000000 ) ;
#1213 = CARTESIAN_POINT ( 'NONE',  ( -71.05972482015535263, 6.776335876431387462, 12.50000000000000000 ) ) ;
#1214 = ADVANCED_FACE ( 'NONE', ( #1292 ), #2012, .T. ) ;
#1215 = CARTESIAN_POINT ( 'NONE',  ( -72.75693124186572902, -11.06152192890275465, 11.66876121442358460 ) ) ;
#1216 = EDGE_CURVE ( 'NONE', #748, #1640, #1007, .T. ) ;
#1217 = DIRECTION ( 'NONE',  ( 0.000000000000000000, 0.000000000000000000, 1.000000000000000000 ) ) ;
#1218 = CARTESIAN_POINT ( 'NONE',  ( -100.7406710629467881, 2.261023462138017415, 12.42226429100454155 ) ) ;
#1219 = DIRECTION ( 'NONE',  ( -0.000000000000000000, -0.000000000000000000, 1.000000000000000000 ) ) ;
#1220 = EDGE_CURVE ( 'NONE', #1892, #521, #430, .T. ) ;
#1221 = ORIENTED_EDGE ( 'NONE', *, *, #300, .F. ) ;
#1222 = VECTOR ( 'NONE', #1607, 1000.000000000000000 ) ;
#1223 = CARTESIAN_POINT ( 'NONE',  ( -82.88098602451239572, 16.22985835990235870, 7.500000000000000888 ) ) ;
#1224 = ORIENTED_EDGE ( 'NONE', *, *, #1845, .T. ) ;
#1225 = VECTOR ( 'NONE', #1414, 1000.000000000000000 ) ;
#1226 = ORIENTED_EDGE ( 'NONE', *, *, #1339, .T. ) ;
#1227 = DIRECTION ( 'NONE',  ( 0.000000000000000000, 0.000000000000000000, 1.000000000000000000 ) ) ;
#1228 = CARTESIAN_POINT ( 'NONE',  ( -45.82128951475345957, -56.58458013053758862, 7.500000000000000888 ) ) ;
#1229 = VECTOR ( 'NONE', #2090, 1000.000000000000114 ) ;
#1230 = ORIENTED_EDGE ( 'NONE', *, *, #1003, .F. ) ;
#1231 = EDGE_CURVE ( 'NONE', #600, #445, #1872, .T. ) ;
#1232 = AXIS2_PLACEMENT_3D ( 'NONE', #118, #1398, #1966 ) ;
#1233 = LINE ( 'NONE', #2344, #1794 ) ;
#1234 = AXIS2_PLACEMENT_3D ( 'NONE', #1644, #2014, #42 ) ;
#1235 = ORIENTED_EDGE ( 'NONE', *, *, #1753, .F. ) ;
#1236 = CARTESIAN_POINT ( 'NONE',  ( -79.88098602451240993, 16.22985835990235870, 7.500000000000000888 ) ) ;
#1237 = CARTESIAN_POINT ( 'NONE',  ( -45.82128951475345957, -56.58458013053758862, 7.500000000000000888 ) ) ;
#1238 = VERTEX_POINT ( 'NONE', #29 ) ;
#1239 = ORIENTED_EDGE ( 'NONE', *, *, #836, .T. ) ;
#1240 = CARTESIAN_POINT ( 'NONE',  ( -70.71572669991549276, 8.170788189791320377, 11.83148804205153404 ) ) ;
#1241 = CARTESIAN_POINT ( 'NONE',  ( -85.00000000000000000, 0.000000000000000000, 7.500000000000000000 ) ) ;
#1242 = CARTESIAN_POINT ( 'NONE',  ( -98.36527826152267551, 9.675708604131774138, 10.00000000000000000 ) ) ;
#1243 = EDGE_CURVE ( 'NONE', #207, #760, #1959, .T. ) ;
#1244 = DIRECTION ( 'NONE',  ( 1.000000000000000000, 0.000000000000000000, 0.000000000000000000 ) ) ;
#1245 = EDGE_CURVE ( 'NONE', #1377, #1090, #1884, .T. ) ;
#1246 = CC_DESIGN_APPROVAL ( #149, ( #2298 ) ) ;
#1247 = ORIENTED_EDGE ( 'NONE', *, *, #180, .T. ) ;
#1248 = EDGE_CURVE ( 'NONE', #1030, #2307, #1188, .T. ) ;
#1249 = AXIS2_PLACEMENT_3D ( 'NONE', #164, #899, #1027 ) ;
#1250 = DIRECTION ( 'NONE',  ( 1.000000000000000000, 0.000000000000000000, 0.000000000000000000 ) ) ;
#1251 = CARTESIAN_POINT ( 'NONE',  ( -96.25398970823380296, -11.88470606526634299, 7.500000000000000888 ) ) ;
#1252 = CIRCLE ( 'NONE', #464, 3.000000000000016431 ) ;
#1253 = ORIENTED_EDGE ( 'NONE', *, *, #846, .T. ) ;
#1254 = ORIENTED_EDGE ( 'NONE', *, *, #455, .F. ) ;
#1255 = AXIS2_PLACEMENT_3D ( 'NONE', #205, #1323, #1514 ) ;
#1256 = CARTESIAN_POINT ( 'NONE',  ( -70.89647789011605994, 7.577481661497886378, 12.36994125422456747 ) ) ;
#1257 = DIRECTION ( 'NONE',  ( 0.000000000000000000, 0.000000000000000000, 1.000000000000000000 ) ) ;
#1258 = CARTESIAN_POINT ( 'NONE',  ( -66.01189863965637983, 3.776457135307591972, 7.500000000000000888 ) ) ;
#1259 = VECTOR ( 'NONE', #2293, 1000.000000000000114 ) ;
#1260 = DIRECTION ( 'NONE',  ( -0.000000000000000000, 0.000000000000000000, 1.000000000000000000 ) ) ;
#1261 = CARTESIAN_POINT ( 'NONE',  ( -98.33224383509326572, -9.721176591422358015, 11.50000000000000000 ) ) ;
#1262 = ORIENTED_EDGE ( 'NONE', *, *, #692, .T. ) ;
#1263 = ADVANCED_FACE ( 'NONE', ( #18 ), #666, .F. ) ;
#1264 = FACE_OUTER_BOUND ( 'NONE', #1598, .T. ) ;
#1265 = LINE ( 'NONE', #1761, #309 ) ;
#1266 = PLANE ( 'NONE',  #1307 ) ;
#1267 = ADVANCED_FACE ( 'NONE', ( #1503 ), #1851, .T. ) ;
#1268 = EDGE_LOOP ( 'NONE', ( #154, #1156, #1291, #1407, #804 ) ) ;
#1269 = ORIENTED_EDGE ( 'NONE', *, *, #2181, .F. ) ;
#1270 = CARTESIAN_POINT ( 'NONE',  ( -99.78070122198900549, 7.030604099015818953, 7.500000000000000888 ) ) ;
#1271 = DIRECTION ( 'NONE',  ( 1.000000000000000000, 0.000000000000000000, 0.000000000000000000 ) ) ;
#1272 = LINE ( 'NONE', #2191, #2076 ) ;
#1273 = AXIS2_PLACEMENT_3D ( 'NONE', #1668, #244, #1326 ) ;
#1274 = DIRECTION ( 'NONE',  ( -0.03836735577432051625, 0.7060651145686965835, 0.7071067811865333619 ) ) ;
#1275 = DIRECTION ( 'NONE',  ( -0.000000000000000000, -0.000000000000000000, -1.000000000000000000 ) ) ;
#1276 = DIRECTION ( 'NONE',  ( 0.000000000000000000, 0.000000000000000000, 1.000000000000000000 ) ) ;
#1277 = EDGE_LOOP ( 'NONE', ( #2081, #2034, #414, #714 ) ) ;
#1278 = CARTESIAN_POINT ( 'NONE',  ( -87.94160396716824835, -17.25099898847421542, 7.500000000000000000 ) ) ;
#1279 = AXIS2_PLACEMENT_3D ( 'NONE', #1885, #2044, #2230 ) ;
#1280 = EDGE_LOOP ( 'NONE', ( #317, #2374, #67, #785 ) ) ;
#1281 = DIRECTION ( 'NONE',  ( 0.000000000000000000, 0.000000000000000000, -1.000000000000000000 ) ) ;
#1282 = DIRECTION ( 'NONE',  ( 0.000000000000000000, -0.000000000000000000, -1.000000000000000000 ) ) ;
#1283 = EDGE_CURVE ( 'NONE', #103, #1044, #1468, .T. ) ;
#1284 = LINE ( 'NONE', #2176, #187 ) ;
#1285 = EDGE_CURVE ( 'NONE', #2232, #810, #2155, .T. ) ;
#1286 = DIRECTION ( 'NONE',  ( 0.000000000000000000, 0.000000000000000000, 1.000000000000000000 ) ) ;
#1287 = DIRECTION ( 'NONE',  ( -0.000000000000000000, -0.000000000000000000, 1.000000000000000000 ) ) ;
#1288 = VERTEX_POINT ( 'NONE', #1305 ) ;
#1289 = FACE_OUTER_BOUND ( 'NONE', #126, .T. ) ;
#1290 = DIRECTION ( 'NONE',  ( 0.000000000000000000, 0.000000000000000000, 1.000000000000000000 ) ) ;
#1291 = ORIENTED_EDGE ( 'NONE', *, *, #1216, .T. ) ;
#1292 = FACE_OUTER_BOUND ( 'NONE', #1365, .T. ) ;
#1293 = PERSON_AND_ORGANIZATION_ROLE ( 'design_supplier' ) ;
#1294 = EDGE_CURVE ( 'NONE', #2128, #367, #1374, .T. ) ;
#1295 = CYLINDRICAL_SURFACE ( 'NONE', #227, 16.50000000000000000 ) ;
#1296 = ORGANIZATION ( 'UNSPECIFIED', 'UNSPECIFIED', '' ) ;
#1297 = CIRCLE ( 'NONE', #47, 2.000000000000001776 ) ;
#1298 = VECTOR ( 'NONE', #1310, 1000.000000000000114 ) ;
#1299 = EDGE_CURVE ( 'NONE', #2349, #2070, #2078, .T. ) ;
#1300 = DIRECTION ( 'NONE',  ( 1.000000000000000000, 0.000000000000000000, 0.000000000000000000 ) ) ;
#1301 = EDGE_LOOP ( 'NONE', ( #1999, #741, #1925, #1451 ) ) ;
#1302 = DIRECTION ( 'NONE',  ( -0.000000000000000000, 0.000000000000000000, 1.000000000000000000 ) ) ;
#1303 = EDGE_CURVE ( 'NONE', #760, #251, #1733, .T. ) ;
#1304 = EDGE_LOOP ( 'NONE', ( #1812, #219, #981, #2056 ) ) ;
#1305 = CARTESIAN_POINT ( 'NONE',  ( -90.00000000000001421, 6.123233995736772199E-16, -7.500000000000000000 ) ) ;
#1306 = FACE_OUTER_BOUND ( 'NONE', #2208, .T. ) ;
#1307 = AXIS2_PLACEMENT_3D ( 'NONE', #1237, #2159, #343 ) ;
#1308 = DIRECTION ( 'NONE',  ( -0.000000000000000000, -0.000000000000000000, -1.000000000000000000 ) ) ;
#1309 = CC_DESIGN_PERSON_AND_ORGANIZATION_ASSIGNMENT ( #1702, #1874, ( #805 ) ) ;
#1310 = DIRECTION ( 'NONE',  ( -0.9986295347545743883, 0.05233595624293323895, 0.000000000000000000 ) ) ;
#1311 = ORIENTED_EDGE ( 'NONE', *, *, #1727, .T. ) ;
#1312 = CARTESIAN_POINT ( 'NONE',  ( -68.90967611852357777, 2.999999999999999556, 12.50000000000000000 ) ) ;
#1313 = DIRECTION ( 'NONE',  ( -0.3583679495452841146, -0.9335804264972079602, 0.000000000000000000 ) ) ;
#1314 = ORIENTED_EDGE ( 'NONE', *, *, #2228, .F. ) ;
#1315 = VECTOR ( 'NONE', #2028, 1000.000000000000114 ) ;
#1316 = CARTESIAN_POINT ( 'NONE',  ( -87.84838529877794144, 15.75481721328522688, 12.36994125422455859 ) ) ;
#1317 = APPROVAL_STATUS ( 'not_yet_approved' ) ;
#1318 = DIRECTION ( 'NONE',  ( -0.000000000000000000, -0.000000000000000000, -1.000000000000000000 ) ) ;
#1319 = CARTESIAN_POINT ( 'NONE',  ( -99.78070122198900549, 7.030604099015818953, 12.50000000000000000 ) ) ;
#1320 = ORIENTED_EDGE ( 'NONE', *, *, #570, .T. ) ;
#1321 = ORIENTED_EDGE ( 'NONE', *, *, #2239, .T. ) ;
#1322 = EDGE_CURVE ( 'NONE', #353, #251, #855, .T. ) ;
#1323 = DIRECTION ( 'NONE',  ( 0.000000000000000000, 0.000000000000000000, 1.000000000000000000 ) ) ;
#1324 = EDGE_CURVE ( 'NONE', #1640, #2124, #60, .T. ) ;
#1325 = ORIENTED_EDGE ( 'NONE', *, *, #794, .T. ) ;
#1326 = DIRECTION ( 'NONE',  ( 1.000000000000000000, 0.000000000000000000, 0.000000000000000000 ) ) ;
#1327 = PERSON_AND_ORGANIZATION ( #1146, #1296 ) ;
#1328 = FACE_OUTER_BOUND ( 'NONE', #1588, .T. ) ;
#1329 = AXIS2_PLACEMENT_3D ( 'NONE', #19, #2115, #1389 ) ;
#1330 = AXIS2_PLACEMENT_3D ( 'NONE', #1072, #1206, #1244 ) ;
#1331 = DIRECTION ( 'NONE',  ( 1.000000000000000000, 0.000000000000000000, 0.000000000000000000 ) ) ;
#1332 = EDGE_LOOP ( 'NONE', ( #1571, #262, #611, #1172, #155 ) ) ;
#1333 = ORIENTED_EDGE ( 'NONE', *, *, #1738, .F. ) ;
#1334 = CIRCLE ( 'NONE', #243, 5.000000000000004441 ) ;
#1335 = DIRECTION ( 'NONE',  ( -1.000000000000000000, 0.000000000000000000, 0.000000000000000000 ) ) ;
#1336 = EDGE_CURVE ( 'NONE', #567, #2019, #822, .T. ) ;
#1337 = ORIENTED_EDGE ( 'NONE', *, *, #583, .F. ) ;
#1338 = DIRECTION ( 'NONE',  ( 1.000000000000000000, 0.000000000000000000, 0.000000000000000000 ) ) ;
#1339 = EDGE_CURVE ( 'NONE', #1799, #1746, #1383, .T. ) ;
#1340 = FACE_OUTER_BOUND ( 'NONE', #1211, .T. ) ;
#1341 = AXIS2_PLACEMENT_3D ( 'NONE', #1946, #1257, #1023 ) ;
#1342 = CARTESIAN_POINT ( 'NONE',  ( -91.95605463364756815, -14.42016019035675711, 12.36993840020067736 ) ) ;
#1343 = ORIENTED_EDGE ( 'NONE', *, *, #1913, .T. ) ;
#1344 = AXIS2_PLACEMENT_3D ( 'NONE', #1017, #1749, #267 ) ;
#1345 = CARTESIAN_POINT ( 'NONE',  ( -98.36527826152268972, 9.675708604131775914, 11.66876121442357217 ) ) ;
#1346 = ORIENTED_EDGE ( 'NONE', *, *, #1508, .F. ) ;
#1347 = FACE_OUTER_BOUND ( 'NONE', #1466, .T. ) ;
#1348 = CARTESIAN_POINT ( 'NONE',  ( -72.75693124186571481, -11.06152192890275465, 11.50000000000000000 ) ) ;
#1349 = VERTEX_POINT ( 'NONE', #1550 ) ;
#1350 = CIRCLE ( 'NONE', #2284, 3.000000000000002665 ) ;
#1351 = TOROIDAL_SURFACE ( 'NONE', #1477, 1.999999999999992228, 1.000000000000000000 ) ;
#1352 = DIRECTION ( 'NONE',  ( 1.000000000000000000, 0.000000000000000000, 0.000000000000000000 ) ) ;
#1353 = EDGE_CURVE ( 'NONE', #1899, #771, #2196, .T. ) ;
#1354 = DIRECTION ( 'NONE',  ( -1.000000000000000000, 0.000000000000000000, 0.000000000000000000 ) ) ;
#1355 = ORIENTED_EDGE ( 'NONE', *, *, #557, .F. ) ;
#1356 = FACE_OUTER_BOUND ( 'NONE', #288, .T. ) ;
#1357 = VERTEX_POINT ( 'NONE', #1559 ) ;
#1358 = DIRECTION ( 'NONE',  ( 0.000000000000000000, 0.000000000000000000, 1.000000000000000000 ) ) ;
#1359 = ORIENTED_EDGE ( 'NONE', *, *, #2082, .T. ) ;
#1360 = ADVANCED_FACE ( 'NONE', ( #1914 ), #286, .T. ) ;
#1361 = FACE_OUTER_BOUND ( 'NONE', #1385, .T. ) ;
#1362 = ADVANCED_FACE ( 'NONE', ( #617 ), #440, .T. ) ;
#1363 = EDGE_CURVE ( 'NONE', #194, #2072, #1509, .T. ) ;
#1364 = DIRECTION ( 'NONE',  ( 0.000000000000000000, 0.000000000000000000, 1.000000000000000000 ) ) ;
#1365 = EDGE_LOOP ( 'NONE', ( #1207, #1673, #698, #1916, #1113 ) ) ;
#1366 = AXIS2_PLACEMENT_3D ( 'NONE', #1175, #1721, #1734 ) ;
#1367 = CARTESIAN_POINT ( 'NONE',  ( -96.86051158957721441, -9.978890962101383266, 12.50000000000000000 ) ) ;
#1368 = AXIS2_PLACEMENT_3D ( 'NONE', #1510, #1534, #1887 ) ;
#1369 = ORIENTED_EDGE ( 'NONE', *, *, #961, .T. ) ;
#1370 = CARTESIAN_POINT ( 'NONE',  ( -66.01189863965637983, 3.776457135307591972, 11.50000000000000000 ) ) ;
#1371 = DIRECTION ( 'NONE',  ( 0.000000000000000000, 0.000000000000000000, 1.000000000000000000 ) ) ;
#1372 = ORIENTED_EDGE ( 'NONE', *, *, #1429, .F. ) ;
#1373 = DIRECTION ( 'NONE',  ( -0.6293203910498469389, -0.7771459614569631302, 0.000000000000000000 ) ) ;
#1374 = B_SPLINE_CURVE_WITH_KNOTS ( 'NONE', 3,
 ( #939, #775, #2248, #2026, #1316, #1838, #1677, #2052, #208, #1114 ),
 .UNSPECIFIED., .F., .F.,
 ( 4, 2, 2, 2, 4 ),
 ( -6.578102695102383305E-06, 0.0004905520520395135423, 0.0009876822067741268269, 0.001484812361508740111, 0.001981942516243353179 ),
 .UNSPECIFIED. ) ;
#1375 = DIRECTION ( 'NONE',  ( 1.000000000000000000, 0.000000000000000000, 0.000000000000000000 ) ) ;
#1376 = CARTESIAN_POINT ( 'NONE',  ( -68.54406235263137148, 0.06602650874102054812, 11.83148804205153759 ) ) ;
#1377 = VERTEX_POINT ( 'NONE', #450 ) ;
#1378 = ADVANCED_FACE ( 'NONE', ( #1347 ), #1724, .T. ) ;
#1379 = DIRECTION ( 'NONE',  ( -0.2588190451025219607, 0.9659258262890678681, 0.000000000000000000 ) ) ;
#1380 = VECTOR ( 'NONE', #1903, 1000.000000000000000 ) ;
#1381 = ORIENTED_EDGE ( 'NONE', *, *, #1445, .F. ) ;
#1382 = ADVANCED_FACE ( 'NONE', ( #1166 ), #2258, .T. ) ;
#1383 = CIRCLE ( 'NONE', #366, 1.000000000000000888 ) ;
#1384 = CARTESIAN_POINT ( 'NONE',  ( -80.14600291567199974, 15.57314885571609686, 12.10368025391360547 ) ) ;
#1385 = EDGE_LOOP ( 'NONE', ( #167, #203, #1757, #2223 ) ) ;
#1386 = CARTESIAN_POINT ( 'NONE',  ( -73.91920993916882310, -11.11294686023950895, 12.48730452859748219 ) ) ;
#1387 = TOROIDAL_SURFACE ( 'NONE', #633, 1.999999999999996669, 1.000000000000000000 ) ;
#1388 = AXIS2_PLACEMENT_3D ( 'NONE', #1703, #87, #2068 ) ;
#1389 = DIRECTION ( 'NONE',  ( -1.000000000000000000, 0.000000000000000000, 0.000000000000000000 ) ) ;
#1390 = CARTESIAN_POINT ( 'NONE',  ( -98.94925985664644941, -10.56731514869081856, 7.500000000000000888 ) ) ;
#1391 = VERTEX_POINT ( 'NONE', #1370 ) ;
#1392 = CARTESIAN_POINT ( 'NONE',  ( -85.00000000000000000, 0.000000000000000000, 7.500000000000000888 ) ) ;
#1393 = ORIENTED_EDGE ( 'NONE', *, *, #1443, .F. ) ;
#1394 = DIRECTION ( 'NONE',  ( 0.8386705679454287132, 0.5446390350150198678, -0.000000000000000000 ) ) ;
#1395 = EDGE_CURVE ( 'NONE', #1822, #947, #254, .T. ) ;
#1396 = ORIENTED_EDGE ( 'NONE', *, *, #1913, .F. ) ;
#1397 = DIRECTION ( 'NONE',  ( -0.000000000000000000, -0.000000000000000000, -1.000000000000000000 ) ) ;
#1398 = DIRECTION ( 'NONE',  ( 0.5446390350150198678, -0.8386705679454287132, 0.000000000000000000 ) ) ;
#1399 = EDGE_CURVE ( 'NONE', #2091, #810, #549, .T. ) ;
#1400 = CARTESIAN_POINT ( 'NONE',  ( -96.86051158957721441, -9.978890962101383266, 12.50000000000000000 ) ) ;
#1401 = DIRECTION ( 'NONE',  ( 1.000000000000000000, 0.000000000000000000, 0.000000000000000000 ) ) ;
#1402 = CARTESIAN_POINT ( 'NONE',  ( -101.2010803197335207, 1.899821513519582394, 12.10367703706567077 ) ) ;
#1403 = CIRCLE ( 'NONE', #383, 450.0000000000000568 ) ;
#1404 = AXIS2_PLACEMENT_3D ( 'NONE', #749, #1651, #592 ) ;
#1405 = DIRECTION ( 'NONE',  ( 1.000000000000000000, 0.000000000000000000, 0.000000000000000000 ) ) ;
#1406 = LOCAL_TIME ( 12, 4, 36.00000000000000000, #2041 ) ;
#1407 = ORIENTED_EDGE ( 'NONE', *, *, #1324, .T. ) ;
#1408 = CARTESIAN_POINT ( 'NONE',  ( -66.97782446594546002, 3.517638090205070345, 11.50000000000000000 ) ) ;
#1409 = DIRECTION ( 'NONE',  ( 0.000000000000000000, 0.000000000000000000, 1.000000000000000000 ) ) ;
#1410 = CONICAL_SURFACE ( 'NONE', #1948, 20.00000000000000355, 0.7853981633974678189 ) ;
#1411 = ORIENTED_EDGE ( 'NONE', *, *, #1727, .F. ) ;
#1412 = ORIENTED_EDGE ( 'NONE', *, *, #1751, .F. ) ;
#1413 = AXIS2_PLACEMENT_3D ( 'NONE', #101, #454, #2104 ) ;
#1414 = DIRECTION ( 'NONE',  ( -0.000000000000000000, -0.000000000000000000, -1.000000000000000000 ) ) ;
#1415 = CARTESIAN_POINT ( 'NONE',  ( -85.00000000000000000, 0.000000000000000000, 11.50000000000000000 ) ) ;
#1416 = CARTESIAN_POINT ( 'NONE',  ( -100.2609498195043614, 2.711717279985235596, 12.50000000000000000 ) ) ;
#1417 = CARTESIAN_POINT ( 'NONE',  ( 29.92647058823589745, 1013.504763855667306, -5.000000000000330402 ) ) ;
#1418 = ORIENTED_EDGE ( 'NONE', *, *, #676, .F. ) ;
#1419 = CONICAL_SURFACE ( 'NONE', #329, 17.49999999999994671, 0.7853981633974573828 ) ;
#1420 = FACE_OUTER_BOUND ( 'NONE', #1163, .T. ) ;
#1421 = DIRECTION ( 'NONE',  ( 1.000000000000000000, 0.000000000000000000, 0.000000000000000000 ) ) ;
#1422 = VERTEX_POINT ( 'NONE', #297 ) ;
#1423 = AXIS2_PLACEMENT_3D ( 'NONE', #93, #1178, #1902 ) ;
#1424 = ORIENTED_EDGE ( 'NONE', *, *, #1019, .T. ) ;
#1425 = DIRECTION ( 'NONE',  ( 0.000000000000000000, 0.000000000000000000, 1.000000000000000000 ) ) ;
#1426 = EDGE_CURVE ( 'NONE', #1447, #600, #1043, .T. ) ;
#1427 = DIRECTION ( 'NONE',  ( 0.000000000000000000, 0.000000000000000000, 1.000000000000000000 ) ) ;
#1428 = AXIS2_PLACEMENT_3D ( 'NONE', #403, #641, #1189 ) ;
#1429 = EDGE_CURVE ( 'NONE', #1709, #564, #2279, .T. ) ;
#1430 = EDGE_CURVE ( 'NONE', #567, #2232, #1754, .T. ) ;
#1431 = CARTESIAN_POINT ( 'NONE',  ( -75.54072982169603279, -16.89176809748923347, 11.50000000000000000 ) ) ;
#1432 = VECTOR ( 'NONE', #337, 999.9999999999998863 ) ;
#1433 = FACE_OUTER_BOUND ( 'NONE', #850, .T. ) ;
#1434 = ORIENTED_EDGE ( 'NONE', *, *, #908, .T. ) ;
#1435 = LINE ( 'NONE', #342, #200 ) ;
#1436 = DIRECTION ( 'NONE',  ( -0.000000000000000000, 0.000000000000000000, 1.000000000000000000 ) ) ;
#1437 = EDGE_LOOP ( 'NONE', ( #2219, #1262, #1523, #58 ) ) ;
#1438 = VERTEX_POINT ( 'NONE', #72 ) ;
#1439 = CARTESIAN_POINT ( 'NONE',  ( -80.88098602451240993, 16.22985835990235870, 11.50000000000000000 ) ) ;
#1440 = DIRECTION ( 'NONE',  ( 1.000000000000000000, 0.000000000000000000, 0.000000000000000000 ) ) ;
#1441 = EDGE_CURVE ( 'NONE', #636, #1957, #1531, .T. ) ;
#1442 = CYLINDRICAL_SURFACE ( 'NONE', #410, 16.50000000000000000 ) ;
#1443 = EDGE_CURVE ( 'NONE', #2356, #1090, #1208, .T. ) ;
#1444 = FACE_OUTER_BOUND ( 'NONE', #1793, .T. ) ;
#1445 = EDGE_CURVE ( 'NONE', #1076, #405, #1871, .T. ) ;
#1446 = CARTESIAN_POINT ( 'NONE',  ( -66.97782446594546002, 3.517638090205070345, 12.50000000000000000 ) ) ;
#1447 = VERTEX_POINT ( 'NONE', #176 ) ;
#1448 = DIRECTION ( 'NONE',  ( 1.000000000000000000, 0.000000000000000000, 0.000000000000000000 ) ) ;
#1449 = CARTESIAN_POINT ( 'NONE',  ( -79.17461036825541498, -14.36366372616551068, 12.50000000000000000 ) ) ;
#1450 = DIRECTION ( 'NONE',  ( -0.000000000000000000, -0.000000000000000000, -1.000000000000000000 ) ) ;
#1451 = ORIENTED_EDGE ( 'NONE', *, *, #1429, .T. ) ;
#1452 = EDGE_LOOP ( 'NONE', ( #483, #105, #774, #214 ) ) ;
#1453 = VECTOR ( 'NONE', #365, 1000.000000000000114 ) ;
#1454 = DIRECTION ( 'NONE',  ( 0.000000000000000000, 0.000000000000000000, 1.000000000000000000 ) ) ;
#1455 = DIRECTION ( 'NONE',  ( 0.000000000000000000, 0.000000000000000000, 1.000000000000000000 ) ) ;
#1456 = CARTESIAN_POINT ( 'NONE',  ( -98.33224383509326572, -9.721176591422358015, 10.00000000000000000 ) ) ;
#1457 = CARTESIAN_POINT ( 'NONE',  ( 87.80806288032454177, -12.18050831698503167, 7.500000000000000000 ) ) ;
#1458 = AXIS2_PLACEMENT_3D ( 'NONE', #2217, #235, #2194 ) ;
#1459 = AXIS2_PLACEMENT_3D ( 'NONE', #2190, #658, #1271 ) ;
#1460 = ADVANCED_FACE ( 'NONE', ( #1420 ), #2170, .T. ) ;
#1461 = FACE_OUTER_BOUND ( 'NONE', #507, .T. ) ;
#1462 = DIRECTION ( 'NONE',  ( 1.000000000000000000, 1.776356839400251254E-15, 0.000000000000000000 ) ) ;
#1463 = ORIENTED_EDGE ( 'NONE', *, *, #163, .T. ) ;
#1464 = DIRECTION ( 'NONE',  ( 1.000000000000000000, 0.000000000000000000, 0.000000000000000000 ) ) ;
#1465 = ADVANCED_FACE ( 'NONE', ( #1075 ), #529, .T. ) ;
#1466 = EDGE_LOOP ( 'NONE', ( #357, #2135, #2311, #551 ) ) ;
#1467 = ADVANCED_BREP_SHAPE_REPRESENTATION ( 'Part_1_ARM_1_Default_sldprt', ( #1505, #1945 ), #612 ) ;
#1468 = LINE ( 'NONE', #2225, #821 ) ;
#1469 = DIRECTION ( 'NONE',  ( 0.000000000000000000, 0.000000000000000000, 1.000000000000000000 ) ) ;
#1470 = AXIS2_PLACEMENT_3D ( 'NONE', #1939, #2110, #1928 ) ;
#1471 = DIRECTION ( 'NONE',  ( -0.000000000000000000, -0.000000000000000000, 1.000000000000000000 ) ) ;
#1472 = CARTESIAN_POINT ( 'NONE',  ( -94.28516069448170356, -13.47903236469386457, 11.50000000000000000 ) ) ;
#1473 = DIRECTION ( 'NONE',  ( 0.000000000000000000, 0.000000000000000000, 1.000000000000000000 ) ) ;
#1474 = CIRCLE ( 'NONE', #901, 16.50000000000000000 ) ;
#1475 = ORIENTED_EDGE ( 'NONE', *, *, #1635, .T. ) ;
#1476 = DIRECTION ( 'NONE',  ( -0.000000000000000000, -0.000000000000000000, -1.000000000000000000 ) ) ;
#1477 = AXIS2_PLACEMENT_3D ( 'NONE', #20, #170, #559 ) ;
#1478 = EDGE_CURVE ( 'NONE', #401, #103, #767, .T. ) ;
#1479 = VERTEX_POINT ( 'NONE', #853 ) ;
#1480 = DIRECTION ( 'NONE',  ( -0.000000000000000000, -0.000000000000000000, -1.000000000000000000 ) ) ;
#1481 = EDGE_CURVE ( 'NONE', #1076, #651, #1265, .T. ) ;
#1482 = PERSON_AND_ORGANIZATION ( #1146, #1296 ) ;
#1483 = CARTESIAN_POINT ( 'NONE',  ( -82.88098602451239572, 16.22985835990235870, 7.500000000000000888 ) ) ;
#1484 = DIRECTION ( 'NONE',  ( 0.000000000000000000, 0.000000000000000000, 1.000000000000000000 ) ) ;
#1485 = CARTESIAN_POINT ( 'NONE',  ( -87.13689645504975090, 15.35199249414863765, 12.50000000000000000 ) ) ;
#1486 = ORIENTED_EDGE ( 'NONE', *, *, #1648, .T. ) ;
#1487 = CYLINDRICAL_SURFACE ( 'NONE', #1729, 2.999999999999988898 ) ;
#1488 = FACE_OUTER_BOUND ( 'NONE', #832, .T. ) ;
#1489 = ORIENTED_EDGE ( 'NONE', *, *, #2355, .F. ) ;
#1490 = AXIS2_PLACEMENT_3D ( 'NONE', #1592, #888, #540 ) ;
#1491 = CARTESIAN_POINT ( 'NONE',  ( 29.92647058823589745, 1013.504763855667306, -7.500000000000000000 ) ) ;
#1492 = PERSON_AND_ORGANIZATION ( #1146, #1296 ) ;
#1493 = CARTESIAN_POINT ( 'NONE',  ( -85.00000000000000000, 0.000000000000000000, 7.500000000000000000 ) ) ;
#1494 = APPROVAL ( #61, 'UNSPECIFIED' ) ;
#1495 = AXIS2_PLACEMENT_3D ( 'NONE', #1101, #368, #1088 ) ;
#1496 = CONICAL_SURFACE ( 'NONE', #733, 999.9999999999998863, 0.7853981633974372878 ) ;
#1497 = CARTESIAN_POINT ( 'NONE',  ( -68.90967611852357777, 2.999999999999999556, 11.50000000000000000 ) ) ;
#1498 = APPROVAL ( #1317, 'UNSPECIFIED' ) ;
#1499 = DIRECTION ( 'NONE',  ( -0.000000000000000000, -0.000000000000000000, 1.000000000000000000 ) ) ;
#1500 = EDGE_LOOP ( 'NONE', ( #1774, #933, #1762, #1921 ) ) ;
#1501 = CARTESIAN_POINT ( 'NONE',  ( -82.72397815578361246, 19.22574696416608475, 7.500000000000000888 ) ) ;
#1502 = VERTEX_POINT ( 'NONE', #1236 ) ;
#1503 = FACE_OUTER_BOUND ( 'NONE', #1277, .T. ) ;
#1504 = COORDINATED_UNIVERSAL_TIME_OFFSET ( 5, 30, .AHEAD. ) ;
#1505 = MANIFOLD_SOLID_BREP ( 'Boss-Extrude4', #2324 ) ;
#1506 = AXIS2_PLACEMENT_3D ( 'NONE', #1809, #1436, #1209 ) ;
#1507 = PLANE ( 'NONE',  #1388 ) ;
#1508 = EDGE_CURVE ( 'NONE', #459, #803, #1997, .T. ) ;
#1509 = CIRCLE ( 'NONE', #1695, 3.000000000000002665 ) ;
#1510 = CARTESIAN_POINT ( 'NONE',  ( -100.6885940138923843, 4.665462514913884640, 12.50000000000000000 ) ) ;
#1511 = EDGE_CURVE ( 'NONE', #843, #1391, #728, .T. ) ;
#1512 = VERTEX_POINT ( 'NONE', #1973 ) ;
#1513 = ORIENTED_EDGE ( 'NONE', *, *, #2184, .T. ) ;
#1514 = DIRECTION ( 'NONE',  ( 1.000000000000000000, 0.000000000000000000, 0.000000000000000000 ) ) ;
#1515 = CONICAL_SURFACE ( 'NONE', #1818, 450.0000000000000568, 0.7853981633974704835 ) ;
#1516 = ORIENTED_EDGE ( 'NONE', *, *, #2059, .F. ) ;
#1517 = FACE_OUTER_BOUND ( 'NONE', #253, .T. ) ;
#1518 = TOROIDAL_SURFACE ( 'NONE', #482, 15.50000000000000711, 1.000000000000000000 ) ;
#1519 = DIRECTION ( 'NONE',  ( 1.000000000000000000, 1.734723475976805517E-15, 0.000000000000000000 ) ) ;
#1520 = CALENDAR_DATE ( 2026, 12, 8 ) ;
#1521 = DIRECTION ( 'NONE',  ( 1.000000000000000000, 0.000000000000000000, 0.000000000000000000 ) ) ;
#1522 = CARTESIAN_POINT ( 'NONE',  ( -92.14488364714675583, -13.97255665999341723, 12.48730321279972166 ) ) ;
#1523 = ORIENTED_EDGE ( 'NONE', *, *, #2107, .T. ) ;
#1524 = EDGE_LOOP ( 'NONE', ( #82, #554, #2187, #1582 ) ) ;
#1525 = EDGE_CURVE ( 'NONE', #1625, #1056, #1435, .T. ) ;
#1526 = CARTESIAN_POINT ( 'NONE',  ( -85.00000000000000000, 0.000000000000000000, 7.500000000000000000 ) ) ;
#1527 = EDGE_LOOP ( 'NONE', ( #2321, #1111, #1775, #1199 ) ) ;
#1528 = LINE ( 'NONE', #1099, #476 ) ;
#1529 = DIRECTION ( 'NONE',  ( -0.9659258262890683122, -0.2588190451025211836, 0.000000000000000000 ) ) ;
#1530 = COORDINATED_UNIVERSAL_TIME_OFFSET ( 5, 30, .AHEAD. ) ;
#1531 = CIRCLE ( 'NONE', #2061, 3.000000000000002665 ) ;
#1532 = LINE ( 'NONE', #1129, #673 ) ;
#1533 = AXIS2_PLACEMENT_3D ( 'NONE', #1526, #1002, #81 ) ;
#1534 = DIRECTION ( 'NONE',  ( 0.000000000000000000, 0.000000000000000000, 1.000000000000000000 ) ) ;
#1535 = ORIENTED_EDGE ( 'NONE', *, *, #628, .F. ) ;
#1536 = CIRCLE ( 'NONE', #2029, 1.000000000000000222 ) ;
#1537 = DIRECTION ( 'NONE',  ( -0.9335804264972038524, 0.3583679495452947172, 0.000000000000000000 ) ) ;
#1538 = ORIENTED_EDGE ( 'NONE', *, *, #1783, .F. ) ;
#1539 = CARTESIAN_POINT ( 'NONE',  ( -79.92795239962761400, 15.70109337401561334, 11.66876121442357039 ) ) ;
#1540 = DIRECTION ( 'NONE',  ( 1.000000000000000000, 0.000000000000000000, 0.000000000000000000 ) ) ;
#1541 = EDGE_CURVE ( 'NONE', #2070, #2356, #1980, .T. ) ;
#1542 = ORIENTED_EDGE ( 'NONE', *, *, #1564, .T. ) ;
#1543 = CARTESIAN_POINT ( 'NONE',  ( -85.00000000000000000, 0.000000000000000000, -17.50000000000000000 ) ) ;
#1544 = AXIS2_PLACEMENT_3D ( 'NONE', #700, #1974, #153 ) ;
#1545 = CARTESIAN_POINT ( 'NONE',  ( -92.21668257440461502, -13.82251917562138743, 12.49999999999999645 ) ) ;
#1546 = ORIENTED_EDGE ( 'NONE', *, *, #1074, .F. ) ;
#1547 = AXIS2_PLACEMENT_3D ( 'NONE', #1654, #2063, #1127 ) ;
#1548 = CARTESIAN_POINT ( 'NONE',  ( -101.6478620749834363, 7.747339998106365755, 11.50000000000000000 ) ) ;
#1549 = ORIENTED_EDGE ( 'NONE', *, *, #455, .T. ) ;
#1550 = CARTESIAN_POINT ( 'NONE',  ( -95.54380147658139322, -15.03332428760781347, 12.50000000000000000 ) ) ;
#1551 = EDGE_CURVE ( 'NONE', #405, #925, #988, .T. ) ;
#1552 = CIRCLE ( 'NONE', #1664, 15.50000000000000000 ) ;
#1553 = DIRECTION ( 'NONE',  ( 1.000000000000000000, 0.000000000000000000, 0.000000000000000000 ) ) ;
#1554 = CARTESIAN_POINT ( 'NONE',  ( -67.30567178844465559, 4.741180954897512123, 12.50000000000000000 ) ) ;
#1555 = DIRECTION ( 'NONE',  ( -0.000000000000000000, -0.000000000000000000, -1.000000000000000000 ) ) ;
#1556 = ORIENTED_EDGE ( 'NONE', *, *, #557, .T. ) ;
#1557 = CARTESIAN_POINT ( 'NONE',  ( -98.17392810556977167, 8.528136640556461145, 12.48730452859747864 ) ) ;
#1558 = ORIENTED_EDGE ( 'NONE', *, *, #1294, .T. ) ;
#1559 = CARTESIAN_POINT ( 'NONE',  ( -102.5557548668867867, 5.382198414004471410, 12.50000000000000000 ) ) ;
#1560 = CARTESIAN_POINT ( 'NONE',  ( -102.5814425014806375, 8.105707947651652034, 11.50000000000000000 ) ) ;
#1561 = AXIS2_PLACEMENT_3D ( 'NONE', #2131, #494, #320 ) ;
#1562 = DIRECTION ( 'NONE',  ( 1.000000000000000000, 0.000000000000000000, 0.000000000000000000 ) ) ;
#1563 = LINE ( 'NONE', #1456, #2039 ) ;
#1564 = EDGE_CURVE ( 'NONE', #2072, #967, #2247, .T. ) ;
#1565 = ORIENTED_EDGE ( 'NONE', *, *, #720, .T. ) ;
#1566 = AXIS2_PLACEMENT_3D ( 'NONE', #1611, #1759, #318 ) ;
#1567 = DIRECTION ( 'NONE',  ( 0.5446390350150173143, -0.8386705679454303786, 0.000000000000000000 ) ) ;
#1568 = VECTOR ( 'NONE', #1672, 1000.000000000000114 ) ;
#1569 = ORIENTED_EDGE ( 'NONE', *, *, #1564, .F. ) ;
#1570 = CARTESIAN_POINT ( 'NONE',  ( -81.11427296000124443, 15.10092700737623694, 12.49999999999999822 ) ) ;
#1571 = ORIENTED_EDGE ( 'NONE', *, *, #865, .F. ) ;
#1572 = PLANE ( 'NONE',  #2204 ) ;
#1573 = CARTESIAN_POINT ( 'NONE',  ( 29.92647058823589745, 1013.504763855667306, 7.500000000000000000 ) ) ;
#1574 = CARTESIAN_POINT ( 'NONE',  ( -69.53919962029327451, 1.101658576356767671, 12.50000000000000000 ) ) ;
#1575 = ORIENTED_EDGE ( 'NONE', *, *, #1828, .T. ) ;
#1576 = ADVANCED_FACE ( 'NONE', ( #875 ), #2145, .T. ) ;
#1577 = LINE ( 'NONE', #1781, #1907 ) ;
#1578 = AXIS2_PLACEMENT_3D ( 'NONE', #1894, #652, #812 ) ;
#1579 = ORIENTED_EDGE ( 'NONE', *, *, #963, .F. ) ;
#1580 = CARTESIAN_POINT ( 'NONE',  ( -79.58936854623057400, -15.06827074528860422, 12.36993840020068980 ) ) ;
#1581 = DIRECTION ( 'NONE',  ( -0.000000000000000000, -0.000000000000000000, 1.000000000000000000 ) ) ;
#1582 = ORIENTED_EDGE ( 'NONE', *, *, #1648, .F. ) ;
#1583 = DIRECTION ( 'NONE',  ( -0.000000000000000000, 0.000000000000000000, 1.000000000000000000 ) ) ;
#1584 = AXIS2_PLACEMENT_3D ( 'NONE', #2277, #2092, #2100 ) ;
#1585 = VECTOR ( 'NONE', #433, 1000.000000000000000 ) ;
#1586 = DIRECTION ( 'NONE',  ( 0.000000000000000000, 0.000000000000000000, 1.000000000000000000 ) ) ;
#1587 = CARTESIAN_POINT ( 'NONE',  ( -68.50002392889005876, 0.02810076154515775068, 11.50000000000000000 ) ) ;
#1588 = EDGE_LOOP ( 'NONE', ( #1787, #1165, #1135, #1848 ) ) ;
#1589 = DIRECTION ( 'NONE',  ( 0.7771459614569664609, -0.6293203910498429421, 0.000000000000000000 ) ) ;
#1590 = CC_DESIGN_DATE_AND_TIME_ASSIGNMENT ( #971, #1128, ( #750 ) ) ;
#1591 = ORIENTED_EDGE ( 'NONE', *, *, #2049, .T. ) ;
#1592 = CARTESIAN_POINT ( 'NONE',  ( -75.04995088630195710, -12.99596265175510723, 7.500000000000000888 ) ) ;
#1593 = DIRECTION ( 'NONE',  ( 0.000000000000000000, 0.000000000000000000, 1.000000000000000000 ) ) ;
#1594 = ORIENTED_EDGE ( 'NONE', *, *, #1441, .F. ) ;
#1595 = EDGE_LOOP ( 'NONE', ( #1010, #1463, #292, #1685 ) ) ;
#1596 = DIRECTION ( 'NONE',  ( 0.000000000000000000, 0.000000000000000000, 1.000000000000000000 ) ) ;
#1597 = CARTESIAN_POINT ( 'NONE',  ( -79.88098602451240993, 16.22985835990235870, 7.500000000000000888 ) ) ;
#1598 = EDGE_LOOP ( 'NONE', ( #24, #2009, #1732, #2096 ) ) ;
#1599 = CARTESIAN_POINT ( 'NONE',  ( -85.25391577307304658, 19.35833537641282476, 7.500000000000000888 ) ) ;
#1600 = EDGE_LOOP ( 'NONE', ( #539, #725, #1014, #2038 ) ) ;
#1601 = CIRCLE ( 'NONE', #1983, 17.49999999999994671 ) ;
#1602 = CARTESIAN_POINT ( 'NONE',  ( -75.02302083649162512, -15.36320065859497674, 12.50000000000000000 ) ) ;
#1603 = ORIENTED_EDGE ( 'NONE', *, *, #1120, .F. ) ;
#1604 = EDGE_CURVE ( 'NONE', #993, #1663, #1040, .T. ) ;
#1605 = ORIENTED_EDGE ( 'NONE', *, *, #1481, .F. ) ;
#1606 = AXIS2_PLACEMENT_3D ( 'NONE', #1033, #381, #2002 ) ;
#1607 = DIRECTION ( 'NONE',  ( 0.7071067811865615615, 0.000000000000000000, 0.7071067811865335839 ) ) ;
#1608 = ADVANCED_FACE ( 'NONE', ( #866 ), #506, .T. ) ;
#1609 = CARTESIAN_POINT ( 'NONE',  ( -85.00000000000000000, 0.000000000000000000, 12.50000000000000000 ) ) ;
#1610 = ORIENTED_EDGE ( 'NONE', *, *, #2228, .T. ) ;
#1611 = CARTESIAN_POINT ( 'NONE',  ( -85.00000000000000000, 0.000000000000000000, 12.50000000000000000 ) ) ;
#1612 = ORIENTED_EDGE ( 'NONE', *, *, #648, .T. ) ;
#1613 = CIRCLE ( 'NONE', #1918, 16.50000000000000000 ) ;
#1614 = CARTESIAN_POINT ( 'NONE',  ( -79.35478664864281484, -14.64285724049952542, 12.48730321279972699 ) ) ;
#1615 = DIRECTION ( 'NONE',  ( 1.000000000000000000, 0.000000000000000000, 0.000000000000000000 ) ) ;
#1616 = FACE_OUTER_BOUND ( 'NONE', #1940, .T. ) ;
#1617 = VERTEX_POINT ( 'NONE', #1834 ) ;
#1618 = CIRCLE ( 'NONE', #439, 1.000000000000000888 ) ;
#1619 = ORIENTED_EDGE ( 'NONE', *, *, #2102, .T. ) ;
#1620 = DIRECTION ( 'NONE',  ( 1.000000000000000000, 0.000000000000000000, 0.000000000000000000 ) ) ;
#1621 = EDGE_CURVE ( 'NONE', #521, #1726, #609, .T. ) ;
#1622 = CARTESIAN_POINT ( 'NONE',  ( 80.00000000000000000, 3.184081677783118901E-14, -2.500000000000000444 ) ) ;
#1623 = AXIS2_PLACEMENT_3D ( 'NONE', #1483, #397, #1789 ) ;
#1624 = DIRECTION ( 'NONE',  ( 0.000000000000000000, 0.000000000000000000, 1.000000000000000000 ) ) ;
#1625 = VERTEX_POINT ( 'NONE', #739 ) ;
#1626 = CARTESIAN_POINT ( 'NONE',  ( -79.26769785574691696, -14.50114670869612254, 12.50000000000000355 ) ) ;
#1627 = EDGE_LOOP ( 'NONE', ( #1705, #370, #1649, #1857 ) ) ;
#1628 = ORIENTED_EDGE ( 'NONE', *, *, #2256, .T. ) ;
#1629 = CARTESIAN_POINT ( 'NONE',  ( -100.2609498195043614, 2.711717279985235596, 12.50000000000000000 ) ) ;
#1630 = CYLINDRICAL_SURFACE ( 'NONE', #2265, 20.00000000000000355 ) ;
#1631 = DIRECTION ( 'NONE',  ( -1.000000000000000000, 0.000000000000000000, 0.000000000000000000 ) ) ;
#1632 = DIRECTION ( 'NONE',  ( 1.000000000000000000, 0.000000000000000000, 0.000000000000000000 ) ) ;
#1633 = DIRECTION ( 'NONE',  ( -0.000000000000000000, -0.000000000000000000, -1.000000000000000000 ) ) ;
#1634 = LINE ( 'NONE', #2207, #1453 ) ;
#1635 = EDGE_CURVE ( 'NONE', #1806, #1357, #26, .T. ) ;
#1636 = ORIENTED_EDGE ( 'NONE', *, *, #2001, .F. ) ;
#1637 = AXIS2_PLACEMENT_3D ( 'NONE', #1408, #712, #518 ) ;
#1638 = LINE ( 'NONE', #2209, #1905 ) ;
#1639 = ORIENTED_EDGE ( 'NONE', *, *, #583, .T. ) ;
#1640 = VERTEX_POINT ( 'NONE', #1501 ) ;
#1641 = AXIS2_PLACEMENT_3D ( 'NONE', #148, #672, #1198 ) ;
#1642 = CARTESIAN_POINT ( 'NONE',  ( 0.000000000000000000, 0.000000000000000000, 7.500000000000000000 ) ) ;
#1643 = CARTESIAN_POINT ( 'NONE',  ( -90.00000000000001421, 6.123233995736772199E-16, -17.50000000000000000 ) ) ;
#1644 = CARTESIAN_POINT ( 'NONE',  ( -68.90967611852357777, 2.999999999999999556, 11.50000000000000000 ) ) ;
#1645 = AXIS2_PLACEMENT_3D ( 'NONE', #1195, #360, #837 ) ;
#1646 = CARTESIAN_POINT ( 'NONE',  ( -12.72058823529426341, 423.8816894310817247, -5.000000000000330402 ) ) ;
#1647 = DIRECTION ( 'NONE',  ( -0.000000000000000000, -0.000000000000000000, -1.000000000000000000 ) ) ;
#1648 = EDGE_CURVE ( 'NONE', #1512, #1056, #1403, .T. ) ;
#1649 = ORIENTED_EDGE ( 'NONE', *, *, #2200, .F. ) ;
#1650 = ADVANCED_FACE ( 'NONE', ( #1488 ), #1112, .T. ) ;
#1651 = DIRECTION ( 'NONE',  ( -0.000000000000000000, -0.000000000000000000, 1.000000000000000000 ) ) ;
#1652 = VERTEX_POINT ( 'NONE', #1134 ) ;
#1653 = AXIS2_PLACEMENT_3D ( 'NONE', #475, #2122, #451 ) ;
#1654 = CARTESIAN_POINT ( 'NONE',  ( -82.88098602451239572, 16.22985835990235870, 7.500000000000000888 ) ) ;
#1655 = CARTESIAN_POINT ( 'NONE',  ( -85.41092364180185825, 16.36244677214908450, 7.500000000000000888 ) ) ;
#1656 = CIRCLE ( 'NONE', #2276, 3.000000000000002665 ) ;
#1657 = EDGE_CURVE ( 'NONE', #2124, #603, #685, .T. ) ;
#1658 = CARTESIAN_POINT ( 'NONE',  ( -103.4893352933840021, 5.740566363549769235, 11.50000000000000000 ) ) ;
#1659 = DIRECTION ( 'NONE',  ( 0.000000000000000000, 0.000000000000000000, 1.000000000000000000 ) ) ;
#1660 = AXIS2_PLACEMENT_3D ( 'NONE', #467, #1745, #111 ) ;
#1661 = CARTESIAN_POINT ( 'NONE',  ( -72.04995088630195710, -12.99596265175510723, 7.500000000000000888 ) ) ;
#1662 = AXIS2_PLACEMENT_3D ( 'NONE', #1415, #657, #1553 ) ;
#1663 = VERTEX_POINT ( 'NONE', #935 ) ;
#1664 = AXIS2_PLACEMENT_3D ( 'NONE', #2163, #523, #1440 ) ;
#1665 = PRODUCT_RELATED_PRODUCT_CATEGORY ( 'detail', '', ( #2037 ) ) ;
#1666 = ORIENTED_EDGE ( 'NONE', *, *, #1792, .F. ) ;
#1667 = ADVANCED_FACE ( 'NONE', ( #2233 ), #687, .T. ) ;
#1668 = CARTESIAN_POINT ( 'NONE',  ( -99.78070122198900549, 7.030604099015818953, 7.500000000000000888 ) ) ;
#1669 = DATE_AND_TIME ( #1520, #234 ) ;
#1670 = DIRECTION ( 'NONE',  ( 1.000000000000000000, 0.000000000000000000, 0.000000000000000000 ) ) ;
#1671 = DIRECTION ( 'NONE',  ( -0.000000000000000000, -0.000000000000000000, -1.000000000000000000 ) ) ;
#1672 = DIRECTION ( 'NONE',  ( 0.03836735577431975991, -0.7060651145686888119, 0.7071067811865412445 ) ) ;
#1673 = ORIENTED_EDGE ( 'NONE', *, *, #300, .T. ) ;
#1674 = CC_DESIGN_APPROVAL ( #1494, ( #805 ) ) ;
#1675 = FACE_OUTER_BOUND ( 'NONE', #448, .T. ) ;
#1676 = EDGE_LOOP ( 'NONE', ( #1254, #112 ) ) ;
#1677 = CARTESIAN_POINT ( 'NONE',  ( -88.19956906229187155, 15.99521837276943970, 12.10368025391360902 ) ) ;
#1678 = DIRECTION ( 'NONE',  ( -0.000000000000000000, -0.000000000000000000, -1.000000000000000000 ) ) ;
#1679 = CIRCLE ( 'NONE', #2183, 0.9999999999999951150 ) ;
#1680 = EDGE_CURVE ( 'NONE', #1748, #792, #416, .T. ) ;
#1681 = TOROIDAL_SURFACE ( 'NONE', #2343, 1.999999999999996669, 1.000000000000000000 ) ;
#1682 = LINE ( 'NONE', #280, #1741 ) ;
#1683 = TOROIDAL_SURFACE ( 'NONE', #735, 15.50000000000000711, 1.000000000000000000 ) ;
#1684 = CARTESIAN_POINT ( 'NONE',  ( -79.87450157486659919, -15.68372614827086231, 11.50000000000000000 ) ) ;
#1685 = ORIENTED_EDGE ( 'NONE', *, *, #513, .T. ) ;
#1686 = ORIENTED_EDGE ( 'NONE', *, *, #2371, .F. ) ;
#1687 = CARTESIAN_POINT ( 'NONE',  ( -105.0000000000000142, 0.000000000000000000, -5.000000000000330402 ) ) ;
#1688 = EDGE_LOOP ( 'NONE', ( #1862, #1486, #1337, #702 ) ) ;
#1689 = DIRECTION ( 'NONE',  ( 0.000000000000000000, -0.000000000000000000, -1.000000000000000000 ) ) ;
#1690 = APPLICATION_PROTOCOL_DEFINITION ( 'international standard', 'config_control_design', 1994, #470 ) ;
#1691 = EDGE_CURVE ( 'NONE', #1652, #445, #1638, .T. ) ;
#1692 = AXIS2_PLACEMENT_3D ( 'NONE', #763, #2211, #605 ) ;
#1693 = ADVANCED_FACE ( 'NONE', ( #1675 ), #2021, .T. ) ;
#1694 = CARTESIAN_POINT ( 'NONE',  ( -79.87450157486659919, -15.68372614827086231, 10.00000000000000000 ) ) ;
#1695 = AXIS2_PLACEMENT_3D ( 'NONE', #798, #2098, #84 ) ;
#1696 = DIRECTION ( 'NONE',  ( -1.000000000000000000, 0.000000000000000000, 0.000000000000000000 ) ) ;
#1697 = VERTEX_POINT ( 'NONE', #1278 ) ;
#1698 = CARTESIAN_POINT ( 'NONE',  ( -97.94817170637601578, -9.760879709391680592, 12.21125264017294931 ) ) ;
#1699 = VERTEX_POINT ( 'NONE', #2050 ) ;
#1700 = AXIS2_PLACEMENT_3D ( 'NONE', #43, #226, #909 ) ;
#1701 = DIRECTION ( 'NONE',  ( 1.000000000000000000, 0.000000000000000000, 0.000000000000000000 ) ) ;
#1702 = PERSON_AND_ORGANIZATION ( #1146, #1296 ) ;
#1703 = CARTESIAN_POINT ( 'NONE',  ( 0.000000000000000000, 0.000000000000000000, 7.500000000000000888 ) ) ;
#1704 = DIRECTION ( 'NONE',  ( -0.000000000000000000, 0.000000000000000000, 1.000000000000000000 ) ) ;
#1705 = ORIENTED_EDGE ( 'NONE', *, *, #1107, .F. ) ;
#1706 = ORIENTED_EDGE ( 'NONE', *, *, #1718, .F. ) ;
#1707 = ADVANCED_FACE ( 'NONE', ( #391 ), #1716, .T. ) ;
#1708 = CARTESIAN_POINT ( 'NONE',  ( -98.16107934159995807, 8.361989098029701140, 12.49999999999999822 ) ) ;
#1709 = VERTEX_POINT ( 'NONE', #578 ) ;
#1710 = DIRECTION ( 'NONE',  ( 0.000000000000000000, -1.000000000000000000, 0.000000000000000000 ) ) ;
#1711 = CARTESIAN_POINT ( 'NONE',  ( 0.000000000000000000, 0.000000000000000000, 7.500000000000000000 ) ) ;
#1712 = AXIS2_PLACEMENT_3D ( 'NONE', #240, #1476, #1123 ) ;
#1713 = FACE_OUTER_BOUND ( 'NONE', #2330, .T. ) ;
#1714 = APPROVAL_PERSON_ORGANIZATION ( #2212, #1494, #776 ) ;
#1715 = B_SPLINE_CURVE_WITH_KNOTS ( 'NONE', 3,
 ( #104, #1708, #1557, #426, #831, #265, #1911, #1145, #1345, #252 ),
 .UNSPECIFIED., .F., .F.,
 ( 4, 2, 2, 2, 4 ),
 ( -6.578102695102585745E-06, 0.0004905520520395167949, 0.0009876822067741361511, 0.001484812361508755507, 0.001981942516243374863 ),
 .UNSPECIFIED. ) ;
#1716 = TOROIDAL_SURFACE ( 'NONE', #1255, 1.999999999999998224, 1.000000000000000000 ) ;
#1717 = CARTESIAN_POINT ( 'NONE',  ( -82.77631411202654022, 18.22711742941149993, 12.50000000000000000 ) ) ;
#1718 = EDGE_CURVE ( 'NONE', #947, #2290, #951, .T. ) ;
#1719 = ORIENTED_EDGE ( 'NONE', *, *, #2262, .F. ) ;
#1720 = CIRCLE ( 'NONE', #844, 447.5000000000002842 ) ;
#1721 = DIRECTION ( 'NONE',  ( 0.000000000000000000, 0.000000000000000000, 1.000000000000000000 ) ) ;
#1722 = EDGE_CURVE ( 'NONE', #401, #505, #57, .T. ) ;
#1723 = ORIENTED_EDGE ( 'NONE', *, *, #1845, .F. ) ;
#1724 = PLANE ( 'NONE',  #364 ) ;
#1725 = CARTESIAN_POINT ( 'NONE',  ( -87.94160396716829098, -17.25099898847449253, -7.500000000000000000 ) ) ;
#1726 = VERTEX_POINT ( 'NONE', #1687 ) ;
#1727 = EDGE_CURVE ( 'NONE', #1147, #1438, #1297, .T. ) ;
#1728 = DIRECTION ( 'NONE',  ( -0.3583679495452841701, -0.9335804264972078492, 0.000000000000000000 ) ) ;
#1729 = AXIS2_PLACEMENT_3D ( 'NONE', #590, #216, #1448 ) ;
#1730 = LINE ( 'NONE', #1554, #1259 ) ;
#1731 = DIRECTION ( 'NONE',  ( 0.000000000000000000, 0.000000000000000000, 1.000000000000000000 ) ) ;
#1732 = ORIENTED_EDGE ( 'NONE', *, *, #1722, .T. ) ;
#1733 = CIRCLE ( 'NONE', #1273, 3.000000000000002665 ) ;
#1734 = DIRECTION ( 'NONE',  ( 1.000000000000000000, 0.000000000000000000, 0.000000000000000000 ) ) ;
#1735 = ORIENTED_EDGE ( 'NONE', *, *, #272, .T. ) ;
#1736 = VECTOR ( 'NONE', #1409, 1000.000000000000000 ) ;
#1737 = DIRECTION ( 'NONE',  ( -0.2588190451025220162, 0.9659258262890679791, 0.000000000000000000 ) ) ;
#1738 = EDGE_CURVE ( 'NONE', #1954, #1957, #2036, .T. ) ;
#1739 = EDGE_CURVE ( 'NONE', #38, #2257, #1210, .T. ) ;
#1740 = ORIENTED_EDGE ( 'NONE', *, *, #1541, .T. ) ;
#1741 = VECTOR ( 'NONE', #584, 1000.000000000000000 ) ;
#1742 = ADVANCED_FACE ( 'NONE', ( #924 ), #694, .T. ) ;
#1743 = CARTESIAN_POINT ( 'NONE',  ( -100.6885940138923843, 4.665462514913884640, 7.500000000000000888 ) ) ;
#1744 = CARTESIAN_POINT ( 'NONE',  ( -85.00000000000000000, 0.000000000000000000, 7.500000000000000000 ) ) ;
#1745 = DIRECTION ( 'NONE',  ( 0.000000000000000000, 0.000000000000000000, 1.000000000000000000 ) ) ;
#1746 = VERTEX_POINT ( 'NONE', #1881 ) ;
#1747 = FACE_OUTER_BOUND ( 'NONE', #1192, .T. ) ;
#1748 = VERTEX_POINT ( 'NONE', #2095 ) ;
#1749 = DIRECTION ( 'NONE',  ( -0.000000000000000000, -0.000000000000000000, -1.000000000000000000 ) ) ;
#1750 = ORIENTED_EDGE ( 'NONE', *, *, #660, .T. ) ;
#1751 = EDGE_CURVE ( 'NONE', #1957, #803, #2025, .T. ) ;
#1752 = FACE_OUTER_BOUND ( 'NONE', #1500, .T. ) ;
#1753 = EDGE_CURVE ( 'NONE', #2128, #2188, #13, .T. ) ;
#1754 = CIRCLE ( 'NONE', #495, 3.000000000000016431 ) ;
#1755 = CARTESIAN_POINT ( 'NONE',  ( -85.00000000000000000, 0.000000000000000000, -7.500000000000000000 ) ) ;
#1756 = DIRECTION ( 'NONE',  ( 1.000000000000000000, 0.000000000000000000, 0.000000000000000000 ) ) ;
#1757 = ORIENTED_EDGE ( 'NONE', *, *, #1303, .F. ) ;
#1758 = CIRCLE ( 'NONE', #880, 3.000000000000002665 ) ;
#1759 = DIRECTION ( 'NONE',  ( 0.000000000000000000, 0.000000000000000000, 1.000000000000000000 ) ) ;
#1760 = EDGE_LOOP ( 'NONE', ( #979, #2106, #958, #428 ) ) ;
#1761 = CARTESIAN_POINT ( 'NONE',  ( 88.36967545638945865, -14.61660998038209769, 4.999999999999997335 ) ) ;
#1762 = ORIENTED_EDGE ( 'NONE', *, *, #246, .F. ) ;
#1763 = CARTESIAN_POINT ( 'NONE',  ( -85.00000000000000000, 0.000000000000000000, 7.500000000000000000 ) ) ;
#1764 = LINE ( 'NONE', #858, #922 ) ;
#1765 = CARTESIAN_POINT ( 'NONE',  ( -75.54072982169603279, -16.89176809748923347, 7.500000000000000888 ) ) ;
#1766 = DIRECTION ( 'NONE',  ( -0.000000000000000000, -0.000000000000000000, -1.000000000000000000 ) ) ;
#1767 = EDGE_CURVE ( 'NONE', #993, #636, #1758, .T. ) ;
#1768 = CARTESIAN_POINT ( 'NONE',  ( -85.00000000000000000, 0.000000000000000000, 7.500000000000000000 ) ) ;
#1769 = AXIS2_PLACEMENT_3D ( 'NONE', #995, #833, #2299 ) ;
#1770 = ORIENTED_EDGE ( 'NONE', *, *, #1231, .F. ) ;
#1771 = CARTESIAN_POINT ( 'NONE',  ( -72.75693124186571481, -11.06152192890275465, 10.00000000000000000 ) ) ;
#1772 = PLANE ( 'NONE',  #1544 ) ;
#1773 = B_SPLINE_CURVE_WITH_KNOTS ( 'NONE', 3,
 ( #991, #968, #650, #639, #1698, #2084, #90, #818, #70, #1367 ),
 .UNSPECIFIED., .F., .F.,
 ( 4, 2, 2, 2, 4 ),
 ( 0.000000000000000000, 0.0004980977809551746316, 0.0009961955619103492632, 0.001494293342865524003, 0.001992391123820698526 ),
 .UNSPECIFIED. ) ;
#1774 = ORIENTED_EDGE ( 'NONE', *, *, #1738, .T. ) ;
#1775 = ORIENTED_EDGE ( 'NONE', *, *, #1680, .T. ) ;
#1776 = CARTESIAN_POINT ( 'NONE',  ( 85.00000000000000000, 3.122849337825751327E-14, -7.500000000000000000 ) ) ;
#1777 = FACE_OUTER_BOUND ( 'NONE', #615, .T. ) ;
#1778 = CIRCLE ( 'NONE', #1194, 3.000000000000002665 ) ;
#1779 = AXIS2_PLACEMENT_3D ( 'NONE', #2294, #829, #1756 ) ;
#1780 = ORIENTED_EDGE ( 'NONE', *, *, #472, .F. ) ;
#1781 = CARTESIAN_POINT ( 'NONE',  ( -60.64582562299417390, -16.25000000000006395, 7.500000000000000888 ) ) ;
#1782 = ORIENTED_EDGE ( 'NONE', *, *, #1941, .F. ) ;
#1783 = EDGE_CURVE ( 'NONE', #2188, #532, #1715, .T. ) ;
#1784 = CARTESIAN_POINT ( 'NONE',  ( -79.87450157486659919, -15.68372614827086231, 11.50000000000000000 ) ) ;
#1785 = CARTESIAN_POINT ( 'NONE',  ( -88.40305123091302164, 16.14525448296748422, 10.00000000000000000 ) ) ;
#1786 = ORIENTED_EDGE ( 'NONE', *, *, #1604, .T. ) ;
#1787 = ORIENTED_EDGE ( 'NONE', *, *, #1970, .F. ) ;
#1788 = DIRECTION ( 'NONE',  ( 1.000000000000000000, 0.000000000000000000, 0.000000000000000000 ) ) ;
#1789 = DIRECTION ( 'NONE',  ( 1.000000000000000000, 0.000000000000000000, 0.000000000000000000 ) ) ;
#1790 = ORIENTED_EDGE ( 'NONE', *, *, #2254, .T. ) ;
#1791 = DIRECTION ( 'NONE',  ( 1.000000000000000000, 0.000000000000000000, 0.000000000000000000 ) ) ;
#1792 = EDGE_CURVE ( 'NONE', #1697, #651, #119, .T. ) ;
#1793 = EDGE_LOOP ( 'NONE', ( #191, #278, #649, #1579 ) ) ;
#1794 = VECTOR ( 'NONE', #1624, 1000.000000000000000 ) ;
#1795 = EDGE_CURVE ( 'NONE', #2070, #2364, #1773, .T. ) ;
#1796 = DIRECTION ( 'NONE',  ( 0.8386705679454287132, 0.5446390350150198678, -0.000000000000000000 ) ) ;
#1797 = AXIS2_PLACEMENT_3D ( 'NONE', #2055, #1704, #779 ) ;
#1798 = ADVANCED_FACE ( 'NONE', ( #1356 ), #1890, .T. ) ;
#1799 = VERTEX_POINT ( 'NONE', #807 ) ;
#1800 = ORIENTED_EDGE ( 'NONE', *, *, #1835, .T. ) ;
#1801 = AXIS2_PLACEMENT_3D ( 'NONE', #2064, #1678, #1864 ) ;
#1802 = DIRECTION ( 'NONE',  ( 0.000000000000000000, 0.000000000000000000, -1.000000000000000000 ) ) ;
#1803 = CARTESIAN_POINT ( 'NONE',  ( -85.00000000000000000, 0.000000000000000000, -7.500000000000000000 ) ) ;
#1804 = DIRECTION ( 'NONE',  ( 1.000000000000000000, 0.000000000000000000, 0.000000000000000000 ) ) ;
#1805 = DIRECTION ( 'NONE',  ( -0.000000000000000000, -0.000000000000000000, -1.000000000000000000 ) ) ;
#1806 = VERTEX_POINT ( 'NONE', #795 ) ;
#1807 = AXIS2_PLACEMENT_3D ( 'NONE', #2132, #1581, #1421 ) ;
#1808 = CARTESIAN_POINT ( 'NONE',  ( -101.5000000000000000, 0.000000000000000000, 12.50000000000000000 ) ) ;
#1809 = CARTESIAN_POINT ( 'NONE',  ( 85.00000000000000000, 3.122849337825751327E-14, 7.500000000000000000 ) ) ;
#1810 = ORIENTED_EDGE ( 'NONE', *, *, #2200, .T. ) ;
#1811 = CIRCLE ( 'NONE', #2042, 16.50000000000000000 ) ;
#1812 = ORIENTED_EDGE ( 'NONE', *, *, #123, .T. ) ;
#1813 = PLANE ( 'NONE',  #2237 ) ;
#1814 = FACE_OUTER_BOUND ( 'NONE', #179, .T. ) ;
#1815 = CARTESIAN_POINT ( 'NONE',  ( -68.50002392889005876, 0.02810076154515775762, 11.66876121442357750 ) ) ;
#1816 = DIRECTION ( 'NONE',  ( 0.000000000000000000, -0.000000000000000000, -1.000000000000000000 ) ) ;
#1817 = EDGE_CURVE ( 'NONE', #264, #353, #2142, .T. ) ;
#1818 = AXIS2_PLACEMENT_3D ( 'NONE', #1646, #1096, #8 ) ;
#1819 = DIRECTION ( 'NONE',  ( -0.9659258262890701996, -0.2588190451025138561, 0.000000000000000000 ) ) ;
#1820 = CIRCLE ( 'NONE', #789, 3.000000000000002665 ) ;
#1821 = CARTESIAN_POINT ( 'NONE',  ( 84.18610547667344690, 14.97790291412341368, 4.999999999999997335 ) ) ;
#1822 = VERTEX_POINT ( 'NONE', #2108 ) ;
#1823 = DIRECTION ( 'NONE',  ( -0.000000000000000000, -0.000000000000000000, 1.000000000000000000 ) ) ;
#1824 = ORIENTED_EDGE ( 'NONE', *, *, #1722, .F. ) ;
#1825 = ORIENTED_EDGE ( 'NONE', *, *, #1739, .F. ) ;
#1826 = DIRECTION ( 'NONE',  ( 1.000000000000000000, 0.000000000000000000, 0.000000000000000000 ) ) ;
#1827 = CARTESIAN_POINT ( 'NONE',  ( -85.00000000000000000, 0.000000000000000000, 7.500000000000000000 ) ) ;
#1828 = EDGE_CURVE ( 'NONE', #600, #1357, #277, .T. ) ;
#1829 = ADVANCED_FACE ( 'NONE', ( #1747 ), #1923, .T. ) ;
#1830 = DIRECTION ( 'NONE',  ( -1.000000000000000000, 0.000000000000000000, 0.000000000000000000 ) ) ;
#1831 = FACE_OUTER_BOUND ( 'NONE', #1998, .T. ) ;
#1832 = EDGE_LOOP ( 'NONE', ( #1558, #1686, #1538, #1235 ) ) ;
#1833 = DIRECTION ( 'NONE',  ( 0.07967184969683789586, 0.7026040110658701154, -0.7071067811865723307 ) ) ;
#1834 = CARTESIAN_POINT ( 'NONE',  ( -103.4893352933840021, 5.740566363549769235, 7.500000000000000888 ) ) ;
#1835 = EDGE_CURVE ( 'NONE', #445, #1806, #1679, .T. ) ;
#1836 = APPROVAL_PERSON_ORGANIZATION ( #1327, #1498, #927 ) ;
#1837 = ORIENTED_EDGE ( 'NONE', *, *, #1245, .F. ) ;
#1838 = CARTESIAN_POINT ( 'NONE',  ( -88.09105984079707241, 15.91776269972346824, 12.21125592503878643 ) ) ;
#1839 = PERSON_AND_ORGANIZATION ( #1146, #1296 ) ;
#1840 = CARTESIAN_POINT ( 'NONE',  ( -60.64582562299417390, -16.25000000000006395, 11.50000000000000000 ) ) ;
#1841 = CIRCLE ( 'NONE', #463, 3.000000000000002665 ) ;
#1842 = CARTESIAN_POINT ( 'NONE',  ( -91.73681620105990930, -15.06204858155547299, 7.500000000000000888 ) ) ;
#1843 = CC_DESIGN_PERSON_AND_ORGANIZATION_ASSIGNMENT ( #74, #2027, ( #2298 ) ) ;
#1844 = DIRECTION ( 'NONE',  ( 1.000000000000000000, 0.000000000000000000, 0.000000000000000000 ) ) ;
#1845 = EDGE_CURVE ( 'NONE', #1056, #1132, #654, .T. ) ;
#1846 = ORIENTED_EDGE ( 'NONE', *, *, #571, .T. ) ;
#1847 = DIRECTION ( 'NONE',  ( -0.000000000000000000, -0.000000000000000000, 1.000000000000000000 ) ) ;
#1848 = ORIENTED_EDGE ( 'NONE', *, *, #1122, .F. ) ;
#1849 = VECTOR ( 'NONE', #2003, 1000.000000000000114 ) ;
#1850 = DIRECTION ( 'NONE',  ( -0.000000000000000000, -0.000000000000000000, -1.000000000000000000 ) ) ;
#1851 = TOROIDAL_SURFACE ( 'NONE', #591, 2.000000000000003553, 1.000000000000000000 ) ;
#1852 = CARTESIAN_POINT ( 'NONE',  ( -80.88098602451240993, 16.22985835990235870, 12.50000000000000000 ) ) ;
#1853 = CARTESIAN_POINT ( 'NONE',  ( -85.00000000000000000, 0.000000000000000000, 12.50000000000000000 ) ) ;
#1854 = CYLINDRICAL_SURFACE ( 'NONE', #351, 16.50000000000000000 ) ;
#1855 = EDGE_CURVE ( 'NONE', #2253, #159, #437, .T. ) ;
#1856 = CIRCLE ( 'NONE', #2164, 5.000000000000004441 ) ;
#1857 = ORIENTED_EDGE ( 'NONE', *, *, #2049, .F. ) ;
#1858 = CYLINDRICAL_SURFACE ( 'NONE', #1428, 5.000000000000004441 ) ;
#1859 = CARTESIAN_POINT ( 'NONE',  ( -102.1018084709350262, 6.564769206055633077, 12.50000000000000000 ) ) ;
#1860 = VECTOR ( 'NONE', #1013, 1000.000000000000000 ) ;
#1861 = EDGE_CURVE ( 'NONE', #1479, #1349, #2129, .T. ) ;
#1862 = ORIENTED_EDGE ( 'NONE', *, *, #1170, .T. ) ;
#1863 = DIRECTION ( 'NONE',  ( 0.000000000000000000, 0.000000000000000000, 1.000000000000000000 ) ) ;
#1864 = DIRECTION ( 'NONE',  ( 1.000000000000000000, -1.776356839400251254E-15, 0.000000000000000000 ) ) ;
#1865 = FACE_OUTER_BOUND ( 'NONE', #15, .T. ) ;
#1866 = CARTESIAN_POINT ( 'NONE',  ( -85.00000000000000000, 0.000000000000000000, -5.000000000000330402 ) ) ;
#1867 = ORIENTED_EDGE ( 'NONE', *, *, #2198, .F. ) ;
#1868 = ORIENTED_EDGE ( 'NONE', *, *, #1399, .T. ) ;
#1869 = DIRECTION ( 'NONE',  ( 1.000000000000000000, 0.000000000000000000, 0.000000000000000000 ) ) ;
#1870 = ORIENTED_EDGE ( 'NONE', *, *, #1551, .F. ) ;
#1871 = CIRCLE ( 'NONE', #802, 450.0000000000000568 ) ;
#1872 = LINE ( 'NONE', #395, #2359 ) ;
#1873 = ADVANCED_FACE ( 'NONE', ( #1433 ), #427, .T. ) ;
#1874 = PERSON_AND_ORGANIZATION_ROLE ( 'creator' ) ;
#1875 = TOROIDAL_SURFACE ( 'NONE', #158, 2.000000000000000888, 1.000000000000000000 ) ;
#1876 = AXIS2_PLACEMENT_3D ( 'NONE', #1097, #1499, #201 ) ;
#1877 = DIRECTION ( 'NONE',  ( -0.000000000000000000, -0.000000000000000000, -1.000000000000000000 ) ) ;
#1878 = CARTESIAN_POINT ( 'NONE',  ( -98.15558891806574593, 8.196369941557643202, 12.50000000000000000 ) ) ;
#1879 = ORIENTED_EDGE ( 'NONE', *, *, #2015, .T. ) ;
#1880 = EDGE_LOOP ( 'NONE', ( #424, #1719, #1837, #954, #1343, #1239 ) ) ;
#1881 = CARTESIAN_POINT ( 'NONE',  ( -69.50000000000000000, 0.000000000000000000, 12.50000000000000000 ) ) ;
#1882 = ORIENTED_EDGE ( 'NONE', *, *, #1930, .F. ) ;
#1883 = DIRECTION ( 'NONE',  ( 0.000000000000000000, 0.000000000000000000, -1.000000000000000000 ) ) ;
#1884 = CIRCLE ( 'NONE', #174, 16.50000000000000000 ) ;
#1885 = CARTESIAN_POINT ( 'NONE',  ( 85.00000000000000000, 3.122849337825751327E-14, -5.000000000000330402 ) ) ;
#1886 = EDGE_CURVE ( 'NONE', #2356, #1447, #842, .T. ) ;
#1887 = DIRECTION ( 'NONE',  ( 1.000000000000000000, 0.000000000000000000, 0.000000000000000000 ) ) ;
#1888 = ORIENTED_EDGE ( 'NONE', *, *, #272, .F. ) ;
#1889 = ORIENTED_EDGE ( 'NONE', *, *, #2073, .T. ) ;
#1890 = CYLINDRICAL_SURFACE ( 'NONE', #2222, 1.000000000000002887 ) ;
#1891 = CIRCLE ( 'NONE', #1049, 15.50000000000000000 ) ;
#1892 = VERTEX_POINT ( 'NONE', #862 ) ;
#1893 = AXIS2_PLACEMENT_3D ( 'NONE', #1241, #1992, #1068 ) ;
#1894 = CARTESIAN_POINT ( 'NONE',  ( -68.90967611852357777, 2.999999999999999556, 7.500000000000000888 ) ) ;
#1895 = CARTESIAN_POINT ( 'NONE',  ( -99.36067228656301609, 10.00105451829652203, 7.500000000000000888 ) ) ;
#1896 = ADVANCED_FACE ( 'NONE', ( #161 ), #1410, .T. ) ;
#1897 = CARTESIAN_POINT ( 'NONE',  ( -91.73681620105993773, -15.06204858155547122, 11.66876012631443693 ) ) ;
#1898 = EDGE_CURVE ( 'NONE', #1077, #2364, #1173, .T. ) ;
#1899 = VERTEX_POINT ( 'NONE', #886 ) ;
#1900 = DIRECTION ( 'NONE',  ( 1.000000000000000000, 0.000000000000000000, 0.000000000000000000 ) ) ;
#1901 = ORIENTED_EDGE ( 'NONE', *, *, #2059, .T. ) ;
#1902 = DIRECTION ( 'NONE',  ( 1.000000000000000000, 0.000000000000000000, 0.000000000000000000 ) ) ;
#1903 = DIRECTION ( 'NONE',  ( 0.000000000000000000, 0.000000000000000000, 1.000000000000000000 ) ) ;
#1904 = ORIENTED_EDGE ( 'NONE', *, *, #936, .F. ) ;
#1905 = VECTOR ( 'NONE', #1290, 1000.000000000000000 ) ;
#1906 = CARTESIAN_POINT ( 'NONE',  ( -66.66759328465475676, 6.223542864692347187, 11.50000000000000000 ) ) ;
#1907 = VECTOR ( 'NONE', #1379, 1000.000000000000114 ) ;
#1908 = CARTESIAN_POINT ( 'NONE',  ( -92.01449595847932983, -14.27157311079285762, 12.42226429100454510 ) ) ;
#1909 = ORIENTED_EDGE ( 'NONE', *, *, #1718, .T. ) ;
#1910 = ADVANCED_FACE ( 'NONE', ( #1981, #2331 ), #526, .F. ) ;
#1911 = CARTESIAN_POINT ( 'NONE',  ( -98.31097710875961582, 9.428793209474566339, 12.10368025391361080 ) ) ;
#1912 = ORIENTED_EDGE ( 'NONE', *, *, #1855, .F. ) ;
#1913 = EDGE_CURVE ( 'NONE', #2269, #1699, #1601, .T. ) ;
#1914 = FACE_OUTER_BOUND ( 'NONE', #1280, .T. ) ;
#1915 = CARTESIAN_POINT ( 'NONE',  ( 85.00000000000000000, 3.122849337825751327E-14, -2.500000000000000444 ) ) ;
#1916 = ORIENTED_EDGE ( 'NONE', *, *, #1303, .T. ) ;
#1917 = CARTESIAN_POINT ( 'NONE',  ( -72.81503544680904838, -11.06023879450261660, 11.83148804205154647 ) ) ;
#1918 = AXIS2_PLACEMENT_3D ( 'NONE', #691, #1596, #1620 ) ;
#1919 = DIRECTION ( 'NONE',  ( 0.000000000000000000, 0.000000000000000000, 1.000000000000000000 ) ) ;
#1920 = CARTESIAN_POINT ( 'NONE',  ( -69.43740927667572294, 0.9708970541594975634, 12.49999999999999645 ) ) ;
#1921 = ORIENTED_EDGE ( 'NONE', *, *, #1930, .T. ) ;
#1922 = AXIS2_PLACEMENT_3D ( 'NONE', #2040, #406, #39 ) ;
#1923 = CYLINDRICAL_SURFACE ( 'NONE', #462, 16.50000000000000000 ) ;
#1924 = ADVANCED_FACE ( 'NONE', ( #136 ), #1875, .T. ) ;
#1925 = ORIENTED_EDGE ( 'NONE', *, *, #2267, .F. ) ;
#1926 = EDGE_CURVE ( 'NONE', #159, #521, #389, .T. ) ;
#1927 = CARTESIAN_POINT ( 'NONE',  ( -80.00000000000000000, 0.000000000000000000, -17.50000000000000000 ) ) ;
#1928 = DIRECTION ( 'NONE',  ( 1.000000000000000000, 0.000000000000000000, 0.000000000000000000 ) ) ;
#1929 = CARTESIAN_POINT ( 'NONE',  ( -79.17461036825541498, -14.36366372616551068, 12.50000000000000000 ) ) ;
#1930 = EDGE_CURVE ( 'NONE', #771, #1954, #2143, .T. ) ;
#1931 = ORIENTED_EDGE ( 'NONE', *, *, #2119, .F. ) ;
#1932 = AXIS2_PLACEMENT_3D ( 'NONE', #756, #2004, #1632 ) ;
#1933 = DIRECTION ( 'NONE',  ( 1.000000000000000000, 0.000000000000000000, 0.000000000000000000 ) ) ;
#1934 = DIRECTION ( 'NONE',  ( -1.000000000000000000, 0.000000000000000000, 0.000000000000000000 ) ) ;
#1935 = CARTESIAN_POINT ( 'NONE',  ( -68.68908771183302520, 0.1959420952190573106, 12.10368025391362323 ) ) ;
#1936 = DIRECTION ( 'NONE',  ( -1.000000000000000000, 0.000000000000000000, 0.000000000000000000 ) ) ;
#1937 = CARTESIAN_POINT ( 'NONE',  ( -73.41603378125691393, -15.51197435559140914, 11.50000000000000000 ) ) ;
#1938 = ORIENTED_EDGE ( 'NONE', *, *, #865, .T. ) ;
#1939 = CARTESIAN_POINT ( 'NONE',  ( -96.25398970823380296, -11.88470606526634299, 7.500000000000000888 ) ) ;
#1940 = EDGE_LOOP ( 'NONE', ( #1542, #423, #2051, #1931 ) ) ;
#1941 = EDGE_CURVE ( 'NONE', #1617, #600, #1233, .T. ) ;
#1942 = CARTESIAN_POINT ( 'NONE',  ( -74.08439816750103546, -11.13492288908227756, 12.49999999999999289 ) ) ;
#1943 = AXIS2_PLACEMENT_3D ( 'NONE', #1223, #152, #2245 ) ;
#1944 = DIRECTION ( 'NONE',  ( 0.5446390350150182025, -0.8386705679454299345, 0.000000000000000000 ) ) ;
#1945 = AXIS2_PLACEMENT_3D ( 'NONE', #420, #209, #407 ) ;
#1946 = CARTESIAN_POINT ( 'NONE',  ( 85.00000000000000000, 3.122849337825751327E-14, -2.500000000000000444 ) ) ;
#1947 = ORIENTED_EDGE ( 'NONE', *, *, #108, .T. ) ;
#1948 = AXIS2_PLACEMENT_3D ( 'NONE', #873, #1219, #1405 ) ;
#1949 = DIRECTION ( 'NONE',  ( 1.000000000000000000, 0.000000000000000000, 0.000000000000000000 ) ) ;
#1950 = CIRCLE ( 'NONE', #2345, 2.000000000000001776 ) ;
#1951 = ORIENTED_EDGE ( 'NONE', *, *, #413, .F. ) ;
#1952 = AXIS2_PLACEMENT_3D ( 'NONE', #489, #4, #1944 ) ;
#1953 = DIRECTION ( 'NONE',  ( 0.1588480243740587883, -0.6890336023391590015, 0.7071067811865335839 ) ) ;
#1954 = VERTEX_POINT ( 'NONE', #2373 ) ;
#1955 = EDGE_CURVE ( 'NONE', #2290, #1062, #1577, .T. ) ;
#1956 = ADVANCED_FACE ( 'NONE', ( #2118 ), #1140, .T. ) ;
#1957 = VERTEX_POINT ( 'NONE', #1937 ) ;
#1958 = DIRECTION ( 'NONE',  ( -0.000000000000000000, 0.000000000000000000, 1.000000000000000000 ) ) ;
#1959 = CIRCLE ( 'NONE', #477, 16.50000000000000000 ) ;
#1960 = VERTEX_POINT ( 'NONE', #504 ) ;
#1961 = DIRECTION ( 'NONE',  ( -0.5446390350150189796, 0.8386705679454293794, 0.000000000000000000 ) ) ;
#1962 = CIRCLE ( 'NONE', #1506, 12.49999999999995559 ) ;
#1963 = EDGE_LOOP ( 'NONE', ( #78, #1346, #1048, #1230 ) ) ;
#1964 = ORIENTED_EDGE ( 'NONE', *, *, #1508, .T. ) ;
#1965 = DIRECTION ( 'NONE',  ( 1.000000000000000000, 0.000000000000000000, 0.000000000000000000 ) ) ;
#1966 = DIRECTION ( 'NONE',  ( 0.8386705679454287132, 0.5446390350150198678, 0.000000000000000000 ) ) ;
#1967 = AXIS2_PLACEMENT_3D ( 'NONE', #478, #2150, #1373 ) ;
#1968 = CIRCLE ( 'NONE', #1052, 3.000000000000002665 ) ;
#1969 = VERTEX_POINT ( 'NONE', #305 ) ;
#1970 = EDGE_CURVE ( 'NONE', #2269, #251, #917, .T. ) ;
#1971 = CARTESIAN_POINT ( 'NONE',  ( -65.90967611852357777, 2.999999999999999556, 11.50000000000000000 ) ) ;
#1972 = ORIENTED_EDGE ( 'NONE', *, *, #766, .T. ) ;
#1973 = CARTESIAN_POINT ( 'NONE',  ( -88.36183310533515112, -19.71542741539915156, -5.000000000000330402 ) ) ;
#1974 = DIRECTION ( 'NONE',  ( 0.9659258262890679791, 0.2588190451025220162, -0.000000000000000000 ) ) ;
#1975 = EDGE_LOOP ( 'NONE', ( #271, #1591, #304, #625, #724, #2133, #1475, #1513, #1087, #1846, #438, #1152, #1133, #514, #1964, #340, #1311, #1, #1016, #2281, #473, #1628, #1424, #579 ) ) ;
#1976 = VERTEX_POINT ( 'NONE', #1971 ) ;
#1977 = CARTESIAN_POINT ( 'NONE',  ( -85.41092364180185825, 16.36244677214908450, 11.50000000000000000 ) ) ;
#1978 = CARTESIAN_POINT ( 'NONE',  ( -72.04995088630195710, -12.99596265175510723, 11.50000000000000000 ) ) ;
#1979 = FACE_OUTER_BOUND ( 'NONE', #1452, .T. ) ;
#1980 = CIRCLE ( 'NONE', #1249, 16.50000000000000000 ) ;
#1981 = FACE_BOUND ( 'NONE', #1676, .T. ) ;
#1982 = VERTEX_POINT ( 'NONE', #1599 ) ;
#1983 = AXIS2_PLACEMENT_3D ( 'NONE', #1768, #1958, #1037 ) ;
#1984 = DIRECTION ( 'NONE',  ( 1.000000000000000000, 0.000000000000000000, 0.000000000000000000 ) ) ;
#1985 = LINE ( 'NONE', #1785, #631 ) ;
#1986 = AXIS2_PLACEMENT_3D ( 'NONE', #1827, #1469, #669 ) ;
#1987 = ORIENTED_EDGE ( 'NONE', *, *, #1680, .F. ) ;
#1988 = ORIENTED_EDGE ( 'NONE', *, *, #823, .F. ) ;
#1989 = CARTESIAN_POINT ( 'NONE',  ( -85.00000000000000000, 0.000000000000000000, 11.50000000000000000 ) ) ;
#1990 = DIRECTION ( 'NONE',  ( 1.000000000000000000, 0.000000000000000000, 0.000000000000000000 ) ) ;
#1991 = DIRECTION ( 'NONE',  ( 1.000000000000000000, 0.000000000000000000, 0.000000000000000000 ) ) ;
#1992 = DIRECTION ( 'NONE',  ( 0.000000000000000000, 0.000000000000000000, 1.000000000000000000 ) ) ;
#1993 = DIRECTION ( 'NONE',  ( 0.000000000000000000, 0.000000000000000000, 1.000000000000000000 ) ) ;
#1994 = FACE_OUTER_BOUND ( 'NONE', #1437, .T. ) ;
#1995 = EDGE_LOOP ( 'NONE', ( #1740, #487, #237, #388 ) ) ;
#1996 = CIRCLE ( 'NONE', #626, 3.000000000000016431 ) ;
#1997 = LINE ( 'NONE', #1602, #2218 ) ;
#1998 = EDGE_LOOP ( 'NONE', ( #1594, #541, #978, #1412 ) ) ;
#1999 = ORIENTED_EDGE ( 'NONE', *, *, #2239, .F. ) ;
#2000 = CARTESIAN_POINT ( 'NONE',  ( -71.03695255782156437, 6.940473848300491966, 12.50000000000000000 ) ) ;
#2001 = EDGE_CURVE ( 'NONE', #925, #1892, #536, .T. ) ;
#2002 = DIRECTION ( 'NONE',  ( 1.000000000000000000, 0.000000000000000000, 0.000000000000000000 ) ) ;
#2003 = DIRECTION ( 'NONE',  ( -0.07967184969683979712, -0.7026040110658775539, -0.7071067811865646702 ) ) ;
#2004 = DIRECTION ( 'NONE',  ( 0.000000000000000000, 0.000000000000000000, 1.000000000000000000 ) ) ;
#2005 = AXIS2_PLACEMENT_3D ( 'NONE', #2193, #745, #199 ) ;
#2006 = CARTESIAN_POINT ( 'NONE',  ( 84.18610547667346111, 14.97790291412319341, -5.000000000000330402 ) ) ;
#2007 = AXIS2_PLACEMENT_3D ( 'NONE', #2079, #2054, #248 ) ;
#2008 = LINE ( 'NONE', #1821, #1568 ) ;
#2009 = ORIENTED_EDGE ( 'NONE', *, *, #1478, .F. ) ;
#2010 = CARTESIAN_POINT ( 'NONE',  ( -70.69655117981081105, 8.225652062191098679, 10.00000000000000000 ) ) ;
#2011 = ORIENTED_EDGE ( 'NONE', *, *, #7, .T. ) ;
#2012 = CYLINDRICAL_SURFACE ( 'NONE', #1692, 3.000000000000002665 ) ;
#2013 = CYLINDRICAL_SURFACE ( 'NONE', #1606, 3.000000000000002665 ) ;
#2014 = DIRECTION ( 'NONE',  ( 0.000000000000000000, 0.000000000000000000, 1.000000000000000000 ) ) ;
#2015 = EDGE_CURVE ( 'NONE', #137, #2124, #1634, .T. ) ;
#2016 = EDGE_CURVE ( 'NONE', #1960, #2128, #2023, .T. ) ;
#2017 = DIRECTION ( 'NONE',  ( 0.000000000000000000, 0.000000000000000000, 1.000000000000000000 ) ) ;
#2018 = DIRECTION ( 'NONE',  ( 1.000000000000000000, 0.000000000000000000, 0.000000000000000000 ) ) ;
#2019 = VERTEX_POINT ( 'NONE', #563 ) ;
#2020 = VECTOR ( 'NONE', #378, 1000.000000000000000 ) ;
#2021 = CYLINDRICAL_SURFACE ( 'NONE', #769, 1.000000000000000222 ) ;
#2022 = CC_DESIGN_APPROVAL ( #1498, ( #750 ) ) ;
#2023 = CIRCLE ( 'NONE', #2101, 2.000000000000015543 ) ;
#2024 = ORIENTED_EDGE ( 'NONE', *, *, #1283, .T. ) ;
#2025 = CIRCLE ( 'NONE', #241, 1.000000000000001554 ) ;
#2026 = CARTESIAN_POINT ( 'NONE',  ( -87.71376669570965134, 15.66895805025824551, 12.42226674930539687 ) ) ;
#2027 = PERSON_AND_ORGANIZATION_ROLE ( 'classification_officer' ) ;
#2028 = DIRECTION ( 'NONE',  ( 0.2588190451025219607, -0.9659258262890678681, -0.000000000000000000 ) ) ;
#2029 = AXIS2_PLACEMENT_3D ( 'NONE', #412, #35, #2046 ) ;
#2030 = ADVANCED_FACE ( 'NONE', ( #1994 ), #921, .T. ) ;
#2031 = FACE_OUTER_BOUND ( 'NONE', #589, .T. ) ;
#2032 = FACE_OUTER_BOUND ( 'NONE', #285, .T. ) ;
#2033 = EDGE_CURVE ( 'NONE', #1640, #1982, #387, .T. ) ;
#2034 = ORIENTED_EDGE ( 'NONE', *, *, #571, .F. ) ;
#2035 = DIRECTION ( 'NONE',  ( 1.000000000000000000, 0.000000000000000000, 0.000000000000000000 ) ) ;
#2036 = LINE ( 'NONE', #46, #500 ) ;
#2037 = PRODUCT ( 'Part_1_ARM_1_Default_sldprt', 'Part_1_ARM_1_Default_sldprt', '', ( #2249 ) ) ;
#2038 = ORIENTED_EDGE ( 'NONE', *, *, #180, .F. ) ;
#2039 = VECTOR ( 'NONE', #1364, 1000.000000000000000 ) ;
#2040 = CARTESIAN_POINT ( 'NONE',  ( -85.00000000000000000, 0.000000000000000000, 7.500000000000000000 ) ) ;
#2041 = COORDINATED_UNIVERSAL_TIME_OFFSET ( 5, 30, .AHEAD. ) ;
#2042 = AXIS2_PLACEMENT_3D ( 'NONE', #1989, #1397, #1078 ) ;
#2043 = CARTESIAN_POINT ( 'NONE',  ( -94.28516069448170356, -13.47903236469386457, 7.500000000000000888 ) ) ;
#2044 = DIRECTION ( 'NONE',  ( -0.000000000000000000, -0.000000000000000000, 1.000000000000000000 ) ) ;
#2045 = AXIS2_PLACEMENT_3D ( 'NONE', #732, #1260, #1804 ) ;
#2046 = DIRECTION ( 'NONE',  ( -0.05233595624293262139, -0.9986295347545746104, 0.000000000000000000 ) ) ;
#2047 = VECTOR ( 'NONE', #1274, 1000.000000000000114 ) ;
#2048 = ORIENTED_EDGE ( 'NONE', *, *, #570, .F. ) ;
#2049 = EDGE_CURVE ( 'NONE', #689, #2157, #883, .T. ) ;
#2050 = CARTESIAN_POINT ( 'NONE',  ( -102.4999999999999574, 0.000000000000000000, 7.500000000000000000 ) ) ;
#2051 = ORIENTED_EDGE ( 'NONE', *, *, #2215, .F. ) ;
#2052 = CARTESIAN_POINT ( 'NONE',  ( -88.35679814914637120, 16.11006361066984738, 11.83148804205152693 ) ) ;
#2053 = APPROVAL_DATE_TIME ( #1137, #1494 ) ;
#2054 = DIRECTION ( 'NONE',  ( -0.7771459614569645735, 0.6293203910498453846, -7.509976180004485961E-15 ) ) ;
#2055 = CARTESIAN_POINT ( 'NONE',  ( -85.41092364180185825, 16.36244677214908450, 7.500000000000000888 ) ) ;
#2056 = ORIENTED_EDGE ( 'NONE', *, *, #1243, .T. ) ;
#2057 = LOCAL_TIME ( 12, 4, 36.00000000000000000, #1191 ) ;
#2058 = DIRECTION ( 'NONE',  ( 1.000000000000000000, 0.000000000000000000, 0.000000000000000000 ) ) ;
#2059 = EDGE_CURVE ( 'NONE', #1960, #137, #1536, .T. ) ;
#2060 = ORIENTED_EDGE ( 'NONE', *, *, #1336, .F. ) ;
#2061 = AXIS2_PLACEMENT_3D ( 'NONE', #2270, #627, #127 ) ;
#2062 = DIRECTION ( 'NONE',  ( 1.000000000000000000, 0.000000000000000000, 0.000000000000000000 ) ) ;
#2063 = DIRECTION ( 'NONE',  ( -0.000000000000000000, 0.000000000000000000, 1.000000000000000000 ) ) ;
#2064 = CARTESIAN_POINT ( 'NONE',  ( -85.00000000000000000, 0.000000000000000000, 11.50000000000000000 ) ) ;
#2065 = EDGE_CURVE ( 'NONE', #810, #299, #1841, .T. ) ;
#2066 = AXIS2_PLACEMENT_3D ( 'NONE', #492, #709, #1949 ) ;
#2067 = CIRCLE ( 'NONE', #1031, 2.000000000000001776 ) ;
#2068 = DIRECTION ( 'NONE',  ( 1.000000000000000000, 0.000000000000000000, 0.000000000000000000 ) ) ;
#2069 = DIRECTION ( 'NONE',  ( 1.000000000000000000, 0.000000000000000000, 0.000000000000000000 ) ) ;
#2070 = VERTEX_POINT ( 'NONE', #1261 ) ;
#2071 = DIRECTION ( 'NONE',  ( 0.3583679495452863906, 0.9335804264972070721, -1.226112183241818487E-14 ) ) ;
#2072 = VERTEX_POINT ( 'NONE', #1684 ) ;
#2073 = EDGE_CURVE ( 'NONE', #2257, #2363, #86, .T. ) ;
#2074 = DIRECTION ( 'NONE',  ( 0.000000000000000000, 0.000000000000000000, 1.000000000000000000 ) ) ;
#2075 = EDGE_CURVE ( 'NONE', #2253, #671, #2008, .T. ) ;
#2076 = VECTOR ( 'NONE', #303, 1000.000000000000000 ) ;
#2077 = ADVANCED_FACE ( 'NONE', ( #1444 ), #747, .T. ) ;
#2078 = CIRCLE ( 'NONE', #131, 3.000000000000002665 ) ;
#2079 = CARTESIAN_POINT ( 'NONE',  ( -95.54380147658137901, -15.03332428760780459, 11.50000000000000000 ) ) ;
#2080 = CARTESIAN_POINT ( 'NONE',  ( -66.90967611852357777, 2.999999999999999556, 11.50000000000000000 ) ) ;
#2081 = ORIENTED_EDGE ( 'NONE', *, *, #472, .T. ) ;
#2082 = EDGE_CURVE ( 'NONE', #1625, #990, #1720, .T. ) ;
#2083 = CIRCLE ( 'NONE', #2282, 2.000000000000015543 ) ;
#2084 = CARTESIAN_POINT ( 'NONE',  ( -97.65880001209180250, -9.802168037516198140, 12.36993840020067736 ) ) ;
#2085 = AXIS2_PLACEMENT_3D ( 'NONE', #1497, #1877, #1161 ) ;
#2086 = EDGE_LOOP ( 'NONE', ( #820, #1603, #1372, #1535 ) ) ;
#2087 = CARTESIAN_POINT ( 'NONE',  ( -68.90967611852357777, 2.999999999999999556, 7.500000000000000888 ) ) ;
#2088 = AXIS2_PLACEMENT_3D ( 'NONE', #1493, #1115, #1670 ) ;
#2089 = CARTESIAN_POINT ( 'NONE',  ( -92.11904398022247165, 35.36118792585130421, 7.500000000000000888 ) ) ;
#2090 = DIRECTION ( 'NONE',  ( -0.1188587492999970130, -0.6970456209710017559, -0.7071067811865411334 ) ) ;
#2091 = VERTEX_POINT ( 'NONE', #190 ) ;
#2092 = DIRECTION ( 'NONE',  ( -0.000000000000000000, 0.000000000000000000, 1.000000000000000000 ) ) ;
#2093 = DIRECTION ( 'NONE',  ( 0.000000000000000000, 0.000000000000000000, 1.000000000000000000 ) ) ;
#2094 = ORIENTED_EDGE ( 'NONE', *, *, #1079, .F. ) ;
#2095 = CARTESIAN_POINT ( 'NONE',  ( -70.69655117981081105, 8.225652062191098679, 11.50000000000000000 ) ) ;
#2096 = ORIENTED_EDGE ( 'NONE', *, *, #2134, .T. ) ;
#2097 = B_SPLINE_CURVE_WITH_KNOTS ( 'NONE', 3,
 ( #1213, #2000, #881, #2338, #1256, #1045, #522, #1240, #2162, #183 ),
 .UNSPECIFIED., .F., .F.,
 ( 4, 2, 2, 2, 4 ),
 ( -6.578102695105527491E-06, 0.0004905520520395254686, 0.0009876822067741563172, 0.001484812361508785214, 0.001981942516243413895 ),
 .UNSPECIFIED. ) ;
#2098 = DIRECTION ( 'NONE',  ( -0.000000000000000000, -0.000000000000000000, -1.000000000000000000 ) ) ;
#2099 = FACE_BOUND ( 'NONE', #306, .T. ) ;
#2100 = DIRECTION ( 'NONE',  ( 1.000000000000000000, 0.000000000000000000, 0.000000000000000000 ) ) ;
#2101 = AXIS2_PLACEMENT_3D ( 'NONE', #2180, #376, #538 ) ;
#2102 = EDGE_CURVE ( 'NONE', #1969, #636, #586, .T. ) ;
#2103 = CIRCLE ( 'NONE', #1069, 5.000000000000004441 ) ;
#2104 = DIRECTION ( 'NONE',  ( -0.05233595624293262139, -0.9986295347545746104, 0.000000000000000000 ) ) ;
#2105 = CYLINDRICAL_SURFACE ( 'NONE', #1660, 3.000000000000016431 ) ;
#2106 = ORIENTED_EDGE ( 'NONE', *, *, #2001, .T. ) ;
#2107 = EDGE_CURVE ( 'NONE', #1726, #1512, #2186, .T. ) ;
#2108 = CARTESIAN_POINT ( 'NONE',  ( -68.50002392889005876, 0.02810076154515775068, 7.500000000000000888 ) ) ;
#2109 = EDGE_LOOP ( 'NONE', ( #2297, #508, #2252, #629 ) ) ;
#2110 = DIRECTION ( 'NONE',  ( -0.000000000000000000, 0.000000000000000000, 1.000000000000000000 ) ) ;
#2111 = FACE_OUTER_BOUND ( 'NONE', #147, .T. ) ;
#2112 = ORIENTED_EDGE ( 'NONE', *, *, #27, .T. ) ;
#2113 = CARTESIAN_POINT ( 'NONE',  ( -85.00000000000000000, 0.000000000000000000, -7.500000000000000000 ) ) ;
#2114 = AXIS2_PLACEMENT_3D ( 'NONE', #321, #128, #1615 ) ;
#2115 = DIRECTION ( 'NONE',  ( 0.000000000000000000, 0.000000000000000000, -1.000000000000000000 ) ) ;
#2116 = DIRECTION ( 'NONE',  ( 0.000000000000000000, 0.000000000000000000, -1.000000000000000000 ) ) ;
#2117 = ORIENTED_EDGE ( 'NONE', *, *, #188, .F. ) ;
#2118 = FACE_OUTER_BOUND ( 'NONE', #1600, .T. ) ;
#2119 = EDGE_CURVE ( 'NONE', #2072, #456, #616, .T. ) ;
#2120 = ORIENTED_EDGE ( 'NONE', *, *, #1855, .T. ) ;
#2121 = CARTESIAN_POINT ( 'NONE',  ( -79.97763054997516008, 15.67093004455695926, 11.83148804205152338 ) ) ;
#2122 = DIRECTION ( 'NONE',  ( 0.000000000000000000, 0.000000000000000000, 1.000000000000000000 ) ) ;
#2123 = CONICAL_SURFACE ( 'NONE', #2005, 15.00000000000000000, 0.7853981633974680410 ) ;
#2124 = VERTEX_POINT ( 'NONE', #759 ) ;
#2125 = CARTESIAN_POINT ( 'NONE',  ( -73.59453416367115608, -11.08134130490667246, 12.42226674930540575 ) ) ;
#2126 = DIRECTION ( 'NONE',  ( -1.000000000000000000, 0.000000000000000000, 0.000000000000000000 ) ) ;
#2127 = DIRECTION ( 'NONE',  ( 1.000000000000000000, -6.359357485052899693E-13, 0.000000000000000000 ) ) ;
#2128 = VERTEX_POINT ( 'NONE', #1485 ) ;
#2129 = LINE ( 'NONE', #2358, #2261 ) ;
#2130 = ORIENTED_EDGE ( 'NONE', *, *, #1285, .T. ) ;
#2131 = CARTESIAN_POINT ( 'NONE',  ( -85.00000000000000000, 0.000000000000000000, 12.50000000000000000 ) ) ;
#2132 = CARTESIAN_POINT ( 'NONE',  ( 85.00000000000000000, 3.122849337825751327E-14, -5.000000000000330402 ) ) ;
#2133 = ORIENTED_EDGE ( 'NONE', *, *, #2198, .T. ) ;
#2134 = EDGE_CURVE ( 'NONE', #505, #1044, #2303, .T. ) ;
#2135 = ORIENTED_EDGE ( 'NONE', *, *, #1231, .T. ) ;
#2136 = CARTESIAN_POINT ( 'NONE',  ( -75.04995088630195710, -12.99596265175510723, 12.50000000000000000 ) ) ;
#2137 = ADVANCED_FACE ( 'NONE', ( #1831 ), #1681, .T. ) ;
#2138 = CARTESIAN_POINT ( 'NONE',  ( -74.24753967128009435, -11.16398660332894899, 12.50000000000000000 ) ) ;
#2139 = LINE ( 'NONE', #727, #1070 ) ;
#2140 = LOCAL_TIME ( 12, 4, 36.00000000000000000, #1530 ) ;
#2141 = CARTESIAN_POINT ( 'NONE',  ( -101.0938854849804898, 1.979083938428383593, 12.21125264017293865 ) ) ;
#2142 = CIRCLE ( 'NONE', #1533, 17.49999999999994671 ) ;
#2143 = LINE ( 'NONE', #173, #204 ) ;
#2144 = ORIENTED_EDGE ( 'NONE', *, *, #431, .T. ) ;
#2145 = CYLINDRICAL_SURFACE ( 'NONE', #1561, 16.50000000000000000 ) ;
#2146 = ORIENTED_EDGE ( 'NONE', *, *, #1511, .T. ) ;
#2147 = ORIENTED_EDGE ( 'NONE', *, *, #1149, .F. ) ;
#2148 = LINE ( 'NONE', #1067, #1225 ) ;
#2149 = ADVANCED_FACE ( 'NONE', ( #2032 ), #1854, .T. ) ;
#2150 = DIRECTION ( 'NONE',  ( -0.7771459614569639074, 0.6293203910498461617, -1.733524788639011629E-14 ) ) ;
#2151 = ADVANCED_FACE ( 'NONE', ( #270 ), #429, .T. ) ;
#2152 = ORIENTED_EDGE ( 'NONE', *, *, #766, .F. ) ;
#2153 = AXIS2_PLACEMENT_3D ( 'NONE', #133, #1555, #2127 ) ;
#2154 = DIRECTION ( 'NONE',  ( 0.000000000000000000, -0.000000000000000000, -1.000000000000000000 ) ) ;
#2155 = CIRCLE ( 'NONE', #783, 17.49999999999994671 ) ;
#2156 = ADVANCED_FACE ( 'NONE', ( #290 ), #801, .T. ) ;
#2157 = VERTEX_POINT ( 'NONE', #1717 ) ;
#2158 = DIRECTION ( 'NONE',  ( 0.000000000000000000, 0.000000000000000000, 1.000000000000000000 ) ) ;
#2159 = DIRECTION ( 'NONE',  ( -0.6293203910498429421, -0.7771459614569664609, 0.000000000000000000 ) ) ;
#2160 = EDGE_LOOP ( 'NONE', ( #1546, #2024, #1565, #1824 ) ) ;
#2161 = ORIENTED_EDGE ( 'NONE', *, *, #284, .T. ) ;
#2162 = CARTESIAN_POINT ( 'NONE',  ( -70.69655117981082526, 8.225652062191100455, 11.66876121442357928 ) ) ;
#2163 = CARTESIAN_POINT ( 'NONE',  ( -85.00000000000000000, 0.000000000000000000, 12.50000000000000000 ) ) ;
#2164 = AXIS2_PLACEMENT_3D ( 'NONE', #2113, #693, #680 ) ;
#2165 = EDGE_CURVE ( 'NONE', #1982, #353, #501, .T. ) ;
#2166 = CYLINDRICAL_SURFACE ( 'NONE', #973, 0.9999999999999945599 ) ;
#2167 = ADVANCED_FACE ( 'NONE', ( #1171 ), #1496, .F. ) ;
#2168 = DIRECTION ( 'NONE',  ( -0.000000000000000000, -0.000000000000000000, -1.000000000000000000 ) ) ;
#2169 = ORIENTED_EDGE ( 'NONE', *, *, #2119, .T. ) ;
#2170 = CYLINDRICAL_SURFACE ( 'NONE', #1490, 3.000000000000002665 ) ;
#2171 = CYLINDRICAL_SURFACE ( 'NONE', #1116, 3.000000000000002665 ) ;
#2172 = EDGE_LOOP ( 'NONE', ( #1073, #1610, #1269, #1325 ) ) ;
#2173 = EDGE_LOOP ( 'NONE', ( #1901, #2147, #333, #740 ) ) ;
#2174 = CARTESIAN_POINT ( 'NONE',  ( 88.36967545638945865, -14.61660998038209947, 4.999999999999997335 ) ) ;
#2175 = DIRECTION ( 'NONE',  ( 1.000000000000000000, 0.000000000000000000, 0.000000000000000000 ) ) ;
#2176 = CARTESIAN_POINT ( 'NONE',  ( -65.90967611852357777, 2.999999999999999556, 7.500000000000000888 ) ) ;
#2177 = LINE ( 'NONE', #33, #788 ) ;
#2178 = VECTOR ( 'NONE', #1063, 1000.000000000000000 ) ;
#2179 = CIRCLE ( 'NONE', #1459, 15.50000000000000000 ) ;
#2180 = CARTESIAN_POINT ( 'NONE',  ( -85.41092364180185825, 16.36244677214908450, 12.50000000000000000 ) ) ;
#2181 = EDGE_CURVE ( 'NONE', #1238, #250, #2067, .T. ) ;
#2182 = ORIENTED_EDGE ( 'NONE', *, *, #1792, .T. ) ;
#2183 = AXIS2_PLACEMENT_3D ( 'NONE', #1548, #2071, #2283 ) ;
#2184 = EDGE_CURVE ( 'NONE', #1357, #1077, #577, .T. ) ;
#2185 = DIRECTION ( 'NONE',  ( -0.1588480243740590381, 0.6890336023391508968, 0.7071067811865414665 ) ) ;
#2186 = CIRCLE ( 'NONE', #120, 20.00000000000000355 ) ;
#2187 = ORIENTED_EDGE ( 'NONE', *, *, #1525, .T. ) ;
#2188 = VERTEX_POINT ( 'NONE', #1878 ) ;
#2189 = DIRECTION ( 'NONE',  ( 1.000000000000000000, 0.000000000000000000, 0.000000000000000000 ) ) ;
#2190 = CARTESIAN_POINT ( 'NONE',  ( -85.00000000000000000, 0.000000000000000000, 12.50000000000000000 ) ) ;
#2191 = CARTESIAN_POINT ( 'NONE',  ( -102.4999999999999574, 0.000000000000000000, 7.500000000000000000 ) ) ;
#2192 = CARTESIAN_POINT ( 'NONE',  ( -68.90967611852357777, 2.999999999999999556, 11.50000000000000000 ) ) ;
#2193 = CARTESIAN_POINT ( 'NONE',  ( 85.00000000000000000, 3.122849337825751327E-14, -5.000000000000330402 ) ) ;
#2194 = DIRECTION ( 'NONE',  ( 1.000000000000000000, 0.000000000000000000, 0.000000000000000000 ) ) ;
#2195 = VERTEX_POINT ( 'NONE', #1141 ) ;
#2196 = CIRCLE ( 'NONE', #1423, 3.000000000000002665 ) ;
#2197 = DIRECTION ( 'NONE',  ( 0.000000000000000000, 0.000000000000000000, 1.000000000000000000 ) ) ;
#2198 = EDGE_CURVE ( 'NONE', #2188, #1806, #1950, .T. ) ;
#2199 = ORIENTED_EDGE ( 'NONE', *, *, #108, .F. ) ;
#2200 = EDGE_CURVE ( 'NONE', #2157, #2124, #2224, .T. ) ;
#2201 = CARTESIAN_POINT ( 'NONE',  ( -96.25398970823380296, -11.88470606526634299, 11.50000000000000000 ) ) ;
#2202 = CARTESIAN_POINT ( 'NONE',  ( -82.88098602451239572, 16.22985835990235870, 12.50000000000000000 ) ) ;
#2203 = CARTESIAN_POINT ( 'NONE',  ( -79.92795239962761400, 15.70109337401561334, 11.50000000000000000 ) ) ;
#2204 = AXIS2_PLACEMENT_3D ( 'NONE', #2339, #826, #835 ) ;
#2205 = FACE_OUTER_BOUND ( 'NONE', #1524, .T. ) ;
#2206 = AXIS2_PLACEMENT_3D ( 'NONE', #1081, #682, #546 ) ;
#2207 = CARTESIAN_POINT ( 'NONE',  ( 0.7782335887233796656, 14.84958148141508083, 11.50000000000000000 ) ) ;
#2208 = EDGE_LOOP ( 'NONE', ( #2199, #1247, #2060, #266, #599 ) ) ;
#2209 = CARTESIAN_POINT ( 'NONE',  ( -102.5814425014806375, 8.105707947651652034, 7.500000000000000888 ) ) ;
#2210 = EDGE_LOOP ( 'NONE', ( #1972, #701, #887, #242, #782 ) ) ;
#2211 = DIRECTION ( 'NONE',  ( 0.000000000000000000, 0.000000000000000000, 1.000000000000000000 ) ) ;
#2212 = PERSON_AND_ORGANIZATION ( #1146, #1296 ) ;
#2213 = DIRECTION ( 'NONE',  ( 0.000000000000000000, 0.000000000000000000, 1.000000000000000000 ) ) ;
#2214 = PRODUCT_DEFINITION_SHAPE ( 'NONE', 'NONE',  #750 ) ;
#2215 = EDGE_CURVE ( 'NONE', #456, #2195, #100, .T. ) ;
#2216 = CARTESIAN_POINT ( 'NONE',  ( -67.63351911094382274, 5.964723819589833553, 11.50000000000000000 ) ) ;
#2217 = CARTESIAN_POINT ( 'NONE',  ( 85.00000000000000000, 3.122849337825751327E-14, 7.500000000000000000 ) ) ;
#2218 = VECTOR ( 'NONE', #1394, 1000.000000000000000 ) ;
#2219 = ORIENTED_EDGE ( 'NONE', *, *, #1551, .T. ) ;
#2220 = CARTESIAN_POINT ( 'NONE',  ( -69.56537076352196891, 5.447085729384806285, 12.50000000000000000 ) ) ;
#2221 = CARTESIAN_POINT ( 'NONE',  ( 85.00000000000000000, 3.122849337825751327E-14, 7.500000000000000000 ) ) ;
#2222 = AXIS2_PLACEMENT_3D ( 'NONE', #471, #283, #980 ) ;
#2223 = ORIENTED_EDGE ( 'NONE', *, *, #1243, .F. ) ;
#2224 = CIRCLE ( 'NONE', #1413, 1.000000000000000222 ) ;
#2225 = CARTESIAN_POINT ( 'NONE',  ( 80.00000000000000000, 3.184081677783118901E-14, -2.500000000000000444 ) ) ;
#2226 = DIRECTION ( 'NONE',  ( 1.000000000000000000, 0.000000000000000000, 0.000000000000000000 ) ) ;
#2227 = LINE ( 'NONE', #582, #1860 ) ;
#2228 = EDGE_CURVE ( 'NONE', #1976, #250, #1176, .T. ) ;
#2229 = EDGE_CURVE ( 'NONE', #1512, #990, #466, .T. ) ;
#2230 = DIRECTION ( 'NONE',  ( 1.000000000000000000, 0.000000000000000000, 0.000000000000000000 ) ) ;
#2231 = DIRECTION ( 'NONE',  ( 1.000000000000000000, 0.000000000000000000, 0.000000000000000000 ) ) ;
#2232 = VERTEX_POINT ( 'NONE', #1181 ) ;
#2233 = FACE_OUTER_BOUND ( 'NONE', #1832, .T. ) ;
#2234 = ORIENTED_EDGE ( 'NONE', *, *, #1478, .T. ) ;
#2235 = TOROIDAL_SURFACE ( 'NONE', #929, 15.50000000000000711, 1.000000000000000000 ) ;
#2236 = DIRECTION ( 'NONE',  ( 0.000000000000000000, -1.000000000000000000, 0.000000000000000000 ) ) ;
#2237 = AXIS2_PLACEMENT_3D ( 'NONE', #1642, #3, #679 ) ;
#2238 = DIRECTION ( 'NONE',  ( -1.000000000000000000, 0.000000000000000000, 0.000000000000000000 ) ) ;
#2239 = EDGE_CURVE ( 'NONE', #603, #564, #2263, .T. ) ;
#2240 = DIRECTION ( 'NONE',  ( 0.000000000000000000, 0.000000000000000000, 1.000000000000000000 ) ) ;
#2241 = ORIENTED_EDGE ( 'NONE', *, *, #1285, .F. ) ;
#2242 = VECTOR ( 'NONE', #210, 1000.000000000000000 ) ;
#2243 = ORIENTED_EDGE ( 'NONE', *, *, #737, .F. ) ;
#2244 = EDGE_CURVE ( 'NONE', #1969, #1663, #1108, .T. ) ;
#2245 = DIRECTION ( 'NONE',  ( 1.000000000000000000, 0.000000000000000000, 0.000000000000000000 ) ) ;
#2246 = ORIENTED_EDGE ( 'NONE', *, *, #1353, .F. ) ;
#2247 = B_SPLINE_CURVE_WITH_KNOTS ( 'NONE', 3,
 ( #1784, #354, #2333, #722, #2375, #1580, #2323, #1614, #1626, #1449 ),
 .UNSPECIFIED., .F., .F.,
 ( 4, 2, 2, 2, 4 ),
 ( 0.000000000000000000, 0.0004980977809551874252, 0.0009961955619103748504, 0.001494293342865562167, 0.001992391123820749701 ),
 .UNSPECIFIED. ) ;
#2248 = CARTESIAN_POINT ( 'NONE',  ( -87.43252119635506858, 15.50368784902501851, 12.48730452859748397 ) ) ;
#2249 = MECHANICAL_CONTEXT ( 'NONE', #2278, 'mechanical' ) ;
#2250 = CARTESIAN_POINT ( 'NONE',  ( -83.02822231833904709, 17.38856212497507414, 7.500000000000000888 ) ) ;
#2251 = DIRECTION ( 'NONE',  ( 0.000000000000000000, -1.000000000000000000, 0.000000000000000000 ) ) ;
#2252 = ORIENTED_EDGE ( 'NONE', *, *, #215, .F. ) ;
#2253 = VERTEX_POINT ( 'NONE', #434 ) ;
#2254 = EDGE_CURVE ( 'NONE', #2307, #1030, #2103, .T. ) ;
#2255 = CARTESIAN_POINT ( 'NONE',  ( -102.5557548668868009, 5.382198414004473186, 11.50000000000000000 ) ) ;
#2256 = EDGE_CURVE ( 'NONE', #843, #937, #1730, .T. ) ;
#2257 = VERTEX_POINT ( 'NONE', #502 ) ;
#2258 = PLANE ( 'NONE',  #1769 ) ;
#2259 = LINE ( 'NONE', #1100, #400 ) ;
#2260 = DIRECTION ( 'NONE',  ( -0.000000000000000000, 0.000000000000000000, 1.000000000000000000 ) ) ;
#2261 = VECTOR ( 'NONE', #1589, 1000.000000000000000 ) ;
#2262 = EDGE_CURVE ( 'NONE', #1090, #2091, #49, .T. ) ;
#2263 = CIRCLE ( 'NONE', #992, 2.999999999999988898 ) ;
#2264 = CYLINDRICAL_SURFACE ( 'NONE', #68, 3.000000000000002665 ) ;
#2265 = AXIS2_PLACEMENT_3D ( 'NONE', #1744, #110, #1934 ) ;
#2266 = CARTESIAN_POINT ( 'NONE',  ( -91.81324677626186315, -14.82106587514696194, 12.10367703706568143 ) ) ;
#2267 = EDGE_CURVE ( 'NONE', #1709, #689, #955, .T. ) ;
#2268 = DIRECTION ( 'NONE',  ( -0.000000000000000000, -0.000000000000000000, 1.000000000000000000 ) ) ;
#2269 = VERTEX_POINT ( 'NONE', #558 ) ;
#2270 = CARTESIAN_POINT ( 'NONE',  ( -75.04995088630195710, -12.99596265175510723, 11.50000000000000000 ) ) ;
#2271 = FACE_OUTER_BOUND ( 'NONE', #2173, .T. ) ;
#2272 = EDGE_CURVE ( 'NONE', #1288, #2332, #1334, .T. ) ;
#2273 = EDGE_CURVE ( 'NONE', #671, #748, #314, .T. ) ;
#2274 = VECTOR ( 'NONE', #1227, 1000.000000000000000 ) ;
#2275 = ORIENTED_EDGE ( 'NONE', *, *, #618, .T. ) ;
#2276 = AXIS2_PLACEMENT_3D ( 'NONE', #533, #544, #1826 ) ;
#2277 = CARTESIAN_POINT ( 'NONE',  ( 0.000000000000000000, 0.000000000000000000, 7.500000000000000888 ) ) ;
#2278 = APPLICATION_CONTEXT ( 'configuration controlled 3d designs of mechanical parts and assemblies' ) ;
#2279 = B_SPLINE_CURVE_WITH_KNOTS ( 'NONE', 3,
 ( #983, #1570, #115, #841, #2312, #665, #1384, #2121, #1539, #275 ),
 .UNSPECIFIED., .F., .F.,
 ( 4, 2, 2, 2, 4 ),
 ( -6.578102695117910266E-06, 0.0004905520520394971709, 0.0009876822067741122986, 0.001484812361508727535, 0.001981942516243342771 ),
 .UNSPECIFIED. ) ;
#2280 = DIRECTION ( 'NONE',  ( 1.000000000000000000, 0.000000000000000000, 0.000000000000000000 ) ) ;
#2281 = ORIENTED_EDGE ( 'NONE', *, *, #2181, .T. ) ;
#2282 = AXIS2_PLACEMENT_3D ( 'NONE', #918, #1659, #398 ) ;
#2283 = DIRECTION ( 'NONE',  ( -0.9335804264972065170, 0.3583679495452880004, 0.000000000000000000 ) ) ;
#2284 = AXIS2_PLACEMENT_3D ( 'NONE', #1743, #311, #488 ) ;
#2285 = ORIENTED_EDGE ( 'NONE', *, *, #2165, .T. ) ;
#2286 = TOROIDAL_SURFACE ( 'NONE', #1234, 2.000000000000001776, 1.000000000000000000 ) ;
#2287 = CARTESIAN_POINT ( 'NONE',  ( -69.50000000000000000, 0.000000000000000000, 11.50000000000000000 ) ) ;
#2288 = FACE_OUTER_BOUND ( 'NONE', #2160, .T. ) ;
#2289 = EDGE_CURVE ( 'NONE', #2232, #166, #919, .T. ) ;
#2290 = VERTEX_POINT ( 'NONE', #1022 ) ;
#2291 = CARTESIAN_POINT ( 'NONE',  ( 90.00000000000001421, 3.122849337825751327E-14, 7.500000000000000000 ) ) ;
#2292 = ADVANCED_FACE ( 'NONE', ( #1814 ), #1683, .T. ) ;
#2293 = DIRECTION ( 'NONE',  ( -0.2588190451025219607, 0.9659258262890678681, 0.000000000000000000 ) ) ;
#2294 = CARTESIAN_POINT ( 'NONE',  ( 29.92647058823589745, 1013.504763855667306, 4.999999999999997335 ) ) ;
#2295 = ORIENTED_EDGE ( 'NONE', *, *, #737, .T. ) ;
#2296 = DIRECTION ( 'NONE',  ( 1.000000000000000000, 1.445602896647338088E-14, 0.000000000000000000 ) ) ;
#2297 = ORIENTED_EDGE ( 'NONE', *, *, #246, .T. ) ;
#2298 = SECURITY_CLASSIFICATION ( '', '', #787 ) ;
#2299 = DIRECTION ( 'NONE',  ( -1.000000000000000000, 0.000000000000000000, -0.000000000000000000 ) ) ;
#2300 = DATE_AND_TIME ( #2325, #2057 ) ;
#2301 = CARTESIAN_POINT ( 'NONE',  ( -91.73681620105990930, -15.06204858155547299, 11.50000000000000000 ) ) ;
#2302 = AXIS2_PLACEMENT_3D ( 'NONE', #1392, #2154, #330 ) ;
#2303 = CIRCLE ( 'NONE', #1458, 5.000000000000004441 ) ;
#2304 = CARTESIAN_POINT ( 'NONE',  ( -80.00000000000000000, 0.000000000000000000, -7.500000000000000000 ) ) ;
#2305 = EDGE_CURVE ( 'NONE', #2195, #967, #2179, .T. ) ;
#2306 = DIRECTION ( 'NONE',  ( -0.000000000000000000, 0.000000000000000000, 1.000000000000000000 ) ) ;
#2307 = VERTEX_POINT ( 'NONE', #1643 ) ;
#2308 = ADVANCED_FACE ( 'NONE', ( #132 ), #2013, .T. ) ;
#2309 = AXIS2_PLACEMENT_3D ( 'NONE', #302, #372, #1375 ) ;
#2310 = CARTESIAN_POINT ( 'NONE',  ( -85.00000000000000000, 0.000000000000000000, 12.50000000000000000 ) ) ;
#2311 = ORIENTED_EDGE ( 'NONE', *, *, #1691, .F. ) ;
#2312 = CARTESIAN_POINT ( 'NONE',  ( -80.52039162155311658, 15.37077333806178814, 12.36994125422456214 ) ) ;
#2313 = EDGE_LOOP ( 'NONE', ( #415, #1125, #520, #2285, #77 ) ) ;
#2314 = DESIGN_CONTEXT ( 'detailed design', #470, 'design' ) ;
#2315 = DIRECTION ( 'NONE',  ( -0.000000000000000000, 0.000000000000000000, 1.000000000000000000 ) ) ;
#2316 = CIRCLE ( 'NONE', #746, 2.000000000000001776 ) ;
#2317 = DIRECTION ( 'NONE',  ( -0.000000000000000000, -0.000000000000000000, -1.000000000000000000 ) ) ;
#2318 = PLANE ( 'NONE',  #1341 ) ;
#2319 = ORIENTED_EDGE ( 'NONE', *, *, #1481, .T. ) ;
#2320 = DIRECTION ( 'NONE',  ( 1.000000000000000000, 0.000000000000000000, 0.000000000000000000 ) ) ;
#2321 = ORIENTED_EDGE ( 'NONE', *, *, #1057, .T. ) ;
#2322 = ADVANCED_FACE ( 'NONE', ( #1093 ), #1630, .T. ) ;
#2323 = CARTESIAN_POINT ( 'NONE',  ( -79.51571579000284373, -14.92660642316945996, 12.42226429100454865 ) ) ;
#2324 = CLOSED_SHELL ( 'NONE', ( #2077, #977, #815, #662, #1873, #2137, #1006, #1035, #1460, #806, #135, #2030, #9, #402, #975, #601, #1829, #2149, #169, #2156, #1650, #2351, #2322, #1174, #1910, #1263, #1896, #310, #95, #2167, #525, #2340, #258, #1576, #706, #1360, #341, #527, #2308, #151, #877, #1378, #957, #1214, #392, #891, #674, #949, #247, #486, #834, #1608, #442, #40, #460, #1465, #2151, #1924, #1362, #1050, #143, #1956, #585, #1798, #644, #1267, #1693, #2292, #982, #1742, #1667, #202, #1707, #1020, #753, #384, #1382 ) ) ;
#2325 = CALENDAR_DATE ( 2026, 12, 8 ) ;
#2326 = ORIENTED_EDGE ( 'NONE', *, *, #542, .F. ) ;
#2327 = FACE_OUTER_BOUND ( 'NONE', #640, .T. ) ;
#2328 = CARTESIAN_POINT ( 'NONE',  ( -101.5000000000000000, 0.000000000000000000, 11.50000000000000000 ) ) ;
#2329 = CARTESIAN_POINT ( 'NONE',  ( -68.99725073925607433, 0.4894694393740037230, 12.36994125422456925 ) ) ;
#2330 = EDGE_LOOP ( 'NONE', ( #175, #684, #71, #1549 ) ) ;
#2331 = FACE_OUTER_BOUND ( 'NONE', #142, .T. ) ;
#2332 = VERTEX_POINT ( 'NONE', #2304 ) ;
#2333 = CARTESIAN_POINT ( 'NONE',  ( -79.85204095063495799, -15.63012410256880358, 11.83148599391332922 ) ) ;
#2334 = DIRECTION ( 'NONE',  ( 1.000000000000000000, 0.000000000000000000, 0.000000000000000000 ) ) ;
#2335 = EDGE_CURVE ( 'NONE', #792, #1422, #425, .T. ) ;
#2336 = ORIENTED_EDGE ( 'NONE', *, *, #2184, .F. ) ;
#2337 = ORIENTED_EDGE ( 'NONE', *, *, #2335, .F. ) ;
#2338 = CARTESIAN_POINT ( 'NONE',  ( -70.93653537048939484, 7.422919821337117696, 12.42226674930540398 ) ) ;
#2339 = CARTESIAN_POINT ( 'NONE',  ( 0.7782335887233796656, 14.84958148141508083, 7.500000000000000888 ) ) ;
#2340 = ADVANCED_FACE ( 'NONE', ( #479 ), #10, .T. ) ;
#2341 = VECTOR ( 'NONE', #697, 1000.000000000000000 ) ;
#2342 = ORIENTED_EDGE ( 'NONE', *, *, #1886, .T. ) ;
#2343 = AXIS2_PLACEMENT_3D ( 'NONE', #575, #1276, #1300 ) ;
#2344 = CARTESIAN_POINT ( 'NONE',  ( -103.4893352933840021, 5.740566363549769235, 7.500000000000000888 ) ) ;
#2345 = AXIS2_PLACEMENT_3D ( 'NONE', #1319, #2093, #249 ) ;
#2346 = ORIENTED_EDGE ( 'NONE', *, *, #313, .T. ) ;
#2347 = CARTESIAN_POINT ( 'NONE',  ( -12.72058823529426341, 423.8816894310817247, 4.999999999999997335 ) ) ;
#2348 = LINE ( 'NONE', #723, #1736 ) ;
#2349 = VERTEX_POINT ( 'NONE', #1204 ) ;
#2350 = VERTEX_POINT ( 'NONE', #121 ) ;
#2351 = ADVANCED_FACE ( 'NONE', ( #742 ), #847, .F. ) ;
#2352 = CARTESIAN_POINT ( 'NONE',  ( 100.0000000000000000, 3.122849337825751327E-14, -5.000000000000330402 ) ) ;
#2353 = EDGE_CURVE ( 'NONE', #194, #459, #619, .T. ) ;
#2354 = DIRECTION ( 'NONE',  ( -1.000000000000000000, 0.000000000000000000, 0.000000000000000000 ) ) ;
#2355 = EDGE_CURVE ( 'NONE', #1062, #231, #1764, .T. ) ;
#2356 = VERTEX_POINT ( 'NONE', #2328 ) ;
#2357 = CIRCLE ( 'NONE', #287, 15.00000000000000000 ) ;
#2358 = CARTESIAN_POINT ( 'NONE',  ( -96.52821598345779819, -14.23616113789375603, 12.50000000000000000 ) ) ;
#2359 = VECTOR ( 'NONE', #1148, 1000.000000000000227 ) ;
#2360 = ORIENTED_EDGE ( 'NONE', *, *, #513, .F. ) ;
#2361 = CARTESIAN_POINT ( 'NONE',  ( 85.00000000000000000, 3.122849337825751327E-14, -2.500000000000000444 ) ) ;
#2362 = FACE_OUTER_BOUND ( 'NONE', #1038, .T. ) ;
#2363 = VERTEX_POINT ( 'NONE', #681 ) ;
#2364 = VERTEX_POINT ( 'NONE', #1400 ) ;
#2365 = CIRCLE ( 'NONE', #1124, 1.000000000000001110 ) ;
#2366 = DIRECTION ( 'NONE',  ( -0.000000000000000000, 0.000000000000000000, 1.000000000000000000 ) ) ;
#2367 = EDGE_CURVE ( 'NONE', #299, #2349, #2139, .T. ) ;
#2368 = LINE ( 'NONE', #1083, #942 ) ;
#2369 = CONICAL_SURFACE ( 'NONE', #225, 17.49999999999994671, 0.7853981633974573828 ) ;
#2370 = EDGE_CURVE ( 'NONE', #353, #207, #1252, .T. ) ;
#2371 = EDGE_CURVE ( 'NONE', #532, #367, #239, .T. ) ;
#2372 = CARTESIAN_POINT ( 'NONE',  ( -85.00000000000000000, 0.000000000000000000, 12.50000000000000000 ) ) ;
#2373 = CARTESIAN_POINT ( 'NONE',  ( -73.41603378125691393, -15.51197435559140914, 7.500000000000000888 ) ) ;
#2374 = ORIENTED_EDGE ( 'NONE', *, *, #2244, .T. ) ;
#2375 = CARTESIAN_POINT ( 'NONE',  ( -79.71805685096521188, -15.33072078570915409, 12.21125264017295997 ) ) ;
ENDSEC;
END-ISO-10303-21;
